x,y,z,block
0,0,0,minecraft:polished_deepslate
1,0,0,minecraft:polished_deepslate
2,0,0,minecraft:polished_deepslate
3,0,0,minecraft:polished_deepslate
4,0,0,minecraft:polished_deepslate
5,0,0,minecraft:polished_deepslate
6,0,0,minecraft:polished_deepslate
7,0,0,minecraft:polished_deepslate
8,0,0,minecraft:polished_deepslate
9,0,0,minecraft:polished_deepslate
10,0,0,minecraft:polished_deepslate
11,0,0,minecraft:polished_deepslate
12,0,0,minecraft:polished_deepslate
13,0,0,minecraft:polished_deepslate
14,0,0,minecraft:polished_deepslate
15,0,0,minecraft:polished_deepslate
16,0,0,minecraft:polished_deepslate
17,0,0,minecraft:polished_deepslate
18,0,0,minecraft:polished_deepslate
19,0,0,minecraft:polished_deepslate
20,0,0,minecraft:polished_deepslate
21,0,0,minecraft:polished_deepslate
22,0,0,minecraft:polished_deepslate
23,0,0,minecraft:polished_deepslate
24,0,0,minecraft:polished_deepslate
25,0,0,minecraft:polished_deepslate
26,0,0,minecraft:polished_deepslate
27,0,0,minecraft:polished_deepslate
28,0,0,minecraft:polished_deepslate
29,0,0,minecraft:polished_deepslate
30,0,0,minecraft:polished_deepslate
0,0,1,minecraft:polished_deepslate
1,0,1,minecraft:polished_deepslate
2,0,1,minecraft:polished_deepslate
3,0,1,minecraft:polished_deepslate
4,0,1,minecraft:polished_deepslate
5,0,1,minecraft:polished_deepslate
6,0,1,minecraft:polished_deepslate
7,0,1,minecraft:polished_deepslate
8,0,1,minecraft:polished_deepslate
9,0,1,minecraft:polished_deepslate
10,0,1,minecraft:polished_deepslate
11,0,1,minecraft:polished_deepslate
12,0,1,minecraft:polished_deepslate
13,0,1,minecraft:polished_deepslate
14,0,1,minecraft:polished_deepslate
15,0,1,minecraft:polished_deepslate
16,0,1,minecraft:polished_deepslate
17,0,1,minecraft:polished_deepslate
18,0,1,minecraft:polished_deepslate
19,0,1,minecraft:polished_deepslate
20,0,1,minecraft:polished_deepslate
21,0,1,minecraft:polished_deepslate
22,0,1,minecraft:polished_deepslate
23,0,1,minecraft:polished_deepslate
24,0,1,minecraft:polished_deepslate
25,0,1,minecraft:polished_deepslate
26,0,1,minecraft:polished_deepslate
27,0,1,minecraft:polished_deepslate
28,0,1,minecraft:polished_deepslate
29,0,1,minecraft:polished_deepslate
30,0,1,minecraft:polished_deepslate
0,0,2,minecraft:polished_deepslate
1,0,2,minecraft:polished_deepslate
2,0,2,minecraft:polished_deepslate
3,0,2,minecraft:polished_deepslate
4,0,2,minecraft:polished_deepslate
5,0,2,minecraft:polished_deepslate
6,0,2,minecraft:polished_deepslate
7,0,2,minecraft:polished_deepslate
8,0,2,minecraft:polished_deepslate
9,0,2,minecraft:polished_deepslate
10,0,2,minecraft:polished_deepslate
11,0,2,minecraft:polished_deepslate
12,0,2,minecraft:polished_deepslate
13,0,2,minecraft:polished_deepslate
14,0,2,minecraft:polished_deepslate
15,0,2,minecraft:polished_deepslate
16,0,2,minecraft:polished_deepslate
17,0,2,minecraft:polished_deepslate
18,0,2,minecraft:polished_deepslate
19,0,2,minecraft:polished_deepslate
20,0,2,minecraft:polished_deepslate
21,0,2,minecraft:polished_deepslate
22,0,2,minecraft:polished_deepslate
23,0,2,minecraft:polished_deepslate
24,0,2,minecraft:polished_deepslate
25,0,2,minecraft:polished_deepslate
26,0,2,minecraft:polished_deepslate
27,0,2,minecraft:polished_deepslate
28,0,2,minecraft:polished_deepslate
29,0,2,minecraft:polished_deepslate
30,0,2,minecraft:polished_deepslate
0,0,3,minecraft:polished_deepslate
1,0,3,minecraft:polished_deepslate
2,0,3,minecraft:polished_deepslate
3,0,3,minecraft:polished_deepslate
4,0,3,minecraft:polished_deepslate
5,0,3,minecraft:polished_deepslate
6,0,3,minecraft:polished_deepslate
7,0,3,minecraft:polished_deepslate
8,0,3,minecraft:polished_deepslate
9,0,3,minecraft:polished_deepslate
10,0,3,minecraft:polished_deepslate
11,0,3,minecraft:polished_deepslate
12,0,3,minecraft:polished_deepslate
13,0,3,minecraft:polished_deepslate
14,0,3,minecraft:polished_deepslate
15,0,3,minecraft:polished_deepslate
16,0,3,minecraft:polished_deepslate
17,0,3,minecraft:polished_deepslate
18,0,3,minecraft:polished_deepslate
19,0,3,minecraft:polished_deepslate
20,0,3,minecraft:polished_deepslate
21,0,3,minecraft:polished_deepslate
22,0,3,minecraft:polished_deepslate
23,0,3,minecraft:polished_deepslate
24,0,3,minecraft:polished_deepslate
25,0,3,minecraft:polished_deepslate
26,0,3,minecraft:polished_deepslate
27,0,3,minecraft:polished_deepslate
28,0,3,minecraft:polished_deepslate
29,0,3,minecraft:polished_deepslate
30,0,3,minecraft:polished_deepslate
0,0,4,minecraft:polished_deepslate
1,0,4,minecraft:polished_deepslate
2,0,4,minecraft:polished_deepslate
3,0,4,minecraft:polished_deepslate
4,0,4,minecraft:polished_deepslate
5,0,4,minecraft:polished_deepslate
6,0,4,minecraft:polished_deepslate
7,0,4,minecraft:polished_deepslate
8,0,4,minecraft:polished_deepslate
9,0,4,minecraft:polished_deepslate
10,0,4,minecraft:polished_deepslate
11,0,4,minecraft:polished_deepslate
12,0,4,minecraft:polished_deepslate
13,0,4,minecraft:polished_deepslate
14,0,4,minecraft:polished_deepslate
15,0,4,minecraft:polished_deepslate
16,0,4,minecraft:polished_deepslate
17,0,4,minecraft:polished_deepslate
18,0,4,minecraft:polished_deepslate
19,0,4,minecraft:polished_deepslate
20,0,4,minecraft:polished_deepslate
21,0,4,minecraft:polished_deepslate
22,0,4,minecraft:polished_deepslate
23,0,4,minecraft:polished_deepslate
24,0,4,minecraft:polished_deepslate
25,0,4,minecraft:polished_deepslate
26,0,4,minecraft:polished_deepslate
27,0,4,minecraft:polished_deepslate
28,0,4,minecraft:polished_deepslate
29,0,4,minecraft:polished_deepslate
30,0,4,minecraft:polished_deepslate
0,0,5,minecraft:polished_deepslate
1,0,5,minecraft:polished_deepslate
2,0,5,minecraft:polished_deepslate
3,0,5,minecraft:polished_deepslate
4,0,5,minecraft:polished_deepslate
5,0,5,minecraft:polished_deepslate
6,0,5,minecraft:polished_deepslate
7,0,5,minecraft:polished_deepslate
8,0,5,minecraft:polished_deepslate
9,0,5,minecraft:polished_deepslate
10,0,5,minecraft:polished_deepslate
11,0,5,minecraft:polished_deepslate
12,0,5,minecraft:polished_deepslate
13,0,5,minecraft:polished_deepslate
14,0,5,minecraft:polished_deepslate
15,0,5,minecraft:polished_deepslate
16,0,5,minecraft:polished_deepslate
17,0,5,minecraft:polished_deepslate
18,0,5,minecraft:polished_deepslate
19,0,5,minecraft:polished_deepslate
20,0,5,minecraft:polished_deepslate
21,0,5,minecraft:polished_deepslate
22,0,5,minecraft:polished_deepslate
23,0,5,minecraft:polished_deepslate
24,0,5,minecraft:polished_deepslate
25,0,5,minecraft:polished_deepslate
26,0,5,minecraft:polished_deepslate
27,0,5,minecraft:polished_deepslate
28,0,5,minecraft:polished_deepslate
29,0,5,minecraft:polished_deepslate
30,0,5,minecraft:polished_deepslate
0,0,6,minecraft:polished_deepslate
1,0,6,minecraft:polished_deepslate
2,0,6,minecraft:polished_deepslate
3,0,6,minecraft:polished_deepslate
4,0,6,minecraft:polished_deepslate
5,0,6,minecraft:polished_deepslate
6,0,6,minecraft:polished_deepslate
7,0,6,minecraft:polished_deepslate
8,0,6,minecraft:polished_deepslate
9,0,6,minecraft:polished_deepslate
10,0,6,minecraft:polished_deepslate
11,0,6,minecraft:polished_deepslate
12,0,6,minecraft:polished_deepslate
13,0,6,minecraft:polished_deepslate
14,0,6,minecraft:polished_deepslate
15,0,6,minecraft:polished_deepslate
16,0,6,minecraft:polished_deepslate
17,0,6,minecraft:polished_deepslate
18,0,6,minecraft:polished_deepslate
19,0,6,minecraft:polished_deepslate
20,0,6,minecraft:polished_deepslate
21,0,6,minecraft:polished_deepslate
22,0,6,minecraft:polished_deepslate
23,0,6,minecraft:polished_deepslate
24,0,6,minecraft:polished_deepslate
25,0,6,minecraft:polished_deepslate
26,0,6,minecraft:polished_deepslate
27,0,6,minecraft:polished_deepslate
28,0,6,minecraft:polished_deepslate
29,0,6,minecraft:polished_deepslate
30,0,6,minecraft:polished_deepslate
0,0,7,minecraft:polished_deepslate
1,0,7,minecraft:polished_deepslate
2,0,7,minecraft:polished_deepslate
3,0,7,minecraft:polished_deepslate
4,0,7,minecraft:polished_deepslate
5,0,7,minecraft:polished_deepslate
6,0,7,minecraft:polished_deepslate
7,0,7,minecraft:polished_deepslate
8,0,7,minecraft:polished_deepslate
9,0,7,minecraft:polished_deepslate
10,0,7,minecraft:polished_deepslate
11,0,7,minecraft:polished_deepslate
12,0,7,minecraft:polished_deepslate
13,0,7,minecraft:polished_deepslate
14,0,7,minecraft:polished_deepslate
15,0,7,minecraft:polished_deepslate
16,0,7,minecraft:polished_deepslate
17,0,7,minecraft:polished_deepslate
18,0,7,minecraft:polished_deepslate
19,0,7,minecraft:polished_deepslate
20,0,7,minecraft:polished_deepslate
21,0,7,minecraft:polished_deepslate
22,0,7,minecraft:polished_deepslate
23,0,7,minecraft:polished_deepslate
24,0,7,minecraft:polished_deepslate
25,0,7,minecraft:polished_deepslate
26,0,7,minecraft:polished_deepslate
27,0,7,minecraft:polished_deepslate
28,0,7,minecraft:polished_deepslate
29,0,7,minecraft:polished_deepslate
30,0,7,minecraft:polished_deepslate
0,0,8,minecraft:polished_deepslate
1,0,8,minecraft:polished_deepslate
2,0,8,minecraft:polished_deepslate
3,0,8,minecraft:polished_deepslate
4,0,8,minecraft:polished_deepslate
5,0,8,minecraft:polished_deepslate
6,0,8,minecraft:polished_deepslate
7,0,8,minecraft:polished_deepslate
8,0,8,minecraft:polished_deepslate
9,0,8,minecraft:polished_deepslate
10,0,8,minecraft:polished_deepslate
11,0,8,minecraft:polished_deepslate
12,0,8,minecraft:polished_deepslate
13,0,8,minecraft:polished_deepslate
14,0,8,minecraft:polished_deepslate
15,0,8,minecraft:polished_deepslate
16,0,8,minecraft:polished_deepslate
17,0,8,minecraft:polished_deepslate
18,0,8,minecraft:polished_deepslate
19,0,8,minecraft:polished_deepslate
20,0,8,minecraft:polished_deepslate
21,0,8,minecraft:polished_deepslate
22,0,8,minecraft:polished_deepslate
23,0,8,minecraft:polished_deepslate
24,0,8,minecraft:polished_deepslate
25,0,8,minecraft:polished_deepslate
26,0,8,minecraft:polished_deepslate
27,0,8,minecraft:polished_deepslate
28,0,8,minecraft:polished_deepslate
29,0,8,minecraft:polished_deepslate
30,0,8,minecraft:polished_deepslate
0,0,9,minecraft:polished_deepslate
1,0,9,minecraft:polished_deepslate
2,0,9,minecraft:polished_deepslate
3,0,9,minecraft:polished_deepslate
4,0,9,minecraft:polished_deepslate
5,0,9,minecraft:polished_deepslate
6,0,9,minecraft:polished_deepslate
7,0,9,minecraft:polished_deepslate
8,0,9,minecraft:polished_deepslate
9,0,9,minecraft:polished_deepslate
10,0,9,minecraft:polished_deepslate
11,0,9,minecraft:polished_deepslate
12,0,9,minecraft:polished_deepslate
13,0,9,minecraft:polished_deepslate
14,0,9,minecraft:polished_deepslate
15,0,9,minecraft:polished_deepslate
16,0,9,minecraft:polished_deepslate
17,0,9,minecraft:polished_deepslate
18,0,9,minecraft:polished_deepslate
19,0,9,minecraft:polished_deepslate
20,0,9,minecraft:polished_deepslate
21,0,9,minecraft:polished_deepslate
22,0,9,minecraft:polished_deepslate
23,0,9,minecraft:polished_deepslate
24,0,9,minecraft:polished_deepslate
25,0,9,minecraft:polished_deepslate
26,0,9,minecraft:polished_deepslate
27,0,9,minecraft:polished_deepslate
28,0,9,minecraft:polished_deepslate
29,0,9,minecraft:polished_deepslate
30,0,9,minecraft:polished_deepslate
0,0,10,minecraft:polished_deepslate
1,0,10,minecraft:polished_deepslate
2,0,10,minecraft:polished_deepslate
3,0,10,minecraft:polished_deepslate
4,0,10,minecraft:polished_deepslate
5,0,10,minecraft:polished_deepslate
6,0,10,minecraft:polished_deepslate
7,0,10,minecraft:polished_deepslate
8,0,10,minecraft:polished_deepslate
9,0,10,minecraft:polished_deepslate
10,0,10,minecraft:polished_deepslate
11,0,10,minecraft:polished_deepslate
12,0,10,minecraft:polished_deepslate
13,0,10,minecraft:polished_deepslate
14,0,10,minecraft:polished_deepslate
15,0,10,minecraft:polished_deepslate
16,0,10,minecraft:polished_deepslate
17,0,10,minecraft:polished_deepslate
18,0,10,minecraft:polished_deepslate
19,0,10,minecraft:polished_deepslate
20,0,10,minecraft:polished_deepslate
21,0,10,minecraft:polished_deepslate
22,0,10,minecraft:polished_deepslate
23,0,10,minecraft:polished_deepslate
24,0,10,minecraft:polished_deepslate
25,0,10,minecraft:polished_deepslate
26,0,10,minecraft:polished_deepslate
27,0,10,minecraft:polished_deepslate
28,0,10,minecraft:polished_deepslate
29,0,10,minecraft:polished_deepslate
30,0,10,minecraft:polished_deepslate
0,0,11,minecraft:polished_deepslate
1,0,11,minecraft:polished_deepslate
2,0,11,minecraft:polished_deepslate
3,0,11,minecraft:polished_deepslate
4,0,11,minecraft:polished_deepslate
5,0,11,minecraft:polished_deepslate
6,0,11,minecraft:polished_deepslate
7,0,11,minecraft:polished_deepslate
8,0,11,minecraft:polished_deepslate
9,0,11,minecraft:polished_deepslate
10,0,11,minecraft:polished_deepslate
11,0,11,minecraft:polished_deepslate
12,0,11,minecraft:polished_deepslate
13,0,11,minecraft:polished_deepslate
14,0,11,minecraft:polished_deepslate
15,0,11,minecraft:polished_deepslate
16,0,11,minecraft:polished_deepslate
17,0,11,minecraft:polished_deepslate
18,0,11,minecraft:polished_deepslate
19,0,11,minecraft:polished_deepslate
20,0,11,minecraft:polished_deepslate
21,0,11,minecraft:polished_deepslate
22,0,11,minecraft:polished_deepslate
23,0,11,minecraft:polished_deepslate
24,0,11,minecraft:polished_deepslate
25,0,11,minecraft:polished_deepslate
26,0,11,minecraft:polished_deepslate
27,0,11,minecraft:polished_deepslate
28,0,11,minecraft:polished_deepslate
29,0,11,minecraft:polished_deepslate
30,0,11,minecraft:polished_deepslate
0,0,12,minecraft:polished_deepslate
1,0,12,minecraft:polished_deepslate
2,0,12,minecraft:polished_deepslate
3,0,12,minecraft:polished_deepslate
4,0,12,minecraft:polished_deepslate
5,0,12,minecraft:polished_deepslate
6,0,12,minecraft:polished_deepslate
7,0,12,minecraft:polished_deepslate
8,0,12,minecraft:polished_deepslate
9,0,12,minecraft:polished_deepslate
10,0,12,minecraft:polished_deepslate
11,0,12,minecraft:polished_deepslate
12,0,12,minecraft:polished_deepslate
13,0,12,minecraft:polished_deepslate
14,0,12,minecraft:polished_deepslate
15,0,12,minecraft:polished_deepslate
16,0,12,minecraft:polished_deepslate
17,0,12,minecraft:polished_deepslate
18,0,12,minecraft:polished_deepslate
19,0,12,minecraft:polished_deepslate
20,0,12,minecraft:polished_deepslate
21,0,12,minecraft:polished_deepslate
22,0,12,minecraft:polished_deepslate
23,0,12,minecraft:polished_deepslate
24,0,12,minecraft:polished_deepslate
25,0,12,minecraft:polished_deepslate
26,0,12,minecraft:polished_deepslate
27,0,12,minecraft:polished_deepslate
28,0,12,minecraft:polished_deepslate
29,0,12,minecraft:polished_deepslate
30,0,12,minecraft:polished_deepslate
0,0,13,minecraft:polished_deepslate
1,0,13,minecraft:polished_deepslate
2,0,13,minecraft:polished_deepslate
3,0,13,minecraft:polished_deepslate
4,0,13,minecraft:polished_deepslate
5,0,13,minecraft:polished_deepslate
6,0,13,minecraft:polished_deepslate
7,0,13,minecraft:polished_deepslate
8,0,13,minecraft:polished_deepslate
9,0,13,minecraft:polished_deepslate
10,0,13,minecraft:polished_deepslate
11,0,13,minecraft:polished_deepslate
12,0,13,minecraft:polished_deepslate
13,0,13,minecraft:polished_deepslate
14,0,13,minecraft:polished_deepslate
15,0,13,minecraft:polished_deepslate
16,0,13,minecraft:polished_deepslate
17,0,13,minecraft:polished_deepslate
18,0,13,minecraft:polished_deepslate
19,0,13,minecraft:polished_deepslate
20,0,13,minecraft:polished_deepslate
21,0,13,minecraft:polished_deepslate
22,0,13,minecraft:polished_deepslate
23,0,13,minecraft:polished_deepslate
24,0,13,minecraft:polished_deepslate
25,0,13,minecraft:polished_deepslate
26,0,13,minecraft:polished_deepslate
27,0,13,minecraft:polished_deepslate
28,0,13,minecraft:polished_deepslate
29,0,13,minecraft:polished_deepslate
30,0,13,minecraft:polished_deepslate
0,0,14,minecraft:polished_deepslate
1,0,14,minecraft:polished_deepslate
2,0,14,minecraft:polished_deepslate
3,0,14,minecraft:polished_deepslate
4,0,14,minecraft:polished_deepslate
5,0,14,minecraft:polished_deepslate
6,0,14,minecraft:polished_deepslate
7,0,14,minecraft:polished_deepslate
8,0,14,minecraft:polished_deepslate
9,0,14,minecraft:polished_deepslate
10,0,14,minecraft:polished_deepslate
11,0,14,minecraft:polished_deepslate
12,0,14,minecraft:polished_deepslate
13,0,14,minecraft:polished_deepslate
14,0,14,minecraft:polished_deepslate
15,0,14,minecraft:polished_deepslate
16,0,14,minecraft:polished_deepslate
17,0,14,minecraft:polished_deepslate
18,0,14,minecraft:polished_deepslate
19,0,14,minecraft:polished_deepslate
20,0,14,minecraft:polished_deepslate
21,0,14,minecraft:polished_deepslate
22,0,14,minecraft:polished_deepslate
23,0,14,minecraft:polished_deepslate
24,0,14,minecraft:polished_deepslate
25,0,14,minecraft:polished_deepslate
26,0,14,minecraft:polished_deepslate
27,0,14,minecraft:polished_deepslate
28,0,14,minecraft:polished_deepslate
29,0,14,minecraft:polished_deepslate
30,0,14,minecraft:polished_deepslate
0,0,15,minecraft:polished_deepslate
1,0,15,minecraft:polished_deepslate
2,0,15,minecraft:polished_deepslate
3,0,15,minecraft:polished_deepslate
4,0,15,minecraft:polished_deepslate
5,0,15,minecraft:polished_deepslate
6,0,15,minecraft:polished_deepslate
7,0,15,minecraft:polished_deepslate
8,0,15,minecraft:polished_deepslate
9,0,15,minecraft:polished_deepslate
10,0,15,minecraft:polished_deepslate
11,0,15,minecraft:polished_deepslate
12,0,15,minecraft:polished_deepslate
13,0,15,minecraft:polished_deepslate
14,0,15,minecraft:polished_deepslate
15,0,15,minecraft:polished_deepslate
16,0,15,minecraft:polished_deepslate
17,0,15,minecraft:polished_deepslate
18,0,15,minecraft:polished_deepslate
19,0,15,minecraft:polished_deepslate
20,0,15,minecraft:polished_deepslate
21,0,15,minecraft:polished_deepslate
22,0,15,minecraft:polished_deepslate
23,0,15,minecraft:polished_deepslate
24,0,15,minecraft:polished_deepslate
25,0,15,minecraft:polished_deepslate
26,0,15,minecraft:polished_deepslate
27,0,15,minecraft:polished_deepslate
28,0,15,minecraft:polished_deepslate
29,0,15,minecraft:polished_deepslate
30,0,15,minecraft:polished_deepslate
0,0,16,minecraft:polished_deepslate
1,0,16,minecraft:polished_deepslate
2,0,16,minecraft:polished_deepslate
3,0,16,minecraft:polished_deepslate
4,0,16,minecraft:polished_deepslate
5,0,16,minecraft:polished_deepslate
6,0,16,minecraft:polished_deepslate
7,0,16,minecraft:polished_deepslate
8,0,16,minecraft:polished_deepslate
9,0,16,minecraft:polished_deepslate
10,0,16,minecraft:polished_deepslate
11,0,16,minecraft:polished_deepslate
12,0,16,minecraft:polished_deepslate
13,0,16,minecraft:polished_deepslate
14,0,16,minecraft:polished_deepslate
15,0,16,minecraft:polished_deepslate
16,0,16,minecraft:polished_deepslate
17,0,16,minecraft:polished_deepslate
18,0,16,minecraft:polished_deepslate
19,0,16,minecraft:polished_deepslate
20,0,16,minecraft:polished_deepslate
21,0,16,minecraft:polished_deepslate
22,0,16,minecraft:polished_deepslate
23,0,16,minecraft:polished_deepslate
24,0,16,minecraft:polished_deepslate
25,0,16,minecraft:polished_deepslate
26,0,16,minecraft:polished_deepslate
27,0,16,minecraft:polished_deepslate
28,0,16,minecraft:polished_deepslate
29,0,16,minecraft:polished_deepslate
30,0,16,minecraft:polished_deepslate
0,0,17,minecraft:polished_deepslate
1,0,17,minecraft:polished_deepslate
2,0,17,minecraft:polished_deepslate
3,0,17,minecraft:polished_deepslate
4,0,17,minecraft:polished_deepslate
5,0,17,minecraft:polished_deepslate
6,0,17,minecraft:polished_deepslate
7,0,17,minecraft:polished_deepslate
8,0,17,minecraft:polished_deepslate
9,0,17,minecraft:polished_deepslate
10,0,17,minecraft:polished_deepslate
11,0,17,minecraft:polished_deepslate
12,0,17,minecraft:polished_deepslate
13,0,17,minecraft:polished_deepslate
14,0,17,minecraft:polished_deepslate
15,0,17,minecraft:polished_deepslate
16,0,17,minecraft:polished_deepslate
17,0,17,minecraft:polished_deepslate
18,0,17,minecraft:polished_deepslate
19,0,17,minecraft:polished_deepslate
20,0,17,minecraft:polished_deepslate
21,0,17,minecraft:polished_deepslate
22,0,17,minecraft:polished_deepslate
23,0,17,minecraft:polished_deepslate
24,0,17,minecraft:polished_deepslate
25,0,17,minecraft:polished_deepslate
26,0,17,minecraft:polished_deepslate
27,0,17,minecraft:polished_deepslate
28,0,17,minecraft:polished_deepslate
29,0,17,minecraft:polished_deepslate
30,0,17,minecraft:polished_deepslate
0,0,18,minecraft:polished_deepslate
1,0,18,minecraft:polished_deepslate
2,0,18,minecraft:polished_deepslate
3,0,18,minecraft:polished_deepslate
4,0,18,minecraft:polished_deepslate
5,0,18,minecraft:polished_deepslate
6,0,18,minecraft:polished_deepslate
7,0,18,minecraft:polished_deepslate
8,0,18,minecraft:polished_deepslate
9,0,18,minecraft:polished_deepslate
10,0,18,minecraft:polished_deepslate
11,0,18,minecraft:polished_deepslate
12,0,18,minecraft:polished_deepslate
13,0,18,minecraft:polished_deepslate
14,0,18,minecraft:polished_deepslate
15,0,18,minecraft:polished_deepslate
16,0,18,minecraft:polished_deepslate
17,0,18,minecraft:polished_deepslate
18,0,18,minecraft:polished_deepslate
19,0,18,minecraft:polished_deepslate
20,0,18,minecraft:polished_deepslate
21,0,18,minecraft:polished_deepslate
22,0,18,minecraft:polished_deepslate
23,0,18,minecraft:polished_deepslate
24,0,18,minecraft:polished_deepslate
25,0,18,minecraft:polished_deepslate
26,0,18,minecraft:polished_deepslate
27,0,18,minecraft:polished_deepslate
28,0,18,minecraft:polished_deepslate
29,0,18,minecraft:polished_deepslate
30,0,18,minecraft:polished_deepslate
0,0,19,minecraft:polished_deepslate
1,0,19,minecraft:polished_deepslate
2,0,19,minecraft:polished_deepslate
3,0,19,minecraft:polished_deepslate
4,0,19,minecraft:polished_deepslate
5,0,19,minecraft:polished_deepslate
6,0,19,minecraft:polished_deepslate
7,0,19,minecraft:polished_deepslate
8,0,19,minecraft:polished_deepslate
9,0,19,minecraft:polished_deepslate
10,0,19,minecraft:polished_deepslate
11,0,19,minecraft:polished_deepslate
12,0,19,minecraft:polished_deepslate
13,0,19,minecraft:polished_deepslate
14,0,19,minecraft:polished_deepslate
15,0,19,minecraft:polished_deepslate
16,0,19,minecraft:polished_deepslate
17,0,19,minecraft:polished_deepslate
18,0,19,minecraft:polished_deepslate
19,0,19,minecraft:polished_deepslate
20,0,19,minecraft:polished_deepslate
21,0,19,minecraft:polished_deepslate
22,0,19,minecraft:polished_deepslate
23,0,19,minecraft:polished_deepslate
24,0,19,minecraft:polished_deepslate
25,0,19,minecraft:polished_deepslate
26,0,19,minecraft:polished_deepslate
27,0,19,minecraft:polished_deepslate
28,0,19,minecraft:polished_deepslate
29,0,19,minecraft:polished_deepslate
30,0,19,minecraft:polished_deepslate
0,0,20,minecraft:polished_deepslate
1,0,20,minecraft:polished_deepslate
2,0,20,minecraft:polished_deepslate
3,0,20,minecraft:polished_deepslate
4,0,20,minecraft:polished_deepslate
5,0,20,minecraft:polished_deepslate
6,0,20,minecraft:polished_deepslate
7,0,20,minecraft:polished_deepslate
8,0,20,minecraft:polished_deepslate
9,0,20,minecraft:polished_deepslate
10,0,20,minecraft:polished_deepslate
11,0,20,minecraft:polished_deepslate
12,0,20,minecraft:polished_deepslate
13,0,20,minecraft:polished_deepslate
14,0,20,minecraft:polished_deepslate
15,0,20,minecraft:polished_deepslate
16,0,20,minecraft:polished_deepslate
17,0,20,minecraft:polished_deepslate
18,0,20,minecraft:polished_deepslate
19,0,20,minecraft:polished_deepslate
20,0,20,minecraft:polished_deepslate
21,0,20,minecraft:polished_deepslate
22,0,20,minecraft:polished_deepslate
23,0,20,minecraft:polished_deepslate
24,0,20,minecraft:polished_deepslate
25,0,20,minecraft:polished_deepslate
26,0,20,minecraft:polished_deepslate
27,0,20,minecraft:polished_deepslate
28,0,20,minecraft:polished_deepslate
29,0,20,minecraft:polished_deepslate
30,0,20,minecraft:polished_deepslate
0,0,21,minecraft:polished_deepslate
1,0,21,minecraft:polished_deepslate
2,0,21,minecraft:polished_deepslate
3,0,21,minecraft:polished_deepslate
4,0,21,minecraft:polished_deepslate
5,0,21,minecraft:polished_deepslate
6,0,21,minecraft:polished_deepslate
7,0,21,minecraft:polished_deepslate
8,0,21,minecraft:polished_deepslate
9,0,21,minecraft:polished_deepslate
10,0,21,minecraft:polished_deepslate
11,0,21,minecraft:polished_deepslate
12,0,21,minecraft:polished_deepslate
13,0,21,minecraft:polished_deepslate
14,0,21,minecraft:polished_deepslate
15,0,21,minecraft:polished_deepslate
16,0,21,minecraft:polished_deepslate
17,0,21,minecraft:polished_deepslate
18,0,21,minecraft:polished_deepslate
19,0,21,minecraft:polished_deepslate
20,0,21,minecraft:polished_deepslate
21,0,21,minecraft:polished_deepslate
22,0,21,minecraft:polished_deepslate
23,0,21,minecraft:polished_deepslate
24,0,21,minecraft:polished_deepslate
25,0,21,minecraft:polished_deepslate
26,0,21,minecraft:polished_deepslate
27,0,21,minecraft:polished_deepslate
28,0,21,minecraft:polished_deepslate
29,0,21,minecraft:polished_deepslate
30,0,21,minecraft:polished_deepslate
0,0,22,minecraft:polished_deepslate
1,0,22,minecraft:polished_deepslate
2,0,22,minecraft:polished_deepslate
3,0,22,minecraft:polished_deepslate
4,0,22,minecraft:polished_deepslate
5,0,22,minecraft:polished_deepslate
6,0,22,minecraft:polished_deepslate
7,0,22,minecraft:polished_deepslate
8,0,22,minecraft:polished_deepslate
9,0,22,minecraft:polished_deepslate
10,0,22,minecraft:polished_deepslate
11,0,22,minecraft:polished_deepslate
12,0,22,minecraft:polished_deepslate
13,0,22,minecraft:polished_deepslate
14,0,22,minecraft:polished_deepslate
15,0,22,minecraft:polished_deepslate
16,0,22,minecraft:polished_deepslate
17,0,22,minecraft:polished_deepslate
18,0,22,minecraft:polished_deepslate
19,0,22,minecraft:polished_deepslate
20,0,22,minecraft:polished_deepslate
21,0,22,minecraft:polished_deepslate
22,0,22,minecraft:polished_deepslate
23,0,22,minecraft:polished_deepslate
24,0,22,minecraft:polished_deepslate
25,0,22,minecraft:polished_deepslate
26,0,22,minecraft:polished_deepslate
27,0,22,minecraft:polished_deepslate
28,0,22,minecraft:polished_deepslate
29,0,22,minecraft:polished_deepslate
30,0,22,minecraft:polished_deepslate
0,0,23,minecraft:polished_deepslate
1,0,23,minecraft:polished_deepslate
2,0,23,minecraft:polished_deepslate
3,0,23,minecraft:polished_deepslate
4,0,23,minecraft:polished_deepslate
5,0,23,minecraft:polished_deepslate
6,0,23,minecraft:polished_deepslate
7,0,23,minecraft:polished_deepslate
8,0,23,minecraft:polished_deepslate
9,0,23,minecraft:polished_deepslate
10,0,23,minecraft:polished_deepslate
11,0,23,minecraft:polished_deepslate
12,0,23,minecraft:polished_deepslate
13,0,23,minecraft:polished_deepslate
14,0,23,minecraft:polished_deepslate
15,0,23,minecraft:polished_deepslate
16,0,23,minecraft:polished_deepslate
17,0,23,minecraft:polished_deepslate
18,0,23,minecraft:polished_deepslate
19,0,23,minecraft:polished_deepslate
20,0,23,minecraft:polished_deepslate
21,0,23,minecraft:polished_deepslate
22,0,23,minecraft:polished_deepslate
23,0,23,minecraft:polished_deepslate
24,0,23,minecraft:polished_deepslate
25,0,23,minecraft:polished_deepslate
26,0,23,minecraft:polished_deepslate
27,0,23,minecraft:polished_deepslate
28,0,23,minecraft:polished_deepslate
29,0,23,minecraft:polished_deepslate
30,0,23,minecraft:polished_deepslate
0,0,24,minecraft:polished_deepslate
1,0,24,minecraft:polished_deepslate
2,0,24,minecraft:polished_deepslate
3,0,24,minecraft:polished_deepslate
4,0,24,minecraft:polished_deepslate
5,0,24,minecraft:polished_deepslate
6,0,24,minecraft:polished_deepslate
7,0,24,minecraft:polished_deepslate
8,0,24,minecraft:polished_deepslate
9,0,24,minecraft:polished_deepslate
10,0,24,minecraft:polished_deepslate
11,0,24,minecraft:polished_deepslate
12,0,24,minecraft:polished_deepslate
13,0,24,minecraft:polished_deepslate
14,0,24,minecraft:polished_deepslate
15,0,24,minecraft:polished_deepslate
16,0,24,minecraft:polished_deepslate
17,0,24,minecraft:polished_deepslate
18,0,24,minecraft:polished_deepslate
19,0,24,minecraft:polished_deepslate
20,0,24,minecraft:polished_deepslate
21,0,24,minecraft:polished_deepslate
22,0,24,minecraft:polished_deepslate
23,0,24,minecraft:polished_deepslate
24,0,24,minecraft:polished_deepslate
25,0,24,minecraft:polished_deepslate
26,0,24,minecraft:polished_deepslate
27,0,24,minecraft:polished_deepslate
28,0,24,minecraft:polished_deepslate
29,0,24,minecraft:polished_deepslate
30,0,24,minecraft:polished_deepslate
0,0,25,minecraft:polished_deepslate
1,0,25,minecraft:polished_deepslate
2,0,25,minecraft:polished_deepslate
3,0,25,minecraft:polished_deepslate
4,0,25,minecraft:polished_deepslate
5,0,25,minecraft:polished_deepslate
6,0,25,minecraft:polished_deepslate
7,0,25,minecraft:polished_deepslate
8,0,25,minecraft:polished_deepslate
9,0,25,minecraft:polished_deepslate
10,0,25,minecraft:polished_deepslate
11,0,25,minecraft:polished_deepslate
12,0,25,minecraft:polished_deepslate
13,0,25,minecraft:polished_deepslate
14,0,25,minecraft:polished_deepslate
15,0,25,minecraft:polished_deepslate
16,0,25,minecraft:polished_deepslate
17,0,25,minecraft:polished_deepslate
18,0,25,minecraft:polished_deepslate
19,0,25,minecraft:polished_deepslate
20,0,25,minecraft:polished_deepslate
21,0,25,minecraft:polished_deepslate
22,0,25,minecraft:polished_deepslate
23,0,25,minecraft:polished_deepslate
24,0,25,minecraft:polished_deepslate
25,0,25,minecraft:polished_deepslate
26,0,25,minecraft:polished_deepslate
27,0,25,minecraft:polished_deepslate
28,0,25,minecraft:polished_deepslate
29,0,25,minecraft:polished_deepslate
30,0,25,minecraft:polished_deepslate
0,0,26,minecraft:polished_deepslate
1,0,26,minecraft:polished_deepslate
2,0,26,minecraft:polished_deepslate
3,0,26,minecraft:polished_deepslate
4,0,26,minecraft:polished_deepslate
5,0,26,minecraft:polished_deepslate
6,0,26,minecraft:polished_deepslate
7,0,26,minecraft:polished_deepslate
8,0,26,minecraft:polished_deepslate
9,0,26,minecraft:polished_deepslate
10,0,26,minecraft:polished_deepslate
11,0,26,minecraft:polished_deepslate
12,0,26,minecraft:polished_deepslate
13,0,26,minecraft:polished_deepslate
14,0,26,minecraft:polished_deepslate
15,0,26,minecraft:polished_deepslate
16,0,26,minecraft:polished_deepslate
17,0,26,minecraft:polished_deepslate
18,0,26,minecraft:polished_deepslate
19,0,26,minecraft:polished_deepslate
20,0,26,minecraft:polished_deepslate
21,0,26,minecraft:polished_deepslate
22,0,26,minecraft:polished_deepslate
23,0,26,minecraft:polished_deepslate
24,0,26,minecraft:polished_deepslate
25,0,26,minecraft:polished_deepslate
26,0,26,minecraft:polished_deepslate
27,0,26,minecraft:polished_deepslate
28,0,26,minecraft:polished_deepslate
29,0,26,minecraft:polished_deepslate
30,0,26,minecraft:polished_deepslate
0,0,27,minecraft:polished_deepslate
1,0,27,minecraft:polished_deepslate
2,0,27,minecraft:polished_deepslate
3,0,27,minecraft:polished_deepslate
4,0,27,minecraft:polished_deepslate
5,0,27,minecraft:polished_deepslate
6,0,27,minecraft:polished_deepslate
7,0,27,minecraft:polished_deepslate
8,0,27,minecraft:polished_deepslate
9,0,27,minecraft:polished_deepslate
10,0,27,minecraft:polished_deepslate
11,0,27,minecraft:polished_deepslate
12,0,27,minecraft:polished_deepslate
13,0,27,minecraft:polished_deepslate
14,0,27,minecraft:polished_deepslate
15,0,27,minecraft:polished_deepslate
16,0,27,minecraft:polished_deepslate
17,0,27,minecraft:polished_deepslate
18,0,27,minecraft:polished_deepslate
19,0,27,minecraft:polished_deepslate
20,0,27,minecraft:polished_deepslate
21,0,27,minecraft:polished_deepslate
22,0,27,minecraft:polished_deepslate
23,0,27,minecraft:polished_deepslate
24,0,27,minecraft:polished_deepslate
25,0,27,minecraft:polished_deepslate
26,0,27,minecraft:polished_deepslate
27,0,27,minecraft:polished_deepslate
28,0,27,minecraft:polished_deepslate
29,0,27,minecraft:polished_deepslate
30,0,27,minecraft:polished_deepslate
0,0,28,minecraft:polished_deepslate
1,0,28,minecraft:polished_deepslate
2,0,28,minecraft:polished_deepslate
3,0,28,minecraft:polished_deepslate
4,0,28,minecraft:polished_deepslate
5,0,28,minecraft:polished_deepslate
6,0,28,minecraft:polished_deepslate
7,0,28,minecraft:polished_deepslate
8,0,28,minecraft:polished_deepslate
9,0,28,minecraft:polished_deepslate
10,0,28,minecraft:polished_deepslate
11,0,28,minecraft:polished_deepslate
12,0,28,minecraft:polished_deepslate
13,0,28,minecraft:polished_deepslate
14,0,28,minecraft:polished_deepslate
15,0,28,minecraft:polished_deepslate
16,0,28,minecraft:polished_deepslate
17,0,28,minecraft:polished_deepslate
18,0,28,minecraft:polished_deepslate
19,0,28,minecraft:polished_deepslate
20,0,28,minecraft:polished_deepslate
21,0,28,minecraft:polished_deepslate
22,0,28,minecraft:polished_deepslate
23,0,28,minecraft:polished_deepslate
24,0,28,minecraft:polished_deepslate
25,0,28,minecraft:polished_deepslate
26,0,28,minecraft:polished_deepslate
27,0,28,minecraft:polished_deepslate
28,0,28,minecraft:polished_deepslate
29,0,28,minecraft:polished_deepslate
30,0,28,minecraft:polished_deepslate
0,0,29,minecraft:polished_deepslate
1,0,29,minecraft:polished_deepslate
2,0,29,minecraft:polished_deepslate
3,0,29,minecraft:polished_deepslate
4,0,29,minecraft:polished_deepslate
5,0,29,minecraft:polished_deepslate
6,0,29,minecraft:polished_deepslate
7,0,29,minecraft:polished_deepslate
8,0,29,minecraft:polished_deepslate
9,0,29,minecraft:polished_deepslate
10,0,29,minecraft:polished_deepslate
11,0,29,minecraft:polished_deepslate
12,0,29,minecraft:polished_deepslate
13,0,29,minecraft:polished_deepslate
14,0,29,minecraft:polished_deepslate
15,0,29,minecraft:polished_deepslate
16,0,29,minecraft:polished_deepslate
17,0,29,minecraft:polished_deepslate
18,0,29,minecraft:polished_deepslate
19,0,29,minecraft:polished_deepslate
20,0,29,minecraft:polished_deepslate
21,0,29,minecraft:polished_deepslate
22,0,29,minecraft:polished_deepslate
23,0,29,minecraft:polished_deepslate
24,0,29,minecraft:polished_deepslate
25,0,29,minecraft:polished_deepslate
26,0,29,minecraft:polished_deepslate
27,0,29,minecraft:polished_deepslate
28,0,29,minecraft:polished_deepslate
29,0,29,minecraft:polished_deepslate
30,0,29,minecraft:polished_deepslate
0,0,30,minecraft:polished_deepslate
1,0,30,minecraft:polished_deepslate
2,0,30,minecraft:polished_deepslate
3,0,30,minecraft:polished_deepslate
4,0,30,minecraft:polished_deepslate
5,0,30,minecraft:polished_deepslate
6,0,30,minecraft:polished_deepslate
7,0,30,minecraft:polished_deepslate
8,0,30,minecraft:polished_deepslate
9,0,30,minecraft:polished_deepslate
10,0,30,minecraft:polished_deepslate
11,0,30,minecraft:polished_deepslate
12,0,30,minecraft:polished_deepslate
13,0,30,"minecraft:stone_brick_stairs[facing=north,half=bottom,shape=straight,waterlogged=false]"
14,0,30,"minecraft:stone_brick_stairs[facing=north,half=bottom,shape=straight,waterlogged=false]"
15,0,30,"minecraft:cut_copper_stairs[facing=north,half=bottom,shape=straight,waterlogged=false]"
16,0,30,"minecraft:stone_brick_stairs[facing=north,half=bottom,shape=straight,waterlogged=false]"
17,0,30,"minecraft:stone_brick_stairs[facing=north,half=bottom,shape=straight,waterlogged=false]"
18,0,30,minecraft:polished_deepslate
19,0,30,minecraft:polished_deepslate
20,0,30,minecraft:polished_deepslate
21,0,30,minecraft:polished_deepslate
22,0,30,minecraft:polished_deepslate
23,0,30,minecraft:polished_deepslate
24,0,30,minecraft:polished_deepslate
25,0,30,minecraft:polished_deepslate
26,0,30,minecraft:polished_deepslate
27,0,30,minecraft:polished_deepslate
28,0,30,minecraft:polished_deepslate
29,0,30,minecraft:polished_deepslate
30,0,30,minecraft:polished_deepslate
1,1,1,minecraft:deepslate_tiles
2,1,1,minecraft:deepslate_tiles
3,1,1,minecraft:deepslate_tiles
4,1,1,minecraft:deepslate_tiles
5,1,1,minecraft:deepslate_tiles
6,1,1,minecraft:deepslate_tiles
7,1,1,minecraft:deepslate_tiles
8,1,1,minecraft:deepslate_tiles
9,1,1,minecraft:deepslate_tiles
10,1,1,minecraft:deepslate_tiles
11,1,1,minecraft:deepslate_tiles
12,1,1,minecraft:deepslate_tiles
13,1,1,minecraft:deepslate_tiles
14,1,1,minecraft:deepslate_tiles
15,1,1,minecraft:cut_copper
16,1,1,minecraft:deepslate_tiles
17,1,1,minecraft:deepslate_tiles
18,1,1,minecraft:deepslate_tiles
19,1,1,minecraft:deepslate_tiles
20,1,1,minecraft:deepslate_tiles
21,1,1,minecraft:deepslate_tiles
22,1,1,minecraft:deepslate_tiles
23,1,1,minecraft:deepslate_tiles
24,1,1,minecraft:deepslate_tiles
25,1,1,minecraft:deepslate_tiles
26,1,1,minecraft:deepslate_tiles
27,1,1,minecraft:deepslate_tiles
28,1,1,minecraft:deepslate_tiles
29,1,1,minecraft:deepslate_tiles
1,1,2,minecraft:deepslate_tiles
29,1,2,minecraft:deepslate_tiles
1,1,3,minecraft:deepslate_tiles
29,1,3,minecraft:deepslate_tiles
1,1,4,minecraft:deepslate_tiles
29,1,4,minecraft:deepslate_tiles
1,1,5,minecraft:deepslate_tiles
29,1,5,minecraft:deepslate_tiles
1,1,6,minecraft:deepslate_tiles
29,1,6,minecraft:deepslate_tiles
1,1,7,minecraft:deepslate_tiles
29,1,7,minecraft:deepslate_tiles
1,1,8,minecraft:deepslate_tiles
29,1,8,minecraft:deepslate_tiles
1,1,9,minecraft:deepslate_tiles
29,1,9,minecraft:deepslate_tiles
1,1,10,minecraft:deepslate_tiles
29,1,10,minecraft:deepslate_tiles
1,1,11,minecraft:deepslate_tiles
29,1,11,minecraft:deepslate_tiles
1,1,12,minecraft:deepslate_tiles
29,1,12,minecraft:deepslate_tiles
1,1,13,minecraft:deepslate_tiles
29,1,13,minecraft:deepslate_tiles
1,1,14,minecraft:deepslate_tiles
29,1,14,minecraft:deepslate_tiles
1,1,15,minecraft:cut_copper
29,1,15,minecraft:cut_copper
1,1,16,minecraft:deepslate_tiles
29,1,16,minecraft:deepslate_tiles
1,1,17,minecraft:deepslate_tiles
29,1,17,minecraft:deepslate_tiles
1,1,18,minecraft:deepslate_tiles
29,1,18,minecraft:deepslate_tiles
1,1,19,minecraft:deepslate_tiles
29,1,19,minecraft:deepslate_tiles
1,1,20,minecraft:deepslate_tiles
29,1,20,minecraft:deepslate_tiles
1,1,21,minecraft:deepslate_tiles
29,1,21,minecraft:deepslate_tiles
1,1,22,minecraft:deepslate_tiles
29,1,22,minecraft:deepslate_tiles
1,1,23,minecraft:deepslate_tiles
29,1,23,minecraft:deepslate_tiles
1,1,24,minecraft:deepslate_tiles
29,1,24,minecraft:deepslate_tiles
1,1,25,minecraft:deepslate_tiles
29,1,25,minecraft:deepslate_tiles
1,1,26,minecraft:deepslate_tiles
29,1,26,minecraft:deepslate_tiles
1,1,27,minecraft:deepslate_tiles
29,1,27,minecraft:deepslate_tiles
1,1,28,minecraft:deepslate_tiles
29,1,28,minecraft:deepslate_tiles
1,1,29,minecraft:deepslate_tiles
2,1,29,minecraft:deepslate_tiles
3,1,29,minecraft:deepslate_tiles
4,1,29,minecraft:deepslate_tiles
5,1,29,minecraft:deepslate_tiles
6,1,29,minecraft:deepslate_tiles
7,1,29,minecraft:deepslate_tiles
8,1,29,minecraft:deepslate_tiles
9,1,29,minecraft:deepslate_tiles
10,1,29,minecraft:deepslate_tiles
11,1,29,minecraft:deepslate_tiles
12,1,29,minecraft:deepslate_tiles
13,1,29,"minecraft:stone_brick_stairs[facing=north,half=bottom,shape=straight,waterlogged=false]"
14,1,29,"minecraft:stone_brick_stairs[facing=north,half=bottom,shape=straight,waterlogged=false]"
15,1,29,"minecraft:cut_copper_stairs[facing=north,half=bottom,shape=straight,waterlogged=false]"
16,1,29,"minecraft:stone_brick_stairs[facing=north,half=bottom,shape=straight,waterlogged=false]"
17,1,29,"minecraft:stone_brick_stairs[facing=north,half=bottom,shape=straight,waterlogged=false]"
18,1,29,minecraft:deepslate_tiles
19,1,29,minecraft:deepslate_tiles
20,1,29,minecraft:deepslate_tiles
21,1,29,minecraft:deepslate_tiles
22,1,29,minecraft:deepslate_tiles
23,1,29,minecraft:deepslate_tiles
24,1,29,minecraft:deepslate_tiles
25,1,29,minecraft:deepslate_tiles
26,1,29,minecraft:deepslate_tiles
27,1,29,minecraft:deepslate_tiles
28,1,29,minecraft:deepslate_tiles
29,1,29,minecraft:deepslate_tiles
1,2,1,minecraft:stone_bricks
2,2,1,minecraft:stone_bricks
3,2,1,minecraft:stone_bricks
4,2,1,minecraft:stone_bricks
5,2,1,minecraft:stone_bricks
6,2,1,minecraft:stone_bricks
7,2,1,minecraft:stone_bricks
8,2,1,minecraft:stone_bricks
9,2,1,minecraft:stone_bricks
10,2,1,minecraft:stone_bricks
11,2,1,minecraft:stone_bricks
12,2,1,minecraft:stone_bricks
13,2,1,minecraft:stone_bricks
14,2,1,minecraft:stone_bricks
15,2,1,minecraft:cut_copper
16,2,1,minecraft:stone_bricks
17,2,1,minecraft:stone_bricks
18,2,1,minecraft:stone_bricks
19,2,1,minecraft:stone_bricks
20,2,1,minecraft:stone_bricks
21,2,1,minecraft:stone_bricks
22,2,1,minecraft:stone_bricks
23,2,1,minecraft:stone_bricks
24,2,1,minecraft:stone_bricks
25,2,1,minecraft:stone_bricks
26,2,1,minecraft:stone_bricks
27,2,1,minecraft:stone_bricks
28,2,1,minecraft:stone_bricks
29,2,1,minecraft:stone_bricks
1,2,2,minecraft:stone_bricks
29,2,2,minecraft:stone_bricks
1,2,3,minecraft:stone_bricks
29,2,3,minecraft:stone_bricks
1,2,4,minecraft:stone_bricks
29,2,4,minecraft:stone_bricks
1,2,5,minecraft:stone_bricks
29,2,5,minecraft:stone_bricks
1,2,6,minecraft:stone_bricks
29,2,6,minecraft:stone_bricks
1,2,7,minecraft:stone_bricks
29,2,7,minecraft:stone_bricks
1,2,8,minecraft:stone_bricks
29,2,8,minecraft:stone_bricks
1,2,9,minecraft:stone_bricks
29,2,9,minecraft:stone_bricks
1,2,10,minecraft:stone_bricks
29,2,10,minecraft:stone_bricks
1,2,11,minecraft:stone_bricks
29,2,11,minecraft:stone_bricks
1,2,12,minecraft:stone_bricks
29,2,12,minecraft:stone_bricks
1,2,13,minecraft:stone_bricks
29,2,13,minecraft:stone_bricks
1,2,14,minecraft:stone_bricks
29,2,14,minecraft:stone_bricks
1,2,15,minecraft:cut_copper
29,2,15,minecraft:cut_copper
1,2,16,minecraft:stone_bricks
29,2,16,minecraft:stone_bricks
1,2,17,minecraft:stone_bricks
29,2,17,minecraft:stone_bricks
1,2,18,minecraft:stone_bricks
29,2,18,minecraft:stone_bricks
1,2,19,minecraft:stone_bricks
29,2,19,minecraft:stone_bricks
1,2,20,minecraft:stone_bricks
29,2,20,minecraft:stone_bricks
1,2,21,minecraft:stone_bricks
29,2,21,minecraft:stone_bricks
1,2,22,minecraft:stone_bricks
29,2,22,minecraft:stone_bricks
1,2,23,minecraft:stone_bricks
29,2,23,minecraft:stone_bricks
1,2,24,minecraft:stone_bricks
29,2,24,minecraft:stone_bricks
1,2,25,minecraft:stone_bricks
29,2,25,minecraft:stone_bricks
1,2,26,minecraft:stone_bricks
29,2,26,minecraft:stone_bricks
1,2,27,minecraft:stone_bricks
29,2,27,minecraft:stone_bricks
1,2,28,minecraft:stone_bricks
13,2,28,"minecraft:stone_brick_stairs[facing=north,half=bottom,shape=straight,waterlogged=false]"
14,2,28,"minecraft:stone_brick_stairs[facing=north,half=bottom,shape=straight,waterlogged=false]"
15,2,28,"minecraft:cut_copper_stairs[facing=north,half=bottom,shape=straight,waterlogged=false]"
16,2,28,"minecraft:stone_brick_stairs[facing=north,half=bottom,shape=straight,waterlogged=false]"
17,2,28,"minecraft:stone_brick_stairs[facing=north,half=bottom,shape=straight,waterlogged=false]"
29,2,28,minecraft:stone_bricks
1,2,29,minecraft:stone_bricks
2,2,29,minecraft:stone_bricks
3,2,29,minecraft:stone_bricks
4,2,29,minecraft:stone_bricks
5,2,29,minecraft:stone_bricks
6,2,29,minecraft:stone_bricks
7,2,29,minecraft:stone_bricks
8,2,29,minecraft:stone_bricks
9,2,29,minecraft:stone_bricks
10,2,29,minecraft:stone_bricks
11,2,29,minecraft:stone_bricks
12,2,29,minecraft:stone_bricks
18,2,29,minecraft:stone_bricks
19,2,29,minecraft:stone_bricks
20,2,29,minecraft:stone_bricks
21,2,29,minecraft:stone_bricks
22,2,29,minecraft:stone_bricks
23,2,29,minecraft:stone_bricks
24,2,29,minecraft:stone_bricks
25,2,29,minecraft:stone_bricks
26,2,29,minecraft:stone_bricks
27,2,29,minecraft:stone_bricks
28,2,29,minecraft:stone_bricks
29,2,29,minecraft:stone_bricks
1,3,1,minecraft:stone_bricks
2,3,1,minecraft:stone_bricks
3,3,1,minecraft:stone_bricks
4,3,1,minecraft:stone_bricks
5,3,1,minecraft:stone_bricks
6,3,1,minecraft:stone_bricks
7,3,1,minecraft:stone_bricks
8,3,1,minecraft:stone_bricks
9,3,1,minecraft:stone_bricks
10,3,1,minecraft:stone_bricks
11,3,1,minecraft:stone_bricks
12,3,1,minecraft:stone_bricks
13,3,1,minecraft:stone_bricks
14,3,1,minecraft:stone_bricks
15,3,1,minecraft:cut_copper
16,3,1,minecraft:stone_bricks
17,3,1,minecraft:stone_bricks
18,3,1,minecraft:stone_bricks
19,3,1,minecraft:stone_bricks
20,3,1,minecraft:stone_bricks
21,3,1,minecraft:stone_bricks
22,3,1,minecraft:stone_bricks
23,3,1,minecraft:stone_bricks
24,3,1,minecraft:stone_bricks
25,3,1,minecraft:stone_bricks
26,3,1,minecraft:stone_bricks
27,3,1,minecraft:stone_bricks
28,3,1,minecraft:stone_bricks
29,3,1,minecraft:stone_bricks
1,3,2,minecraft:stone_bricks
29,3,2,minecraft:stone_bricks
1,3,3,minecraft:stone_bricks
29,3,3,minecraft:stone_bricks
1,3,4,minecraft:stone_bricks
29,3,4,minecraft:stone_bricks
1,3,5,minecraft:stone_bricks
29,3,5,minecraft:stone_bricks
1,3,6,minecraft:stone_bricks
29,3,6,minecraft:stone_bricks
1,3,7,minecraft:stone_bricks
29,3,7,minecraft:stone_bricks
1,3,8,minecraft:stone_bricks
29,3,8,minecraft:stone_bricks
1,3,9,minecraft:stone_bricks
29,3,9,minecraft:stone_bricks
1,3,10,minecraft:stone_bricks
29,3,10,minecraft:stone_bricks
1,3,11,minecraft:stone_bricks
29,3,11,minecraft:stone_bricks
1,3,12,minecraft:stone_bricks
29,3,12,minecraft:stone_bricks
1,3,13,minecraft:stone_bricks
29,3,13,minecraft:stone_bricks
1,3,14,minecraft:stone_bricks
29,3,14,minecraft:stone_bricks
1,3,15,minecraft:cut_copper
29,3,15,minecraft:cut_copper
1,3,16,minecraft:stone_bricks
29,3,16,minecraft:stone_bricks
1,3,17,minecraft:stone_bricks
29,3,17,minecraft:stone_bricks
1,3,18,minecraft:stone_bricks
29,3,18,minecraft:stone_bricks
1,3,19,minecraft:stone_bricks
29,3,19,minecraft:stone_bricks
1,3,20,minecraft:stone_bricks
29,3,20,minecraft:stone_bricks
1,3,21,minecraft:stone_bricks
29,3,21,minecraft:stone_bricks
1,3,22,minecraft:stone_bricks
29,3,22,minecraft:stone_bricks
1,3,23,minecraft:stone_bricks
29,3,23,minecraft:stone_bricks
1,3,24,minecraft:stone_bricks
29,3,24,minecraft:stone_bricks
1,3,25,minecraft:stone_bricks
29,3,25,minecraft:stone_bricks
1,3,26,minecraft:stone_bricks
29,3,26,minecraft:stone_bricks
1,3,27,minecraft:stone_bricks
13,3,27,"minecraft:stone_brick_stairs[facing=north,half=bottom,shape=straight,waterlogged=false]"
14,3,27,"minecraft:stone_brick_stairs[facing=north,half=bottom,shape=straight,waterlogged=false]"
15,3,27,"minecraft:cut_copper_stairs[facing=north,half=bottom,shape=straight,waterlogged=false]"
16,3,27,"minecraft:stone_brick_stairs[facing=north,half=bottom,shape=straight,waterlogged=false]"
17,3,27,"minecraft:stone_brick_stairs[facing=north,half=bottom,shape=straight,waterlogged=false]"
29,3,27,minecraft:stone_bricks
1,3,28,minecraft:stone_bricks
29,3,28,minecraft:stone_bricks
1,3,29,minecraft:stone_bricks
2,3,29,minecraft:stone_bricks
3,3,29,minecraft:stone_bricks
4,3,29,minecraft:stone_bricks
5,3,29,minecraft:stone_bricks
6,3,29,minecraft:stone_bricks
7,3,29,minecraft:stone_bricks
8,3,29,minecraft:stone_bricks
9,3,29,minecraft:stone_bricks
10,3,29,minecraft:stone_bricks
11,3,29,minecraft:stone_bricks
12,3,29,minecraft:stone_bricks
18,3,29,minecraft:stone_bricks
19,3,29,minecraft:stone_bricks
20,3,29,minecraft:stone_bricks
21,3,29,minecraft:stone_bricks
22,3,29,minecraft:stone_bricks
23,3,29,minecraft:stone_bricks
24,3,29,minecraft:stone_bricks
25,3,29,minecraft:stone_bricks
26,3,29,minecraft:stone_bricks
27,3,29,minecraft:stone_bricks
28,3,29,minecraft:stone_bricks
29,3,29,minecraft:stone_bricks
1,4,1,minecraft:stone_bricks
2,4,1,minecraft:stone_bricks
3,4,1,minecraft:stone_bricks
4,4,1,minecraft:stone_bricks
5,4,1,minecraft:stone_bricks
6,4,1,minecraft:stone_bricks
7,4,1,minecraft:stone_bricks
8,4,1,minecraft:stone_bricks
9,4,1,minecraft:stone_bricks
10,4,1,minecraft:stone_bricks
11,4,1,minecraft:stone_bricks
12,4,1,minecraft:stone_bricks
13,4,1,minecraft:stone_bricks
14,4,1,minecraft:stone_bricks
15,4,1,minecraft:cut_copper
16,4,1,minecraft:stone_bricks
17,4,1,minecraft:stone_bricks
18,4,1,minecraft:stone_bricks
19,4,1,minecraft:stone_bricks
20,4,1,minecraft:stone_bricks
21,4,1,minecraft:stone_bricks
22,4,1,minecraft:stone_bricks
23,4,1,minecraft:stone_bricks
24,4,1,minecraft:stone_bricks
25,4,1,minecraft:stone_bricks
26,4,1,minecraft:stone_bricks
27,4,1,minecraft:stone_bricks
28,4,1,minecraft:stone_bricks
29,4,1,minecraft:stone_bricks
1,4,2,minecraft:stone_bricks
29,4,2,minecraft:stone_bricks
1,4,3,minecraft:stone_bricks
29,4,3,minecraft:stone_bricks
1,4,4,minecraft:stone_bricks
29,4,4,minecraft:stone_bricks
1,4,5,minecraft:stone_bricks
29,4,5,minecraft:stone_bricks
1,4,6,minecraft:stone_bricks
29,4,6,minecraft:stone_bricks
1,4,7,minecraft:stone_bricks
29,4,7,minecraft:stone_bricks
1,4,8,minecraft:stone_bricks
29,4,8,minecraft:stone_bricks
1,4,9,minecraft:stone_bricks
29,4,9,minecraft:stone_bricks
1,4,10,minecraft:stone_bricks
29,4,10,minecraft:stone_bricks
1,4,11,minecraft:stone_bricks
29,4,11,minecraft:stone_bricks
1,4,12,minecraft:stone_bricks
29,4,12,minecraft:stone_bricks
1,4,13,minecraft:stone_bricks
29,4,13,minecraft:stone_bricks
1,4,14,minecraft:stone_bricks
29,4,14,minecraft:stone_bricks
1,4,15,minecraft:cut_copper
29,4,15,minecraft:cut_copper
1,4,16,minecraft:stone_bricks
29,4,16,minecraft:stone_bricks
1,4,17,minecraft:stone_bricks
29,4,17,minecraft:stone_bricks
1,4,18,minecraft:stone_bricks
29,4,18,minecraft:stone_bricks
1,4,19,minecraft:stone_bricks
29,4,19,minecraft:stone_bricks
1,4,20,minecraft:stone_bricks
29,4,20,minecraft:stone_bricks
1,4,21,minecraft:stone_bricks
29,4,21,minecraft:stone_bricks
1,4,22,minecraft:stone_bricks
29,4,22,minecraft:stone_bricks
1,4,23,minecraft:stone_bricks
29,4,23,minecraft:stone_bricks
1,4,24,minecraft:stone_bricks
29,4,24,minecraft:stone_bricks
1,4,25,minecraft:stone_bricks
29,4,25,minecraft:stone_bricks
1,4,26,minecraft:stone_bricks
13,4,26,"minecraft:stone_brick_stairs[facing=north,half=bottom,shape=straight,waterlogged=false]"
14,4,26,"minecraft:stone_brick_stairs[facing=north,half=bottom,shape=straight,waterlogged=false]"
15,4,26,"minecraft:cut_copper_stairs[facing=north,half=bottom,shape=straight,waterlogged=false]"
16,4,26,"minecraft:stone_brick_stairs[facing=north,half=bottom,shape=straight,waterlogged=false]"
17,4,26,"minecraft:stone_brick_stairs[facing=north,half=bottom,shape=straight,waterlogged=false]"
29,4,26,minecraft:stone_bricks
1,4,27,minecraft:stone_bricks
29,4,27,minecraft:stone_bricks
1,4,28,minecraft:stone_bricks
29,4,28,minecraft:stone_bricks
1,4,29,minecraft:stone_bricks
2,4,29,minecraft:stone_bricks
3,4,29,minecraft:stone_bricks
4,4,29,minecraft:stone_bricks
5,4,29,minecraft:stone_bricks
6,4,29,minecraft:stone_bricks
7,4,29,minecraft:stone_bricks
8,4,29,minecraft:stone_bricks
9,4,29,minecraft:stone_bricks
10,4,29,minecraft:stone_bricks
11,4,29,minecraft:stone_bricks
12,4,29,minecraft:stone_bricks
13,4,29,minecraft:stone_bricks
14,4,29,minecraft:stone_bricks
15,4,29,minecraft:cut_copper
16,4,29,minecraft:stone_bricks
17,4,29,minecraft:stone_bricks
18,4,29,minecraft:stone_bricks
19,4,29,minecraft:stone_bricks
20,4,29,minecraft:stone_bricks
21,4,29,minecraft:stone_bricks
22,4,29,minecraft:stone_bricks
23,4,29,minecraft:stone_bricks
24,4,29,minecraft:stone_bricks
25,4,29,minecraft:stone_bricks
26,4,29,minecraft:stone_bricks
27,4,29,minecraft:stone_bricks
28,4,29,minecraft:stone_bricks
29,4,29,minecraft:stone_bricks
1,5,1,minecraft:stone_bricks
2,5,1,minecraft:stone_bricks
3,5,1,minecraft:stone_bricks
4,5,1,minecraft:stone_bricks
5,5,1,minecraft:stone_bricks
6,5,1,minecraft:stone_bricks
7,5,1,minecraft:stone_bricks
8,5,1,minecraft:stone_bricks
9,5,1,minecraft:stone_bricks
10,5,1,minecraft:stone_bricks
11,5,1,minecraft:stone_bricks
12,5,1,minecraft:stone_bricks
13,5,1,minecraft:stone_bricks
14,5,1,minecraft:stone_bricks
15,5,1,minecraft:cut_copper
16,5,1,minecraft:stone_bricks
17,5,1,minecraft:stone_bricks
18,5,1,minecraft:stone_bricks
19,5,1,minecraft:stone_bricks
20,5,1,minecraft:stone_bricks
21,5,1,minecraft:stone_bricks
22,5,1,minecraft:stone_bricks
23,5,1,minecraft:stone_bricks
24,5,1,minecraft:stone_bricks
25,5,1,minecraft:stone_bricks
26,5,1,minecraft:stone_bricks
27,5,1,minecraft:stone_bricks
28,5,1,minecraft:stone_bricks
29,5,1,minecraft:stone_bricks
1,5,2,minecraft:stone_bricks
29,5,2,minecraft:stone_bricks
1,5,3,minecraft:stone_bricks
29,5,3,minecraft:stone_bricks
1,5,4,minecraft:stone_bricks
29,5,4,minecraft:stone_bricks
1,5,5,minecraft:stone_bricks
29,5,5,minecraft:stone_bricks
1,5,6,minecraft:stone_bricks
29,5,6,minecraft:stone_bricks
1,5,7,minecraft:stone_bricks
29,5,7,minecraft:stone_bricks
1,5,8,minecraft:stone_bricks
29,5,8,minecraft:stone_bricks
1,5,9,minecraft:stone_bricks
29,5,9,minecraft:stone_bricks
1,5,10,minecraft:stone_bricks
29,5,10,minecraft:stone_bricks
1,5,11,minecraft:stone_bricks
29,5,11,minecraft:stone_bricks
1,5,12,minecraft:stone_bricks
29,5,12,minecraft:stone_bricks
1,5,13,minecraft:stone_bricks
29,5,13,minecraft:stone_bricks
1,5,14,minecraft:stone_bricks
29,5,14,minecraft:stone_bricks
1,5,15,minecraft:cut_copper
29,5,15,minecraft:cut_copper
1,5,16,minecraft:stone_bricks
29,5,16,minecraft:stone_bricks
1,5,17,minecraft:stone_bricks
29,5,17,minecraft:stone_bricks
1,5,18,minecraft:stone_bricks
29,5,18,minecraft:stone_bricks
1,5,19,minecraft:stone_bricks
29,5,19,minecraft:stone_bricks
1,5,20,minecraft:stone_bricks
29,5,20,minecraft:stone_bricks
1,5,21,minecraft:stone_bricks
29,5,21,minecraft:stone_bricks
1,5,22,minecraft:stone_bricks
29,5,22,minecraft:stone_bricks
1,5,23,minecraft:stone_bricks
29,5,23,minecraft:stone_bricks
1,5,24,minecraft:stone_bricks
29,5,24,minecraft:stone_bricks
1,5,25,minecraft:stone_bricks
13,5,25,"minecraft:stone_brick_stairs[facing=north,half=bottom,shape=straight,waterlogged=false]"
14,5,25,"minecraft:stone_brick_stairs[facing=north,half=bottom,shape=straight,waterlogged=false]"
15,5,25,"minecraft:cut_copper_stairs[facing=north,half=bottom,shape=straight,waterlogged=false]"
16,5,25,"minecraft:stone_brick_stairs[facing=north,half=bottom,shape=straight,waterlogged=false]"
17,5,25,"minecraft:stone_brick_stairs[facing=north,half=bottom,shape=straight,waterlogged=false]"
29,5,25,minecraft:stone_bricks
1,5,26,minecraft:stone_bricks
29,5,26,minecraft:stone_bricks
1,5,27,minecraft:stone_bricks
29,5,27,minecraft:stone_bricks
1,5,28,minecraft:stone_bricks
29,5,28,minecraft:stone_bricks
1,5,29,minecraft:stone_bricks
2,5,29,minecraft:stone_bricks
3,5,29,minecraft:stone_bricks
4,5,29,minecraft:stone_bricks
5,5,29,minecraft:stone_bricks
6,5,29,minecraft:stone_bricks
7,5,29,minecraft:stone_bricks
8,5,29,minecraft:stone_bricks
9,5,29,minecraft:stone_bricks
10,5,29,minecraft:stone_bricks
11,5,29,minecraft:stone_bricks
12,5,29,minecraft:stone_bricks
13,5,29,minecraft:stone_bricks
14,5,29,minecraft:stone_bricks
15,5,29,minecraft:cut_copper
16,5,29,minecraft:stone_bricks
17,5,29,minecraft:stone_bricks
18,5,29,minecraft:stone_bricks
19,5,29,minecraft:stone_bricks
20,5,29,minecraft:stone_bricks
21,5,29,minecraft:stone_bricks
22,5,29,minecraft:stone_bricks
23,5,29,minecraft:stone_bricks
24,5,29,minecraft:stone_bricks
25,5,29,minecraft:stone_bricks
26,5,29,minecraft:stone_bricks
27,5,29,minecraft:stone_bricks
28,5,29,minecraft:stone_bricks
29,5,29,minecraft:stone_bricks
1,6,1,minecraft:stone_bricks
2,6,1,minecraft:stone_bricks
3,6,1,minecraft:stone_bricks
4,6,1,minecraft:stone_bricks
5,6,1,minecraft:stone_bricks
6,6,1,minecraft:stone_bricks
7,6,1,minecraft:stone_bricks
8,6,1,minecraft:stone_bricks
9,6,1,minecraft:stone_bricks
10,6,1,minecraft:stone_bricks
11,6,1,minecraft:stone_bricks
12,6,1,minecraft:stone_bricks
13,6,1,minecraft:stone_bricks
14,6,1,minecraft:stone_bricks
15,6,1,minecraft:cut_copper
16,6,1,minecraft:stone_bricks
17,6,1,minecraft:stone_bricks
18,6,1,minecraft:stone_bricks
19,6,1,minecraft:stone_bricks
20,6,1,minecraft:stone_bricks
21,6,1,minecraft:stone_bricks
22,6,1,minecraft:stone_bricks
23,6,1,minecraft:stone_bricks
24,6,1,minecraft:stone_bricks
25,6,1,minecraft:stone_bricks
26,6,1,minecraft:stone_bricks
27,6,1,minecraft:stone_bricks
28,6,1,minecraft:stone_bricks
29,6,1,minecraft:stone_bricks
1,6,2,minecraft:stone_bricks
29,6,2,minecraft:stone_bricks
1,6,3,minecraft:stone_bricks
29,6,3,minecraft:stone_bricks
1,6,4,minecraft:stone_bricks
29,6,4,minecraft:stone_bricks
1,6,5,minecraft:stone_bricks
29,6,5,minecraft:stone_bricks
1,6,6,minecraft:stone_bricks
29,6,6,minecraft:stone_bricks
1,6,7,minecraft:stone_bricks
29,6,7,minecraft:stone_bricks
1,6,8,minecraft:stone_bricks
29,6,8,minecraft:stone_bricks
1,6,9,minecraft:stone_bricks
29,6,9,minecraft:stone_bricks
1,6,10,minecraft:stone_bricks
29,6,10,minecraft:stone_bricks
1,6,11,minecraft:stone_bricks
29,6,11,minecraft:stone_bricks
1,6,12,minecraft:stone_bricks
29,6,12,minecraft:stone_bricks
1,6,13,minecraft:stone_bricks
29,6,13,minecraft:stone_bricks
1,6,14,minecraft:stone_bricks
29,6,14,minecraft:stone_bricks
1,6,15,minecraft:cut_copper
29,6,15,minecraft:cut_copper
1,6,16,minecraft:stone_bricks
29,6,16,minecraft:stone_bricks
1,6,17,minecraft:stone_bricks
29,6,17,minecraft:stone_bricks
1,6,18,minecraft:stone_bricks
29,6,18,minecraft:stone_bricks
1,6,19,minecraft:stone_bricks
29,6,19,minecraft:stone_bricks
1,6,20,minecraft:stone_bricks
29,6,20,minecraft:stone_bricks
1,6,21,minecraft:stone_bricks
29,6,21,minecraft:stone_bricks
1,6,22,minecraft:stone_bricks
29,6,22,minecraft:stone_bricks
1,6,23,minecraft:stone_bricks
29,6,23,minecraft:stone_bricks
1,6,24,minecraft:stone_bricks
13,6,24,"minecraft:stone_brick_stairs[facing=north,half=bottom,shape=straight,waterlogged=false]"
14,6,24,"minecraft:stone_brick_stairs[facing=north,half=bottom,shape=straight,waterlogged=false]"
15,6,24,"minecraft:cut_copper_stairs[facing=north,half=bottom,shape=straight,waterlogged=false]"
16,6,24,"minecraft:stone_brick_stairs[facing=north,half=bottom,shape=straight,waterlogged=false]"
17,6,24,"minecraft:stone_brick_stairs[facing=north,half=bottom,shape=straight,waterlogged=false]"
29,6,24,minecraft:stone_bricks
1,6,25,minecraft:stone_bricks
29,6,25,minecraft:stone_bricks
1,6,26,minecraft:stone_bricks
29,6,26,minecraft:stone_bricks
1,6,27,minecraft:stone_bricks
29,6,27,minecraft:stone_bricks
1,6,28,minecraft:stone_bricks
29,6,28,minecraft:stone_bricks
1,6,29,minecraft:stone_bricks
2,6,29,minecraft:stone_bricks
3,6,29,minecraft:stone_bricks
4,6,29,minecraft:stone_bricks
5,6,29,minecraft:stone_bricks
6,6,29,minecraft:stone_bricks
7,6,29,minecraft:stone_bricks
8,6,29,minecraft:stone_bricks
9,6,29,minecraft:stone_bricks
10,6,29,minecraft:stone_bricks
11,6,29,minecraft:stone_bricks
12,6,29,minecraft:stone_bricks
13,6,29,minecraft:stone_bricks
14,6,29,minecraft:stone_bricks
15,6,29,minecraft:cut_copper
16,6,29,minecraft:stone_bricks
17,6,29,minecraft:stone_bricks
18,6,29,minecraft:stone_bricks
19,6,29,minecraft:stone_bricks
20,6,29,minecraft:stone_bricks
21,6,29,minecraft:stone_bricks
22,6,29,minecraft:stone_bricks
23,6,29,minecraft:stone_bricks
24,6,29,minecraft:stone_bricks
25,6,29,minecraft:stone_bricks
26,6,29,minecraft:stone_bricks
27,6,29,minecraft:stone_bricks
28,6,29,minecraft:stone_bricks
29,6,29,minecraft:stone_bricks
1,7,1,minecraft:smooth_stone
2,7,1,minecraft:smooth_stone
3,7,1,minecraft:smooth_stone
4,7,1,minecraft:smooth_stone
5,7,1,minecraft:smooth_stone
6,7,1,minecraft:smooth_stone
7,7,1,minecraft:smooth_stone
8,7,1,minecraft:smooth_stone
9,7,1,minecraft:smooth_stone
10,7,1,minecraft:smooth_stone
11,7,1,minecraft:smooth_stone
12,7,1,minecraft:smooth_stone
13,7,1,minecraft:smooth_stone
14,7,1,minecraft:smooth_stone
15,7,1,minecraft:cut_copper
16,7,1,minecraft:smooth_stone
17,7,1,minecraft:smooth_stone
18,7,1,minecraft:smooth_stone
19,7,1,minecraft:smooth_stone
20,7,1,minecraft:smooth_stone
21,7,1,minecraft:smooth_stone
22,7,1,minecraft:smooth_stone
23,7,1,minecraft:smooth_stone
24,7,1,minecraft:smooth_stone
25,7,1,minecraft:smooth_stone
26,7,1,minecraft:smooth_stone
27,7,1,minecraft:smooth_stone
28,7,1,minecraft:smooth_stone
29,7,1,minecraft:smooth_stone
1,7,2,minecraft:smooth_stone
2,7,2,minecraft:smooth_stone
3,7,2,minecraft:smooth_stone
4,7,2,minecraft:smooth_stone
5,7,2,minecraft:smooth_stone
6,7,2,minecraft:smooth_stone
7,7,2,minecraft:smooth_stone
8,7,2,minecraft:smooth_stone
9,7,2,minecraft:smooth_stone
10,7,2,minecraft:smooth_stone
11,7,2,minecraft:smooth_stone
12,7,2,minecraft:smooth_stone
13,7,2,minecraft:smooth_stone
14,7,2,minecraft:smooth_stone
15,7,2,minecraft:cut_copper
16,7,2,minecraft:smooth_stone
17,7,2,minecraft:smooth_stone
18,7,2,minecraft:smooth_stone
19,7,2,minecraft:smooth_stone
20,7,2,minecraft:smooth_stone
21,7,2,minecraft:smooth_stone
22,7,2,minecraft:smooth_stone
23,7,2,minecraft:smooth_stone
24,7,2,minecraft:smooth_stone
25,7,2,minecraft:smooth_stone
26,7,2,minecraft:smooth_stone
27,7,2,minecraft:smooth_stone
28,7,2,minecraft:smooth_stone
29,7,2,minecraft:smooth_stone
1,7,3,minecraft:smooth_stone
2,7,3,minecraft:smooth_stone
3,7,3,minecraft:smooth_stone
4,7,3,minecraft:smooth_stone
5,7,3,minecraft:smooth_stone
6,7,3,minecraft:smooth_stone
7,7,3,minecraft:smooth_stone
8,7,3,minecraft:smooth_stone
9,7,3,minecraft:smooth_stone
10,7,3,minecraft:smooth_stone
11,7,3,minecraft:smooth_stone
12,7,3,minecraft:smooth_stone
13,7,3,minecraft:smooth_stone
14,7,3,minecraft:smooth_stone
15,7,3,minecraft:cut_copper
16,7,3,minecraft:smooth_stone
17,7,3,minecraft:smooth_stone
18,7,3,minecraft:smooth_stone
19,7,3,minecraft:smooth_stone
20,7,3,minecraft:smooth_stone
21,7,3,minecraft:smooth_stone
22,7,3,minecraft:smooth_stone
23,7,3,minecraft:smooth_stone
24,7,3,minecraft:smooth_stone
25,7,3,minecraft:smooth_stone
26,7,3,minecraft:smooth_stone
27,7,3,minecraft:smooth_stone
28,7,3,minecraft:smooth_stone
29,7,3,minecraft:smooth_stone
1,7,4,minecraft:smooth_stone
2,7,4,minecraft:smooth_stone
3,7,4,minecraft:smooth_stone
4,7,4,minecraft:smooth_stone
5,7,4,minecraft:smooth_stone
6,7,4,minecraft:smooth_stone
7,7,4,minecraft:smooth_stone
8,7,4,minecraft:smooth_stone
9,7,4,minecraft:smooth_stone
10,7,4,minecraft:smooth_stone
11,7,4,minecraft:smooth_stone
12,7,4,minecraft:smooth_stone
13,7,4,minecraft:smooth_stone
14,7,4,minecraft:smooth_stone
15,7,4,minecraft:cut_copper
16,7,4,minecraft:smooth_stone
17,7,4,minecraft:smooth_stone
18,7,4,minecraft:smooth_stone
19,7,4,minecraft:smooth_stone
20,7,4,minecraft:smooth_stone
21,7,4,minecraft:smooth_stone
22,7,4,minecraft:smooth_stone
23,7,4,minecraft:smooth_stone
24,7,4,minecraft:smooth_stone
25,7,4,minecraft:smooth_stone
26,7,4,minecraft:smooth_stone
27,7,4,minecraft:smooth_stone
28,7,4,minecraft:smooth_stone
29,7,4,minecraft:smooth_stone
1,7,5,minecraft:smooth_stone
2,7,5,minecraft:smooth_stone
3,7,5,minecraft:smooth_stone
4,7,5,minecraft:smooth_stone
5,7,5,minecraft:smooth_stone
6,7,5,minecraft:smooth_stone
7,7,5,minecraft:smooth_stone
8,7,5,minecraft:smooth_stone
9,7,5,minecraft:smooth_stone
10,7,5,minecraft:smooth_stone
11,7,5,minecraft:smooth_stone
12,7,5,minecraft:smooth_stone
13,7,5,minecraft:smooth_stone
14,7,5,minecraft:smooth_stone
15,7,5,minecraft:cut_copper
16,7,5,minecraft:smooth_stone
17,7,5,minecraft:smooth_stone
18,7,5,minecraft:smooth_stone
19,7,5,minecraft:smooth_stone
20,7,5,minecraft:smooth_stone
21,7,5,minecraft:smooth_stone
22,7,5,minecraft:smooth_stone
23,7,5,minecraft:smooth_stone
24,7,5,minecraft:smooth_stone
25,7,5,minecraft:smooth_stone
26,7,5,minecraft:smooth_stone
27,7,5,minecraft:smooth_stone
28,7,5,minecraft:smooth_stone
29,7,5,minecraft:smooth_stone
1,7,6,minecraft:smooth_stone
2,7,6,minecraft:smooth_stone
3,7,6,minecraft:smooth_stone
4,7,6,minecraft:smooth_stone
5,7,6,minecraft:smooth_stone
6,7,6,minecraft:smooth_stone
7,7,6,minecraft:smooth_stone
8,7,6,minecraft:smooth_stone
9,7,6,minecraft:smooth_stone
10,7,6,minecraft:smooth_stone
11,7,6,minecraft:smooth_stone
12,7,6,minecraft:smooth_stone
13,7,6,minecraft:smooth_stone
14,7,6,minecraft:smooth_stone
15,7,6,minecraft:cut_copper
16,7,6,minecraft:smooth_stone
17,7,6,minecraft:smooth_stone
18,7,6,minecraft:smooth_stone
19,7,6,minecraft:smooth_stone
20,7,6,minecraft:smooth_stone
21,7,6,minecraft:smooth_stone
22,7,6,minecraft:smooth_stone
23,7,6,minecraft:smooth_stone
24,7,6,minecraft:smooth_stone
25,7,6,minecraft:smooth_stone
26,7,6,minecraft:smooth_stone
27,7,6,minecraft:smooth_stone
28,7,6,minecraft:smooth_stone
29,7,6,minecraft:smooth_stone
1,7,7,minecraft:smooth_stone
2,7,7,minecraft:smooth_stone
3,7,7,minecraft:smooth_stone
4,7,7,minecraft:smooth_stone
5,7,7,minecraft:smooth_stone
6,7,7,minecraft:smooth_stone
7,7,7,minecraft:smooth_stone
8,7,7,minecraft:smooth_stone
9,7,7,minecraft:smooth_stone
10,7,7,minecraft:smooth_stone
11,7,7,minecraft:smooth_stone
12,7,7,minecraft:smooth_stone
13,7,7,minecraft:smooth_stone
14,7,7,minecraft:smooth_stone
15,7,7,minecraft:smooth_stone
16,7,7,minecraft:smooth_stone
17,7,7,minecraft:smooth_stone
18,7,7,minecraft:smooth_stone
19,7,7,minecraft:smooth_stone
20,7,7,minecraft:smooth_stone
21,7,7,minecraft:smooth_stone
22,7,7,minecraft:smooth_stone
23,7,7,minecraft:smooth_stone
24,7,7,minecraft:smooth_stone
25,7,7,minecraft:smooth_stone
26,7,7,minecraft:smooth_stone
27,7,7,minecraft:smooth_stone
28,7,7,minecraft:smooth_stone
29,7,7,minecraft:smooth_stone
1,7,8,minecraft:smooth_stone
2,7,8,minecraft:smooth_stone
3,7,8,minecraft:smooth_stone
4,7,8,minecraft:smooth_stone
5,7,8,minecraft:smooth_stone
6,7,8,minecraft:smooth_stone
7,7,8,minecraft:smooth_stone
8,7,8,minecraft:smooth_stone
9,7,8,minecraft:smooth_stone
10,7,8,minecraft:smooth_stone
11,7,8,minecraft:smooth_stone
12,7,8,minecraft:smooth_stone
13,7,8,minecraft:smooth_stone
14,7,8,minecraft:smooth_stone
15,7,8,minecraft:smooth_stone
16,7,8,minecraft:smooth_stone
17,7,8,minecraft:smooth_stone
18,7,8,minecraft:smooth_stone
19,7,8,minecraft:smooth_stone
20,7,8,minecraft:smooth_stone
21,7,8,minecraft:smooth_stone
22,7,8,minecraft:smooth_stone
23,7,8,minecraft:smooth_stone
24,7,8,minecraft:smooth_stone
25,7,8,minecraft:smooth_stone
26,7,8,minecraft:smooth_stone
27,7,8,minecraft:smooth_stone
28,7,8,minecraft:smooth_stone
29,7,8,minecraft:smooth_stone
1,7,9,minecraft:smooth_stone
2,7,9,minecraft:smooth_stone
3,7,9,minecraft:smooth_stone
4,7,9,minecraft:smooth_stone
5,7,9,minecraft:smooth_stone
6,7,9,minecraft:smooth_stone
7,7,9,minecraft:smooth_stone
8,7,9,minecraft:smooth_stone
9,7,9,minecraft:smooth_stone
10,7,9,minecraft:smooth_stone
11,7,9,minecraft:smooth_stone
12,7,9,minecraft:smooth_stone
13,7,9,minecraft:smooth_stone
14,7,9,minecraft:smooth_stone
15,7,9,minecraft:smooth_stone
16,7,9,minecraft:smooth_stone
17,7,9,minecraft:smooth_stone
18,7,9,minecraft:smooth_stone
19,7,9,minecraft:smooth_stone
20,7,9,minecraft:smooth_stone
21,7,9,minecraft:smooth_stone
22,7,9,minecraft:smooth_stone
23,7,9,minecraft:smooth_stone
24,7,9,minecraft:smooth_stone
25,7,9,minecraft:smooth_stone
26,7,9,minecraft:smooth_stone
27,7,9,minecraft:smooth_stone
28,7,9,minecraft:smooth_stone
29,7,9,minecraft:smooth_stone
1,7,10,minecraft:smooth_stone
2,7,10,minecraft:smooth_stone
3,7,10,minecraft:smooth_stone
4,7,10,minecraft:smooth_stone
5,7,10,minecraft:smooth_stone
6,7,10,minecraft:smooth_stone
7,7,10,minecraft:smooth_stone
8,7,10,minecraft:smooth_stone
9,7,10,minecraft:smooth_stone
10,7,10,minecraft:smooth_stone
11,7,10,minecraft:smooth_stone
12,7,10,minecraft:smooth_stone
13,7,10,minecraft:smooth_stone
14,7,10,minecraft:smooth_stone
15,7,10,minecraft:smooth_stone
16,7,10,minecraft:smooth_stone
17,7,10,minecraft:smooth_stone
18,7,10,minecraft:smooth_stone
19,7,10,minecraft:smooth_stone
20,7,10,minecraft:smooth_stone
21,7,10,minecraft:smooth_stone
22,7,10,minecraft:smooth_stone
23,7,10,minecraft:smooth_stone
24,7,10,minecraft:smooth_stone
25,7,10,minecraft:smooth_stone
26,7,10,minecraft:smooth_stone
27,7,10,minecraft:smooth_stone
28,7,10,minecraft:smooth_stone
29,7,10,minecraft:smooth_stone
1,7,11,minecraft:smooth_stone
2,7,11,minecraft:smooth_stone
3,7,11,minecraft:smooth_stone
4,7,11,minecraft:smooth_stone
5,7,11,minecraft:smooth_stone
6,7,11,minecraft:smooth_stone
7,7,11,minecraft:smooth_stone
8,7,11,minecraft:smooth_stone
9,7,11,minecraft:smooth_stone
10,7,11,minecraft:smooth_stone
11,7,11,minecraft:smooth_stone
12,7,11,minecraft:smooth_stone
13,7,11,minecraft:smooth_stone
14,7,11,minecraft:smooth_stone
15,7,11,minecraft:smooth_stone
16,7,11,minecraft:smooth_stone
17,7,11,minecraft:smooth_stone
18,7,11,minecraft:smooth_stone
19,7,11,minecraft:smooth_stone
20,7,11,minecraft:smooth_stone
21,7,11,minecraft:smooth_stone
22,7,11,minecraft:smooth_stone
23,7,11,minecraft:smooth_stone
24,7,11,minecraft:smooth_stone
25,7,11,minecraft:smooth_stone
26,7,11,minecraft:smooth_stone
27,7,11,minecraft:smooth_stone
28,7,11,minecraft:smooth_stone
29,7,11,minecraft:smooth_stone
1,7,12,minecraft:smooth_stone
2,7,12,minecraft:smooth_stone
3,7,12,minecraft:smooth_stone
4,7,12,minecraft:smooth_stone
5,7,12,minecraft:smooth_stone
6,7,12,minecraft:smooth_stone
7,7,12,minecraft:smooth_stone
8,7,12,minecraft:smooth_stone
9,7,12,minecraft:smooth_stone
10,7,12,minecraft:smooth_stone
11,7,12,minecraft:smooth_stone
12,7,12,minecraft:smooth_stone
13,7,12,minecraft:smooth_stone
14,7,12,minecraft:smooth_stone
15,7,12,minecraft:smooth_stone
16,7,12,minecraft:smooth_stone
17,7,12,minecraft:smooth_stone
18,7,12,minecraft:smooth_stone
19,7,12,minecraft:smooth_stone
20,7,12,minecraft:smooth_stone
21,7,12,minecraft:smooth_stone
22,7,12,minecraft:smooth_stone
23,7,12,minecraft:smooth_stone
24,7,12,minecraft:smooth_stone
25,7,12,minecraft:smooth_stone
26,7,12,minecraft:smooth_stone
27,7,12,minecraft:smooth_stone
28,7,12,minecraft:smooth_stone
29,7,12,minecraft:smooth_stone
1,7,13,minecraft:smooth_stone
2,7,13,minecraft:smooth_stone
3,7,13,minecraft:smooth_stone
4,7,13,minecraft:smooth_stone
5,7,13,minecraft:smooth_stone
6,7,13,minecraft:smooth_stone
7,7,13,minecraft:smooth_stone
8,7,13,minecraft:smooth_stone
9,7,13,minecraft:smooth_stone
10,7,13,minecraft:smooth_stone
11,7,13,minecraft:smooth_stone
12,7,13,minecraft:smooth_stone
13,7,13,minecraft:smooth_stone
14,7,13,minecraft:smooth_stone
15,7,13,minecraft:smooth_stone
16,7,13,minecraft:smooth_stone
17,7,13,minecraft:smooth_stone
18,7,13,minecraft:smooth_stone
19,7,13,minecraft:smooth_stone
20,7,13,minecraft:smooth_stone
21,7,13,minecraft:smooth_stone
22,7,13,minecraft:smooth_stone
23,7,13,minecraft:smooth_stone
24,7,13,minecraft:smooth_stone
25,7,13,minecraft:smooth_stone
26,7,13,minecraft:smooth_stone
27,7,13,minecraft:smooth_stone
28,7,13,minecraft:smooth_stone
29,7,13,minecraft:smooth_stone
1,7,14,minecraft:smooth_stone
2,7,14,minecraft:smooth_stone
3,7,14,minecraft:smooth_stone
4,7,14,minecraft:smooth_stone
5,7,14,minecraft:smooth_stone
6,7,14,minecraft:smooth_stone
7,7,14,minecraft:smooth_stone
8,7,14,minecraft:smooth_stone
9,7,14,minecraft:smooth_stone
10,7,14,minecraft:smooth_stone
11,7,14,minecraft:smooth_stone
12,7,14,minecraft:smooth_stone
13,7,14,minecraft:smooth_stone
14,7,14,minecraft:smooth_stone
15,7,14,minecraft:smooth_stone
16,7,14,minecraft:smooth_stone
17,7,14,minecraft:smooth_stone
18,7,14,minecraft:smooth_stone
19,7,14,minecraft:smooth_stone
20,7,14,minecraft:smooth_stone
21,7,14,minecraft:smooth_stone
22,7,14,minecraft:smooth_stone
23,7,14,minecraft:smooth_stone
24,7,14,minecraft:smooth_stone
25,7,14,minecraft:smooth_stone
26,7,14,minecraft:smooth_stone
27,7,14,minecraft:smooth_stone
28,7,14,minecraft:smooth_stone
29,7,14,minecraft:smooth_stone
1,7,15,minecraft:cut_copper
2,7,15,minecraft:cut_copper
3,7,15,minecraft:cut_copper
4,7,15,minecraft:cut_copper
5,7,15,minecraft:cut_copper
6,7,15,minecraft:cut_copper
7,7,15,minecraft:smooth_stone
8,7,15,minecraft:smooth_stone
9,7,15,minecraft:smooth_stone
10,7,15,minecraft:smooth_stone
11,7,15,minecraft:smooth_stone
12,7,15,minecraft:smooth_stone
13,7,15,minecraft:smooth_stone
14,7,15,minecraft:smooth_stone
15,7,15,minecraft:smooth_stone
16,7,15,minecraft:smooth_stone
17,7,15,minecraft:smooth_stone
18,7,15,minecraft:smooth_stone
19,7,15,minecraft:smooth_stone
20,7,15,minecraft:smooth_stone
21,7,15,minecraft:smooth_stone
22,7,15,minecraft:smooth_stone
23,7,15,minecraft:smooth_stone
24,7,15,minecraft:cut_copper
25,7,15,minecraft:cut_copper
26,7,15,minecraft:cut_copper
27,7,15,minecraft:cut_copper
28,7,15,minecraft:cut_copper
29,7,15,minecraft:cut_copper
1,7,16,minecraft:smooth_stone
2,7,16,minecraft:smooth_stone
3,7,16,minecraft:smooth_stone
4,7,16,minecraft:smooth_stone
5,7,16,minecraft:smooth_stone
6,7,16,minecraft:smooth_stone
7,7,16,minecraft:smooth_stone
8,7,16,minecraft:smooth_stone
9,7,16,minecraft:smooth_stone
10,7,16,minecraft:smooth_stone
11,7,16,minecraft:smooth_stone
12,7,16,minecraft:smooth_stone
13,7,16,minecraft:smooth_stone
14,7,16,minecraft:smooth_stone
15,7,16,minecraft:smooth_stone
16,7,16,minecraft:smooth_stone
17,7,16,minecraft:smooth_stone
18,7,16,minecraft:smooth_stone
19,7,16,minecraft:smooth_stone
20,7,16,minecraft:smooth_stone
21,7,16,minecraft:smooth_stone
22,7,16,minecraft:smooth_stone
23,7,16,minecraft:smooth_stone
24,7,16,minecraft:smooth_stone
25,7,16,minecraft:smooth_stone
26,7,16,minecraft:smooth_stone
27,7,16,minecraft:smooth_stone
28,7,16,minecraft:smooth_stone
29,7,16,minecraft:smooth_stone
1,7,17,minecraft:smooth_stone
2,7,17,minecraft:smooth_stone
3,7,17,minecraft:smooth_stone
4,7,17,minecraft:smooth_stone
5,7,17,minecraft:smooth_stone
6,7,17,minecraft:smooth_stone
7,7,17,minecraft:smooth_stone
8,7,17,minecraft:smooth_stone
9,7,17,minecraft:smooth_stone
10,7,17,minecraft:smooth_stone
11,7,17,minecraft:smooth_stone
12,7,17,minecraft:smooth_stone
13,7,17,minecraft:smooth_stone
14,7,17,minecraft:smooth_stone
15,7,17,minecraft:smooth_stone
16,7,17,minecraft:smooth_stone
17,7,17,minecraft:smooth_stone
18,7,17,minecraft:smooth_stone
19,7,17,minecraft:smooth_stone
20,7,17,minecraft:smooth_stone
21,7,17,minecraft:smooth_stone
22,7,17,minecraft:smooth_stone
23,7,17,minecraft:smooth_stone
24,7,17,minecraft:smooth_stone
25,7,17,minecraft:smooth_stone
26,7,17,minecraft:smooth_stone
27,7,17,minecraft:smooth_stone
28,7,17,minecraft:smooth_stone
29,7,17,minecraft:smooth_stone
1,7,18,minecraft:smooth_stone
2,7,18,minecraft:smooth_stone
3,7,18,minecraft:smooth_stone
4,7,18,minecraft:smooth_stone
5,7,18,minecraft:smooth_stone
6,7,18,minecraft:smooth_stone
7,7,18,minecraft:smooth_stone
8,7,18,minecraft:smooth_stone
9,7,18,minecraft:smooth_stone
10,7,18,minecraft:smooth_stone
11,7,18,minecraft:smooth_stone
12,7,18,minecraft:smooth_stone
13,7,18,minecraft:smooth_stone
14,7,18,minecraft:smooth_stone
15,7,18,minecraft:smooth_stone
16,7,18,minecraft:smooth_stone
17,7,18,minecraft:smooth_stone
18,7,18,minecraft:smooth_stone
19,7,18,minecraft:smooth_stone
20,7,18,minecraft:smooth_stone
21,7,18,minecraft:smooth_stone
22,7,18,minecraft:smooth_stone
23,7,18,minecraft:smooth_stone
24,7,18,minecraft:smooth_stone
25,7,18,minecraft:smooth_stone
26,7,18,minecraft:smooth_stone
27,7,18,minecraft:smooth_stone
28,7,18,minecraft:smooth_stone
29,7,18,minecraft:smooth_stone
1,7,19,minecraft:smooth_stone
2,7,19,minecraft:smooth_stone
3,7,19,minecraft:smooth_stone
4,7,19,minecraft:smooth_stone
5,7,19,minecraft:smooth_stone
6,7,19,minecraft:smooth_stone
7,7,19,minecraft:smooth_stone
8,7,19,minecraft:smooth_stone
9,7,19,minecraft:smooth_stone
10,7,19,minecraft:smooth_stone
11,7,19,minecraft:smooth_stone
12,7,19,minecraft:smooth_stone
13,7,19,minecraft:smooth_stone
14,7,19,minecraft:smooth_stone
15,7,19,minecraft:smooth_stone
16,7,19,minecraft:smooth_stone
17,7,19,minecraft:smooth_stone
18,7,19,minecraft:smooth_stone
19,7,19,minecraft:smooth_stone
20,7,19,minecraft:smooth_stone
21,7,19,minecraft:smooth_stone
22,7,19,minecraft:smooth_stone
23,7,19,minecraft:smooth_stone
24,7,19,minecraft:smooth_stone
25,7,19,minecraft:smooth_stone
26,7,19,minecraft:smooth_stone
27,7,19,minecraft:smooth_stone
28,7,19,minecraft:smooth_stone
29,7,19,minecraft:smooth_stone
1,7,20,minecraft:smooth_stone
2,7,20,minecraft:smooth_stone
3,7,20,minecraft:smooth_stone
4,7,20,minecraft:smooth_stone
5,7,20,minecraft:smooth_stone
6,7,20,minecraft:smooth_stone
7,7,20,minecraft:smooth_stone
8,7,20,minecraft:smooth_stone
9,7,20,minecraft:smooth_stone
10,7,20,minecraft:smooth_stone
11,7,20,minecraft:smooth_stone
12,7,20,minecraft:smooth_stone
13,7,20,minecraft:smooth_stone
14,7,20,minecraft:smooth_stone
15,7,20,minecraft:smooth_stone
16,7,20,minecraft:smooth_stone
17,7,20,minecraft:smooth_stone
18,7,20,minecraft:smooth_stone
19,7,20,minecraft:smooth_stone
20,7,20,minecraft:smooth_stone
21,7,20,minecraft:smooth_stone
22,7,20,minecraft:smooth_stone
23,7,20,minecraft:smooth_stone
24,7,20,minecraft:smooth_stone
25,7,20,minecraft:smooth_stone
26,7,20,minecraft:smooth_stone
27,7,20,minecraft:smooth_stone
28,7,20,minecraft:smooth_stone
29,7,20,minecraft:smooth_stone
1,7,21,minecraft:smooth_stone
2,7,21,minecraft:smooth_stone
3,7,21,minecraft:smooth_stone
4,7,21,minecraft:smooth_stone
5,7,21,minecraft:smooth_stone
6,7,21,minecraft:smooth_stone
7,7,21,minecraft:smooth_stone
8,7,21,minecraft:smooth_stone
9,7,21,minecraft:smooth_stone
10,7,21,minecraft:smooth_stone
11,7,21,minecraft:smooth_stone
12,7,21,minecraft:smooth_stone
13,7,21,minecraft:smooth_stone
14,7,21,minecraft:smooth_stone
15,7,21,minecraft:smooth_stone
16,7,21,minecraft:smooth_stone
17,7,21,minecraft:smooth_stone
18,7,21,minecraft:smooth_stone
19,7,21,minecraft:smooth_stone
20,7,21,minecraft:smooth_stone
21,7,21,minecraft:smooth_stone
22,7,21,minecraft:smooth_stone
23,7,21,minecraft:smooth_stone
24,7,21,minecraft:smooth_stone
25,7,21,minecraft:smooth_stone
26,7,21,minecraft:smooth_stone
27,7,21,minecraft:smooth_stone
28,7,21,minecraft:smooth_stone
29,7,21,minecraft:smooth_stone
1,7,22,minecraft:smooth_stone
2,7,22,minecraft:smooth_stone
3,7,22,minecraft:smooth_stone
4,7,22,minecraft:smooth_stone
5,7,22,minecraft:smooth_stone
6,7,22,minecraft:smooth_stone
7,7,22,minecraft:smooth_stone
8,7,22,minecraft:smooth_stone
9,7,22,minecraft:smooth_stone
10,7,22,minecraft:smooth_stone
11,7,22,minecraft:smooth_stone
12,7,22,minecraft:smooth_stone
13,7,22,minecraft:smooth_stone
14,7,22,minecraft:smooth_stone
15,7,22,minecraft:smooth_stone
16,7,22,minecraft:smooth_stone
17,7,22,minecraft:smooth_stone
18,7,22,minecraft:smooth_stone
19,7,22,minecraft:smooth_stone
20,7,22,minecraft:smooth_stone
21,7,22,minecraft:smooth_stone
22,7,22,minecraft:smooth_stone
23,7,22,minecraft:smooth_stone
24,7,22,minecraft:smooth_stone
25,7,22,minecraft:smooth_stone
26,7,22,minecraft:smooth_stone
27,7,22,minecraft:smooth_stone
28,7,22,minecraft:smooth_stone
29,7,22,minecraft:smooth_stone
1,7,23,minecraft:smooth_stone
2,7,23,minecraft:smooth_stone
3,7,23,minecraft:smooth_stone
4,7,23,minecraft:smooth_stone
5,7,23,minecraft:smooth_stone
6,7,23,minecraft:smooth_stone
7,7,23,minecraft:smooth_stone
8,7,23,minecraft:smooth_stone
9,7,23,minecraft:smooth_stone
10,7,23,minecraft:smooth_stone
11,7,23,minecraft:smooth_stone
12,7,23,minecraft:smooth_stone
13,7,23,"minecraft:stone_brick_stairs[facing=north,half=bottom,shape=straight,waterlogged=false]"
14,7,23,"minecraft:stone_brick_stairs[facing=north,half=bottom,shape=straight,waterlogged=false]"
15,7,23,"minecraft:cut_copper_stairs[facing=north,half=bottom,shape=straight,waterlogged=false]"
16,7,23,"minecraft:stone_brick_stairs[facing=north,half=bottom,shape=straight,waterlogged=false]"
17,7,23,"minecraft:stone_brick_stairs[facing=north,half=bottom,shape=straight,waterlogged=false]"
18,7,23,minecraft:smooth_stone
19,7,23,minecraft:smooth_stone
20,7,23,minecraft:smooth_stone
21,7,23,minecraft:smooth_stone
22,7,23,minecraft:smooth_stone
23,7,23,minecraft:smooth_stone
24,7,23,minecraft:smooth_stone
25,7,23,minecraft:smooth_stone
26,7,23,minecraft:smooth_stone
27,7,23,minecraft:smooth_stone
28,7,23,minecraft:smooth_stone
29,7,23,minecraft:smooth_stone
1,7,24,minecraft:smooth_stone
2,7,24,minecraft:smooth_stone
3,7,24,minecraft:smooth_stone
4,7,24,minecraft:smooth_stone
5,7,24,minecraft:smooth_stone
6,7,24,minecraft:smooth_stone
7,7,24,minecraft:smooth_stone
8,7,24,minecraft:smooth_stone
9,7,24,minecraft:smooth_stone
10,7,24,minecraft:smooth_stone
11,7,24,minecraft:smooth_stone
12,7,24,minecraft:smooth_stone
18,7,24,minecraft:smooth_stone
19,7,24,minecraft:smooth_stone
20,7,24,minecraft:smooth_stone
21,7,24,minecraft:smooth_stone
22,7,24,minecraft:smooth_stone
23,7,24,minecraft:smooth_stone
24,7,24,minecraft:smooth_stone
25,7,24,minecraft:smooth_stone
26,7,24,minecraft:smooth_stone
27,7,24,minecraft:smooth_stone
28,7,24,minecraft:smooth_stone
29,7,24,minecraft:smooth_stone
1,7,25,minecraft:smooth_stone
2,7,25,minecraft:smooth_stone
3,7,25,minecraft:smooth_stone
4,7,25,minecraft:smooth_stone
5,7,25,minecraft:smooth_stone
6,7,25,minecraft:smooth_stone
7,7,25,minecraft:smooth_stone
8,7,25,minecraft:smooth_stone
9,7,25,minecraft:smooth_stone
10,7,25,minecraft:smooth_stone
11,7,25,minecraft:smooth_stone
12,7,25,minecraft:smooth_stone
18,7,25,minecraft:smooth_stone
19,7,25,minecraft:smooth_stone
20,7,25,minecraft:smooth_stone
21,7,25,minecraft:smooth_stone
22,7,25,minecraft:smooth_stone
23,7,25,minecraft:smooth_stone
24,7,25,minecraft:smooth_stone
25,7,25,minecraft:smooth_stone
26,7,25,minecraft:smooth_stone
27,7,25,minecraft:smooth_stone
28,7,25,minecraft:smooth_stone
29,7,25,minecraft:smooth_stone
1,7,26,minecraft:smooth_stone
2,7,26,minecraft:smooth_stone
3,7,26,minecraft:smooth_stone
4,7,26,minecraft:smooth_stone
5,7,26,minecraft:smooth_stone
6,7,26,minecraft:smooth_stone
7,7,26,minecraft:smooth_stone
8,7,26,minecraft:smooth_stone
9,7,26,minecraft:smooth_stone
10,7,26,minecraft:smooth_stone
11,7,26,minecraft:smooth_stone
12,7,26,minecraft:smooth_stone
13,7,26,minecraft:smooth_stone
14,7,26,minecraft:smooth_stone
15,7,26,minecraft:cut_copper
16,7,26,minecraft:smooth_stone
17,7,26,minecraft:smooth_stone
18,7,26,minecraft:smooth_stone
19,7,26,minecraft:smooth_stone
20,7,26,minecraft:smooth_stone
21,7,26,minecraft:smooth_stone
22,7,26,minecraft:smooth_stone
23,7,26,minecraft:smooth_stone
24,7,26,minecraft:smooth_stone
25,7,26,minecraft:smooth_stone
26,7,26,minecraft:smooth_stone
27,7,26,minecraft:smooth_stone
28,7,26,minecraft:smooth_stone
29,7,26,minecraft:smooth_stone
1,7,27,minecraft:smooth_stone
2,7,27,minecraft:smooth_stone
3,7,27,minecraft:smooth_stone
4,7,27,minecraft:smooth_stone
5,7,27,minecraft:smooth_stone
6,7,27,minecraft:smooth_stone
7,7,27,minecraft:smooth_stone
8,7,27,minecraft:smooth_stone
9,7,27,minecraft:smooth_stone
10,7,27,minecraft:smooth_stone
11,7,27,minecraft:smooth_stone
12,7,27,minecraft:smooth_stone
13,7,27,minecraft:smooth_stone
14,7,27,minecraft:smooth_stone
15,7,27,minecraft:cut_copper
16,7,27,minecraft:smooth_stone
17,7,27,minecraft:smooth_stone
18,7,27,minecraft:smooth_stone
19,7,27,minecraft:smooth_stone
20,7,27,minecraft:smooth_stone
21,7,27,minecraft:smooth_stone
22,7,27,minecraft:smooth_stone
23,7,27,minecraft:smooth_stone
24,7,27,minecraft:smooth_stone
25,7,27,minecraft:smooth_stone
26,7,27,minecraft:smooth_stone
27,7,27,minecraft:smooth_stone
28,7,27,minecraft:smooth_stone
29,7,27,minecraft:smooth_stone
1,7,28,minecraft:smooth_stone
2,7,28,minecraft:smooth_stone
3,7,28,minecraft:smooth_stone
4,7,28,minecraft:smooth_stone
5,7,28,minecraft:smooth_stone
6,7,28,minecraft:smooth_stone
7,7,28,minecraft:smooth_stone
8,7,28,minecraft:smooth_stone
9,7,28,minecraft:smooth_stone
10,7,28,minecraft:smooth_stone
11,7,28,minecraft:smooth_stone
12,7,28,minecraft:smooth_stone
13,7,28,minecraft:smooth_stone
14,7,28,minecraft:smooth_stone
15,7,28,minecraft:cut_copper
16,7,28,minecraft:smooth_stone
17,7,28,minecraft:smooth_stone
18,7,28,minecraft:smooth_stone
19,7,28,minecraft:smooth_stone
20,7,28,minecraft:smooth_stone
21,7,28,minecraft:smooth_stone
22,7,28,minecraft:smooth_stone
23,7,28,minecraft:smooth_stone
24,7,28,minecraft:smooth_stone
25,7,28,minecraft:smooth_stone
26,7,28,minecraft:smooth_stone
27,7,28,minecraft:smooth_stone
28,7,28,minecraft:smooth_stone
29,7,28,minecraft:smooth_stone
1,7,29,minecraft:smooth_stone
2,7,29,minecraft:smooth_stone
3,7,29,minecraft:smooth_stone
4,7,29,minecraft:smooth_stone
5,7,29,minecraft:smooth_stone
6,7,29,minecraft:smooth_stone
7,7,29,minecraft:smooth_stone
8,7,29,minecraft:smooth_stone
9,7,29,minecraft:smooth_stone
10,7,29,minecraft:smooth_stone
11,7,29,minecraft:smooth_stone
12,7,29,minecraft:smooth_stone
13,7,29,minecraft:smooth_stone
14,7,29,minecraft:smooth_stone
15,7,29,minecraft:cut_copper
16,7,29,minecraft:smooth_stone
17,7,29,minecraft:smooth_stone
18,7,29,minecraft:smooth_stone
19,7,29,minecraft:smooth_stone
20,7,29,minecraft:smooth_stone
21,7,29,minecraft:smooth_stone
22,7,29,minecraft:smooth_stone
23,7,29,minecraft:smooth_stone
24,7,29,minecraft:smooth_stone
25,7,29,minecraft:smooth_stone
26,7,29,minecraft:smooth_stone
27,7,29,minecraft:smooth_stone
28,7,29,minecraft:smooth_stone
29,7,29,minecraft:smooth_stone
6,8,6,minecraft:deepslate_tiles
7,8,6,minecraft:deepslate_tiles
8,8,6,minecraft:deepslate_tiles
9,8,6,minecraft:deepslate_tiles
10,8,6,minecraft:deepslate_tiles
11,8,6,minecraft:deepslate_tiles
12,8,6,minecraft:deepslate_tiles
13,8,6,minecraft:deepslate_tiles
14,8,6,minecraft:deepslate_tiles
15,8,6,minecraft:cut_copper
16,8,6,minecraft:deepslate_tiles
17,8,6,minecraft:deepslate_tiles
18,8,6,minecraft:deepslate_tiles
19,8,6,minecraft:deepslate_tiles
20,8,6,minecraft:deepslate_tiles
21,8,6,minecraft:deepslate_tiles
22,8,6,minecraft:deepslate_tiles
23,8,6,minecraft:deepslate_tiles
24,8,6,minecraft:deepslate_tiles
6,8,7,minecraft:deepslate_tiles
24,8,7,minecraft:deepslate_tiles
6,8,8,minecraft:deepslate_tiles
24,8,8,minecraft:deepslate_tiles
6,8,9,minecraft:deepslate_tiles
24,8,9,minecraft:deepslate_tiles
6,8,10,minecraft:deepslate_tiles
24,8,10,minecraft:deepslate_tiles
6,8,11,minecraft:deepslate_tiles
24,8,11,minecraft:deepslate_tiles
6,8,12,minecraft:deepslate_tiles
24,8,12,minecraft:deepslate_tiles
6,8,13,minecraft:deepslate_tiles
24,8,13,minecraft:deepslate_tiles
6,8,14,minecraft:deepslate_tiles
24,8,14,minecraft:deepslate_tiles
6,8,15,minecraft:cut_copper
24,8,15,minecraft:cut_copper
6,8,16,minecraft:deepslate_tiles
24,8,16,minecraft:deepslate_tiles
6,8,17,minecraft:deepslate_tiles
24,8,17,minecraft:deepslate_tiles
6,8,18,minecraft:deepslate_tiles
24,8,18,minecraft:deepslate_tiles
6,8,19,minecraft:deepslate_tiles
24,8,19,minecraft:deepslate_tiles
6,8,20,minecraft:deepslate_tiles
24,8,20,minecraft:deepslate_tiles
6,8,21,minecraft:deepslate_tiles
24,8,21,minecraft:deepslate_tiles
6,8,22,minecraft:deepslate_tiles
24,8,22,minecraft:deepslate_tiles
6,8,23,minecraft:deepslate_tiles
24,8,23,minecraft:deepslate_tiles
6,8,24,minecraft:deepslate_tiles
7,8,24,minecraft:deepslate_tiles
8,8,24,minecraft:deepslate_tiles
9,8,24,minecraft:deepslate_tiles
10,8,24,minecraft:deepslate_tiles
11,8,24,minecraft:deepslate_tiles
12,8,24,minecraft:deepslate_tiles
13,8,24,"minecraft:stone_brick_stairs[facing=north,half=bottom,shape=straight,waterlogged=false]"
14,8,24,"minecraft:stone_brick_stairs[facing=north,half=bottom,shape=straight,waterlogged=false]"
15,8,24,"minecraft:cut_copper_stairs[facing=north,half=bottom,shape=straight,waterlogged=false]"
16,8,24,"minecraft:stone_brick_stairs[facing=north,half=bottom,shape=straight,waterlogged=false]"
17,8,24,"minecraft:stone_brick_stairs[facing=north,half=bottom,shape=straight,waterlogged=false]"
18,8,24,minecraft:deepslate_tiles
19,8,24,minecraft:deepslate_tiles
20,8,24,minecraft:deepslate_tiles
21,8,24,minecraft:deepslate_tiles
22,8,24,minecraft:deepslate_tiles
23,8,24,minecraft:deepslate_tiles
24,8,24,minecraft:deepslate_tiles
6,9,6,minecraft:stone_bricks
7,9,6,minecraft:stone_bricks
8,9,6,minecraft:stone_bricks
9,9,6,minecraft:stone_bricks
10,9,6,minecraft:stone_bricks
11,9,6,minecraft:stone_bricks
12,9,6,minecraft:stone_bricks
13,9,6,minecraft:stone_bricks
14,9,6,minecraft:stone_bricks
15,9,6,minecraft:cut_copper
16,9,6,minecraft:stone_bricks
17,9,6,minecraft:stone_bricks
18,9,6,minecraft:stone_bricks
19,9,6,minecraft:stone_bricks
20,9,6,minecraft:stone_bricks
21,9,6,minecraft:stone_bricks
22,9,6,minecraft:stone_bricks
23,9,6,minecraft:stone_bricks
24,9,6,minecraft:stone_bricks
6,9,7,minecraft:stone_bricks
24,9,7,minecraft:stone_bricks
6,9,8,minecraft:stone_bricks
24,9,8,minecraft:stone_bricks
6,9,9,minecraft:stone_bricks
24,9,9,minecraft:stone_bricks
6,9,10,minecraft:stone_bricks
24,9,10,minecraft:stone_bricks
6,9,11,minecraft:stone_bricks
24,9,11,minecraft:stone_bricks
6,9,12,minecraft:stone_bricks
24,9,12,minecraft:stone_bricks
6,9,13,minecraft:stone_bricks
24,9,13,minecraft:stone_bricks
6,9,14,minecraft:stone_bricks
24,9,14,minecraft:stone_bricks
6,9,15,minecraft:cut_copper
24,9,15,minecraft:cut_copper
6,9,16,minecraft:stone_bricks
24,9,16,minecraft:stone_bricks
6,9,17,minecraft:stone_bricks
24,9,17,minecraft:stone_bricks
6,9,18,minecraft:stone_bricks
24,9,18,minecraft:stone_bricks
6,9,19,minecraft:stone_bricks
24,9,19,minecraft:stone_bricks
6,9,20,minecraft:stone_bricks
24,9,20,minecraft:stone_bricks
6,9,21,minecraft:stone_bricks
24,9,21,minecraft:stone_bricks
6,9,22,minecraft:stone_bricks
24,9,22,minecraft:stone_bricks
6,9,23,minecraft:stone_bricks
13,9,23,"minecraft:stone_brick_stairs[facing=north,half=bottom,shape=straight,waterlogged=false]"
14,9,23,"minecraft:stone_brick_stairs[facing=north,half=bottom,shape=straight,waterlogged=false]"
15,9,23,"minecraft:cut_copper_stairs[facing=north,half=bottom,shape=straight,waterlogged=false]"
16,9,23,"minecraft:stone_brick_stairs[facing=north,half=bottom,shape=straight,waterlogged=false]"
17,9,23,"minecraft:stone_brick_stairs[facing=north,half=bottom,shape=straight,waterlogged=false]"
24,9,23,minecraft:stone_bricks
6,9,24,minecraft:stone_bricks
7,9,24,minecraft:stone_bricks
8,9,24,minecraft:stone_bricks
9,9,24,minecraft:stone_bricks
10,9,24,minecraft:stone_bricks
11,9,24,minecraft:stone_bricks
12,9,24,minecraft:stone_bricks
18,9,24,minecraft:stone_bricks
19,9,24,minecraft:stone_bricks
20,9,24,minecraft:stone_bricks
21,9,24,minecraft:stone_bricks
22,9,24,minecraft:stone_bricks
23,9,24,minecraft:stone_bricks
24,9,24,minecraft:stone_bricks
6,10,6,minecraft:stone_bricks
7,10,6,minecraft:stone_bricks
8,10,6,minecraft:stone_bricks
9,10,6,minecraft:stone_bricks
10,10,6,minecraft:stone_bricks
11,10,6,minecraft:stone_bricks
12,10,6,minecraft:stone_bricks
13,10,6,minecraft:stone_bricks
14,10,6,minecraft:stone_bricks
15,10,6,minecraft:cut_copper
16,10,6,minecraft:stone_bricks
17,10,6,minecraft:stone_bricks
18,10,6,minecraft:stone_bricks
19,10,6,minecraft:stone_bricks
20,10,6,minecraft:stone_bricks
21,10,6,minecraft:stone_bricks
22,10,6,minecraft:stone_bricks
23,10,6,minecraft:stone_bricks
24,10,6,minecraft:stone_bricks
6,10,7,minecraft:stone_bricks
24,10,7,minecraft:stone_bricks
6,10,8,minecraft:stone_bricks
24,10,8,minecraft:stone_bricks
6,10,9,minecraft:stone_bricks
24,10,9,minecraft:stone_bricks
6,10,10,minecraft:stone_bricks
24,10,10,minecraft:stone_bricks
6,10,11,minecraft:stone_bricks
24,10,11,minecraft:stone_bricks
6,10,12,minecraft:stone_bricks
24,10,12,minecraft:stone_bricks
6,10,13,minecraft:stone_bricks
24,10,13,minecraft:stone_bricks
6,10,14,minecraft:stone_bricks
24,10,14,minecraft:stone_bricks
6,10,15,minecraft:cut_copper
24,10,15,minecraft:cut_copper
6,10,16,minecraft:stone_bricks
24,10,16,minecraft:stone_bricks
6,10,17,minecraft:stone_bricks
24,10,17,minecraft:stone_bricks
6,10,18,minecraft:stone_bricks
24,10,18,minecraft:stone_bricks
6,10,19,minecraft:stone_bricks
24,10,19,minecraft:stone_bricks
6,10,20,minecraft:stone_bricks
24,10,20,minecraft:stone_bricks
6,10,21,minecraft:stone_bricks
24,10,21,minecraft:stone_bricks
6,10,22,minecraft:stone_bricks
13,10,22,"minecraft:stone_brick_stairs[facing=north,half=bottom,shape=straight,waterlogged=false]"
14,10,22,"minecraft:stone_brick_stairs[facing=north,half=bottom,shape=straight,waterlogged=false]"
15,10,22,"minecraft:cut_copper_stairs[facing=north,half=bottom,shape=straight,waterlogged=false]"
16,10,22,"minecraft:stone_brick_stairs[facing=north,half=bottom,shape=straight,waterlogged=false]"
17,10,22,"minecraft:stone_brick_stairs[facing=north,half=bottom,shape=straight,waterlogged=false]"
24,10,22,minecraft:stone_bricks
6,10,23,minecraft:stone_bricks
24,10,23,minecraft:stone_bricks
6,10,24,minecraft:stone_bricks
7,10,24,minecraft:stone_bricks
8,10,24,minecraft:stone_bricks
9,10,24,minecraft:stone_bricks
10,10,24,minecraft:stone_bricks
11,10,24,minecraft:stone_bricks
12,10,24,minecraft:stone_bricks
18,10,24,minecraft:stone_bricks
19,10,24,minecraft:stone_bricks
20,10,24,minecraft:stone_bricks
21,10,24,minecraft:stone_bricks
22,10,24,minecraft:stone_bricks
23,10,24,minecraft:stone_bricks
24,10,24,minecraft:stone_bricks
6,11,6,minecraft:stone_bricks
7,11,6,minecraft:stone_bricks
8,11,6,minecraft:stone_bricks
9,11,6,minecraft:stone_bricks
10,11,6,minecraft:stone_bricks
11,11,6,minecraft:stone_bricks
12,11,6,minecraft:stone_bricks
13,11,6,minecraft:stone_bricks
14,11,6,minecraft:stone_bricks
15,11,6,minecraft:cut_copper
16,11,6,minecraft:stone_bricks
17,11,6,minecraft:stone_bricks
18,11,6,minecraft:stone_bricks
19,11,6,minecraft:stone_bricks
20,11,6,minecraft:stone_bricks
21,11,6,minecraft:stone_bricks
22,11,6,minecraft:stone_bricks
23,11,6,minecraft:stone_bricks
24,11,6,minecraft:stone_bricks
6,11,7,minecraft:stone_bricks
24,11,7,minecraft:stone_bricks
6,11,8,minecraft:stone_bricks
24,11,8,minecraft:stone_bricks
6,11,9,minecraft:stone_bricks
24,11,9,minecraft:stone_bricks
6,11,10,minecraft:stone_bricks
24,11,10,minecraft:stone_bricks
6,11,11,minecraft:stone_bricks
24,11,11,minecraft:stone_bricks
6,11,12,minecraft:stone_bricks
24,11,12,minecraft:stone_bricks
6,11,13,minecraft:stone_bricks
24,11,13,minecraft:stone_bricks
6,11,14,minecraft:stone_bricks
24,11,14,minecraft:stone_bricks
6,11,15,minecraft:cut_copper
24,11,15,minecraft:cut_copper
6,11,16,minecraft:stone_bricks
24,11,16,minecraft:stone_bricks
6,11,17,minecraft:stone_bricks
24,11,17,minecraft:stone_bricks
6,11,18,minecraft:stone_bricks
24,11,18,minecraft:stone_bricks
6,11,19,minecraft:stone_bricks
24,11,19,minecraft:stone_bricks
6,11,20,minecraft:stone_bricks
24,11,20,minecraft:stone_bricks
6,11,21,minecraft:stone_bricks
13,11,21,"minecraft:stone_brick_stairs[facing=north,half=bottom,shape=straight,waterlogged=false]"
14,11,21,"minecraft:stone_brick_stairs[facing=north,half=bottom,shape=straight,waterlogged=false]"
15,11,21,"minecraft:cut_copper_stairs[facing=north,half=bottom,shape=straight,waterlogged=false]"
16,11,21,"minecraft:stone_brick_stairs[facing=north,half=bottom,shape=straight,waterlogged=false]"
17,11,21,"minecraft:stone_brick_stairs[facing=north,half=bottom,shape=straight,waterlogged=false]"
24,11,21,minecraft:stone_bricks
6,11,22,minecraft:stone_bricks
24,11,22,minecraft:stone_bricks
6,11,23,minecraft:stone_bricks
24,11,23,minecraft:stone_bricks
6,11,24,minecraft:stone_bricks
7,11,24,minecraft:stone_bricks
8,11,24,minecraft:stone_bricks
9,11,24,minecraft:stone_bricks
10,11,24,minecraft:stone_bricks
11,11,24,minecraft:stone_bricks
12,11,24,minecraft:stone_bricks
13,11,24,minecraft:stone_bricks
14,11,24,minecraft:stone_bricks
15,11,24,minecraft:cut_copper
16,11,24,minecraft:stone_bricks
17,11,24,minecraft:stone_bricks
18,11,24,minecraft:stone_bricks
19,11,24,minecraft:stone_bricks
20,11,24,minecraft:stone_bricks
21,11,24,minecraft:stone_bricks
22,11,24,minecraft:stone_bricks
23,11,24,minecraft:stone_bricks
24,11,24,minecraft:stone_bricks
6,12,6,minecraft:stone_bricks
7,12,6,minecraft:stone_bricks
8,12,6,minecraft:stone_bricks
9,12,6,minecraft:stone_bricks
10,12,6,minecraft:stone_bricks
11,12,6,minecraft:stone_bricks
12,12,6,minecraft:stone_bricks
13,12,6,minecraft:stone_bricks
14,12,6,minecraft:stone_bricks
15,12,6,minecraft:cut_copper
16,12,6,minecraft:stone_bricks
17,12,6,minecraft:stone_bricks
18,12,6,minecraft:stone_bricks
19,12,6,minecraft:stone_bricks
20,12,6,minecraft:stone_bricks
21,12,6,minecraft:stone_bricks
22,12,6,minecraft:stone_bricks
23,12,6,minecraft:stone_bricks
24,12,6,minecraft:stone_bricks
6,12,7,minecraft:stone_bricks
24,12,7,minecraft:stone_bricks
6,12,8,minecraft:stone_bricks
24,12,8,minecraft:stone_bricks
6,12,9,minecraft:stone_bricks
24,12,9,minecraft:stone_bricks
6,12,10,minecraft:stone_bricks
24,12,10,minecraft:stone_bricks
6,12,11,minecraft:stone_bricks
24,12,11,minecraft:stone_bricks
6,12,12,minecraft:stone_bricks
24,12,12,minecraft:stone_bricks
6,12,13,minecraft:stone_bricks
24,12,13,minecraft:stone_bricks
6,12,14,minecraft:stone_bricks
24,12,14,minecraft:stone_bricks
6,12,15,minecraft:cut_copper
24,12,15,minecraft:cut_copper
6,12,16,minecraft:stone_bricks
24,12,16,minecraft:stone_bricks
6,12,17,minecraft:stone_bricks
24,12,17,minecraft:stone_bricks
6,12,18,minecraft:stone_bricks
24,12,18,minecraft:stone_bricks
6,12,19,minecraft:stone_bricks
24,12,19,minecraft:stone_bricks
6,12,20,minecraft:stone_bricks
13,12,20,"minecraft:stone_brick_stairs[facing=north,half=bottom,shape=straight,waterlogged=false]"
14,12,20,"minecraft:stone_brick_stairs[facing=north,half=bottom,shape=straight,waterlogged=false]"
15,12,20,"minecraft:cut_copper_stairs[facing=north,half=bottom,shape=straight,waterlogged=false]"
16,12,20,"minecraft:stone_brick_stairs[facing=north,half=bottom,shape=straight,waterlogged=false]"
17,12,20,"minecraft:stone_brick_stairs[facing=north,half=bottom,shape=straight,waterlogged=false]"
24,12,20,minecraft:stone_bricks
6,12,21,minecraft:stone_bricks
24,12,21,minecraft:stone_bricks
6,12,22,minecraft:stone_bricks
24,12,22,minecraft:stone_bricks
6,12,23,minecraft:stone_bricks
24,12,23,minecraft:stone_bricks
6,12,24,minecraft:stone_bricks
7,12,24,minecraft:stone_bricks
8,12,24,minecraft:stone_bricks
9,12,24,minecraft:stone_bricks
10,12,24,minecraft:stone_bricks
11,12,24,minecraft:stone_bricks
12,12,24,minecraft:stone_bricks
13,12,24,minecraft:stone_bricks
14,12,24,minecraft:stone_bricks
15,12,24,minecraft:cut_copper
16,12,24,minecraft:stone_bricks
17,12,24,minecraft:stone_bricks
18,12,24,minecraft:stone_bricks
19,12,24,minecraft:stone_bricks
20,12,24,minecraft:stone_bricks
21,12,24,minecraft:stone_bricks
22,12,24,minecraft:stone_bricks
23,12,24,minecraft:stone_bricks
24,12,24,minecraft:stone_bricks
6,13,6,minecraft:stone_bricks
7,13,6,minecraft:stone_bricks
8,13,6,minecraft:stone_bricks
9,13,6,minecraft:stone_bricks
10,13,6,minecraft:stone_bricks
11,13,6,minecraft:stone_bricks
12,13,6,minecraft:stone_bricks
13,13,6,minecraft:stone_bricks
14,13,6,minecraft:stone_bricks
15,13,6,minecraft:cut_copper
16,13,6,minecraft:stone_bricks
17,13,6,minecraft:stone_bricks
18,13,6,minecraft:stone_bricks
19,13,6,minecraft:stone_bricks
20,13,6,minecraft:stone_bricks
21,13,6,minecraft:stone_bricks
22,13,6,minecraft:stone_bricks
23,13,6,minecraft:stone_bricks
24,13,6,minecraft:stone_bricks
6,13,7,minecraft:stone_bricks
24,13,7,minecraft:stone_bricks
6,13,8,minecraft:stone_bricks
24,13,8,minecraft:stone_bricks
6,13,9,minecraft:stone_bricks
24,13,9,minecraft:stone_bricks
6,13,10,minecraft:stone_bricks
24,13,10,minecraft:stone_bricks
6,13,11,minecraft:stone_bricks
24,13,11,minecraft:stone_bricks
6,13,12,minecraft:stone_bricks
24,13,12,minecraft:stone_bricks
6,13,13,minecraft:stone_bricks
24,13,13,minecraft:stone_bricks
6,13,14,minecraft:stone_bricks
24,13,14,minecraft:stone_bricks
6,13,15,minecraft:cut_copper
24,13,15,minecraft:cut_copper
6,13,16,minecraft:stone_bricks
24,13,16,minecraft:stone_bricks
6,13,17,minecraft:stone_bricks
24,13,17,minecraft:stone_bricks
6,13,18,minecraft:stone_bricks
24,13,18,minecraft:stone_bricks
6,13,19,minecraft:stone_bricks
13,13,19,"minecraft:stone_brick_stairs[facing=north,half=bottom,shape=straight,waterlogged=false]"
14,13,19,"minecraft:stone_brick_stairs[facing=north,half=bottom,shape=straight,waterlogged=false]"
15,13,19,"minecraft:cut_copper_stairs[facing=north,half=bottom,shape=straight,waterlogged=false]"
16,13,19,"minecraft:stone_brick_stairs[facing=north,half=bottom,shape=straight,waterlogged=false]"
17,13,19,"minecraft:stone_brick_stairs[facing=north,half=bottom,shape=straight,waterlogged=false]"
24,13,19,minecraft:stone_bricks
6,13,20,minecraft:stone_bricks
24,13,20,minecraft:stone_bricks
6,13,21,minecraft:stone_bricks
24,13,21,minecraft:stone_bricks
6,13,22,minecraft:stone_bricks
24,13,22,minecraft:stone_bricks
6,13,23,minecraft:stone_bricks
24,13,23,minecraft:stone_bricks
6,13,24,minecraft:stone_bricks
7,13,24,minecraft:stone_bricks
8,13,24,minecraft:stone_bricks
9,13,24,minecraft:stone_bricks
10,13,24,minecraft:stone_bricks
11,13,24,minecraft:stone_bricks
12,13,24,minecraft:stone_bricks
13,13,24,minecraft:stone_bricks
14,13,24,minecraft:stone_bricks
15,13,24,minecraft:cut_copper
16,13,24,minecraft:stone_bricks
17,13,24,minecraft:stone_bricks
18,13,24,minecraft:stone_bricks
19,13,24,minecraft:stone_bricks
20,13,24,minecraft:stone_bricks
21,13,24,minecraft:stone_bricks
22,13,24,minecraft:stone_bricks
23,13,24,minecraft:stone_bricks
24,13,24,minecraft:stone_bricks
6,14,6,minecraft:stone_bricks
7,14,6,minecraft:stone_bricks
8,14,6,minecraft:stone_bricks
9,14,6,minecraft:stone_bricks
10,14,6,minecraft:stone_bricks
11,14,6,minecraft:stone_bricks
12,14,6,minecraft:stone_bricks
13,14,6,minecraft:stone_bricks
14,14,6,minecraft:stone_bricks
15,14,6,minecraft:cut_copper
16,14,6,minecraft:stone_bricks
17,14,6,minecraft:stone_bricks
18,14,6,minecraft:stone_bricks
19,14,6,minecraft:stone_bricks
20,14,6,minecraft:stone_bricks
21,14,6,minecraft:stone_bricks
22,14,6,minecraft:stone_bricks
23,14,6,minecraft:stone_bricks
24,14,6,minecraft:stone_bricks
6,14,7,minecraft:stone_bricks
24,14,7,minecraft:stone_bricks
6,14,8,minecraft:stone_bricks
24,14,8,minecraft:stone_bricks
6,14,9,minecraft:stone_bricks
24,14,9,minecraft:stone_bricks
6,14,10,minecraft:stone_bricks
24,14,10,minecraft:stone_bricks
6,14,11,minecraft:stone_bricks
24,14,11,minecraft:stone_bricks
6,14,12,minecraft:stone_bricks
24,14,12,minecraft:stone_bricks
6,14,13,minecraft:stone_bricks
24,14,13,minecraft:stone_bricks
6,14,14,minecraft:stone_bricks
24,14,14,minecraft:stone_bricks
6,14,15,minecraft:cut_copper
24,14,15,minecraft:cut_copper
6,14,16,minecraft:stone_bricks
24,14,16,minecraft:stone_bricks
6,14,17,minecraft:stone_bricks
24,14,17,minecraft:stone_bricks
6,14,18,minecraft:stone_bricks
13,14,18,"minecraft:stone_brick_stairs[facing=north,half=bottom,shape=straight,waterlogged=false]"
14,14,18,"minecraft:stone_brick_stairs[facing=north,half=bottom,shape=straight,waterlogged=false]"
15,14,18,"minecraft:cut_copper_stairs[facing=north,half=bottom,shape=straight,waterlogged=false]"
16,14,18,"minecraft:stone_brick_stairs[facing=north,half=bottom,shape=straight,waterlogged=false]"
17,14,18,"minecraft:stone_brick_stairs[facing=north,half=bottom,shape=straight,waterlogged=false]"
24,14,18,minecraft:stone_bricks
6,14,19,minecraft:stone_bricks
24,14,19,minecraft:stone_bricks
6,14,20,minecraft:stone_bricks
24,14,20,minecraft:stone_bricks
6,14,21,minecraft:stone_bricks
24,14,21,minecraft:stone_bricks
6,14,22,minecraft:stone_bricks
24,14,22,minecraft:stone_bricks
6,14,23,minecraft:stone_bricks
24,14,23,minecraft:stone_bricks
6,14,24,minecraft:stone_bricks
7,14,24,minecraft:stone_bricks
8,14,24,minecraft:stone_bricks
9,14,24,minecraft:stone_bricks
10,14,24,minecraft:stone_bricks
11,14,24,minecraft:stone_bricks
12,14,24,minecraft:stone_bricks
13,14,24,minecraft:stone_bricks
14,14,24,minecraft:stone_bricks
15,14,24,minecraft:cut_copper
16,14,24,minecraft:stone_bricks
17,14,24,minecraft:stone_bricks
18,14,24,minecraft:stone_bricks
19,14,24,minecraft:stone_bricks
20,14,24,minecraft:stone_bricks
21,14,24,minecraft:stone_bricks
22,14,24,minecraft:stone_bricks
23,14,24,minecraft:stone_bricks
24,14,24,minecraft:stone_bricks
6,15,6,minecraft:smooth_stone
7,15,6,minecraft:smooth_stone
8,15,6,minecraft:smooth_stone
9,15,6,minecraft:smooth_stone
10,15,6,minecraft:smooth_stone
11,15,6,minecraft:smooth_stone
12,15,6,minecraft:smooth_stone
13,15,6,minecraft:smooth_stone
14,15,6,minecraft:smooth_stone
15,15,6,minecraft:cut_copper
16,15,6,minecraft:smooth_stone
17,15,6,minecraft:smooth_stone
18,15,6,minecraft:smooth_stone
19,15,6,minecraft:smooth_stone
20,15,6,minecraft:smooth_stone
21,15,6,minecraft:smooth_stone
22,15,6,minecraft:smooth_stone
23,15,6,minecraft:smooth_stone
24,15,6,minecraft:smooth_stone
6,15,7,minecraft:smooth_stone
7,15,7,minecraft:smooth_stone
8,15,7,minecraft:smooth_stone
9,15,7,minecraft:smooth_stone
10,15,7,minecraft:smooth_stone
11,15,7,minecraft:smooth_stone
12,15,7,minecraft:smooth_stone
13,15,7,minecraft:smooth_stone
14,15,7,minecraft:smooth_stone
15,15,7,minecraft:cut_copper
16,15,7,minecraft:smooth_stone
17,15,7,minecraft:smooth_stone
18,15,7,minecraft:smooth_stone
19,15,7,minecraft:smooth_stone
20,15,7,minecraft:smooth_stone
21,15,7,minecraft:smooth_stone
22,15,7,minecraft:smooth_stone
23,15,7,minecraft:smooth_stone
24,15,7,minecraft:smooth_stone
6,15,8,minecraft:smooth_stone
7,15,8,minecraft:smooth_stone
8,15,8,minecraft:smooth_stone
9,15,8,minecraft:smooth_stone
10,15,8,minecraft:smooth_stone
11,15,8,minecraft:smooth_stone
12,15,8,minecraft:smooth_stone
13,15,8,minecraft:smooth_stone
14,15,8,minecraft:smooth_stone
15,15,8,minecraft:cut_copper
16,15,8,minecraft:smooth_stone
17,15,8,minecraft:smooth_stone
18,15,8,minecraft:smooth_stone
19,15,8,minecraft:smooth_stone
20,15,8,minecraft:smooth_stone
21,15,8,minecraft:smooth_stone
22,15,8,minecraft:smooth_stone
23,15,8,minecraft:smooth_stone
24,15,8,minecraft:smooth_stone
6,15,9,minecraft:smooth_stone
7,15,9,minecraft:smooth_stone
8,15,9,minecraft:smooth_stone
9,15,9,minecraft:smooth_stone
10,15,9,minecraft:smooth_stone
11,15,9,minecraft:smooth_stone
12,15,9,minecraft:smooth_stone
13,15,9,minecraft:smooth_stone
14,15,9,minecraft:smooth_stone
15,15,9,minecraft:cut_copper
16,15,9,minecraft:smooth_stone
17,15,9,minecraft:smooth_stone
18,15,9,minecraft:smooth_stone
19,15,9,minecraft:smooth_stone
20,15,9,minecraft:smooth_stone
21,15,9,minecraft:smooth_stone
22,15,9,minecraft:smooth_stone
23,15,9,minecraft:smooth_stone
24,15,9,minecraft:smooth_stone
6,15,10,minecraft:smooth_stone
7,15,10,minecraft:smooth_stone
8,15,10,minecraft:smooth_stone
9,15,10,minecraft:smooth_stone
10,15,10,minecraft:smooth_stone
11,15,10,minecraft:smooth_stone
12,15,10,minecraft:smooth_stone
13,15,10,minecraft:smooth_stone
14,15,10,minecraft:smooth_stone
15,15,10,minecraft:cut_copper
16,15,10,minecraft:smooth_stone
17,15,10,minecraft:smooth_stone
18,15,10,minecraft:smooth_stone
19,15,10,minecraft:smooth_stone
20,15,10,minecraft:smooth_stone
21,15,10,minecraft:smooth_stone
22,15,10,minecraft:smooth_stone
23,15,10,minecraft:smooth_stone
24,15,10,minecraft:smooth_stone
6,15,11,minecraft:smooth_stone
7,15,11,minecraft:smooth_stone
8,15,11,minecraft:smooth_stone
9,15,11,minecraft:smooth_stone
10,15,11,minecraft:smooth_stone
11,15,11,minecraft:smooth_stone
12,15,11,minecraft:smooth_stone
13,15,11,minecraft:smooth_stone
14,15,11,minecraft:smooth_stone
15,15,11,minecraft:cut_copper
16,15,11,minecraft:smooth_stone
17,15,11,minecraft:smooth_stone
18,15,11,minecraft:smooth_stone
19,15,11,minecraft:smooth_stone
20,15,11,minecraft:smooth_stone
21,15,11,minecraft:smooth_stone
22,15,11,minecraft:smooth_stone
23,15,11,minecraft:smooth_stone
24,15,11,minecraft:smooth_stone
6,15,12,minecraft:smooth_stone
7,15,12,minecraft:smooth_stone
8,15,12,minecraft:smooth_stone
9,15,12,minecraft:smooth_stone
10,15,12,minecraft:smooth_stone
11,15,12,minecraft:smooth_stone
12,15,12,minecraft:smooth_stone
13,15,12,minecraft:smooth_stone
14,15,12,minecraft:smooth_stone
15,15,12,minecraft:smooth_stone
16,15,12,minecraft:smooth_stone
17,15,12,minecraft:smooth_stone
18,15,12,minecraft:smooth_stone
19,15,12,minecraft:smooth_stone
20,15,12,minecraft:smooth_stone
21,15,12,minecraft:smooth_stone
22,15,12,minecraft:smooth_stone
23,15,12,minecraft:smooth_stone
24,15,12,minecraft:smooth_stone
6,15,13,minecraft:smooth_stone
7,15,13,minecraft:smooth_stone
8,15,13,minecraft:smooth_stone
9,15,13,minecraft:smooth_stone
10,15,13,minecraft:smooth_stone
11,15,13,minecraft:smooth_stone
12,15,13,minecraft:smooth_stone
13,15,13,minecraft:smooth_stone
14,15,13,minecraft:smooth_stone
15,15,13,minecraft:smooth_stone
16,15,13,minecraft:smooth_stone
17,15,13,minecraft:smooth_stone
18,15,13,minecraft:smooth_stone
19,15,13,minecraft:smooth_stone
20,15,13,minecraft:smooth_stone
21,15,13,minecraft:smooth_stone
22,15,13,minecraft:smooth_stone
23,15,13,minecraft:smooth_stone
24,15,13,minecraft:smooth_stone
6,15,14,minecraft:smooth_stone
7,15,14,minecraft:smooth_stone
8,15,14,minecraft:smooth_stone
9,15,14,minecraft:smooth_stone
10,15,14,minecraft:smooth_stone
11,15,14,minecraft:smooth_stone
12,15,14,minecraft:smooth_stone
13,15,14,minecraft:smooth_stone
14,15,14,minecraft:smooth_stone
15,15,14,minecraft:smooth_stone
16,15,14,minecraft:smooth_stone
17,15,14,minecraft:smooth_stone
18,15,14,minecraft:smooth_stone
19,15,14,minecraft:smooth_stone
20,15,14,minecraft:smooth_stone
21,15,14,minecraft:smooth_stone
22,15,14,minecraft:smooth_stone
23,15,14,minecraft:smooth_stone
24,15,14,minecraft:smooth_stone
6,15,15,minecraft:cut_copper
7,15,15,minecraft:cut_copper
8,15,15,minecraft:cut_copper
9,15,15,minecraft:cut_copper
10,15,15,minecraft:cut_copper
11,15,15,minecraft:cut_copper
12,15,15,minecraft:smooth_stone
13,15,15,minecraft:smooth_stone
14,15,15,minecraft:smooth_stone
15,15,15,minecraft:smooth_stone
16,15,15,minecraft:smooth_stone
17,15,15,minecraft:smooth_stone
18,15,15,minecraft:smooth_stone
19,15,15,minecraft:cut_copper
20,15,15,minecraft:cut_copper
21,15,15,minecraft:cut_copper
22,15,15,minecraft:cut_copper
23,15,15,minecraft:cut_copper
24,15,15,minecraft:cut_copper
6,15,16,minecraft:smooth_stone
7,15,16,minecraft:smooth_stone
8,15,16,minecraft:smooth_stone
9,15,16,minecraft:smooth_stone
10,15,16,minecraft:smooth_stone
11,15,16,minecraft:smooth_stone
12,15,16,minecraft:smooth_stone
13,15,16,minecraft:smooth_stone
14,15,16,minecraft:smooth_stone
15,15,16,minecraft:smooth_stone
16,15,16,minecraft:smooth_stone
17,15,16,minecraft:smooth_stone
18,15,16,minecraft:smooth_stone
19,15,16,minecraft:smooth_stone
20,15,16,minecraft:smooth_stone
21,15,16,minecraft:smooth_stone
22,15,16,minecraft:smooth_stone
23,15,16,minecraft:smooth_stone
24,15,16,minecraft:smooth_stone
6,15,17,minecraft:smooth_stone
7,15,17,minecraft:smooth_stone
8,15,17,minecraft:smooth_stone
9,15,17,minecraft:smooth_stone
10,15,17,minecraft:smooth_stone
11,15,17,minecraft:smooth_stone
12,15,17,minecraft:smooth_stone
13,15,17,"minecraft:stone_brick_stairs[facing=north,half=bottom,shape=straight,waterlogged=false]"
14,15,17,"minecraft:stone_brick_stairs[facing=north,half=bottom,shape=straight,waterlogged=false]"
15,15,17,"minecraft:cut_copper_stairs[facing=north,half=bottom,shape=straight,waterlogged=false]"
16,15,17,"minecraft:stone_brick_stairs[facing=north,half=bottom,shape=straight,waterlogged=false]"
17,15,17,"minecraft:stone_brick_stairs[facing=north,half=bottom,shape=straight,waterlogged=false]"
18,15,17,minecraft:smooth_stone
19,15,17,minecraft:smooth_stone
20,15,17,minecraft:smooth_stone
21,15,17,minecraft:smooth_stone
22,15,17,minecraft:smooth_stone
23,15,17,minecraft:smooth_stone
24,15,17,minecraft:smooth_stone
6,15,18,minecraft:smooth_stone
7,15,18,minecraft:smooth_stone
8,15,18,minecraft:smooth_stone
9,15,18,minecraft:smooth_stone
10,15,18,minecraft:smooth_stone
11,15,18,minecraft:smooth_stone
12,15,18,minecraft:smooth_stone
18,15,18,minecraft:smooth_stone
19,15,18,minecraft:smooth_stone
20,15,18,minecraft:smooth_stone
21,15,18,minecraft:smooth_stone
22,15,18,minecraft:smooth_stone
23,15,18,minecraft:smooth_stone
24,15,18,minecraft:smooth_stone
6,15,19,minecraft:smooth_stone
7,15,19,minecraft:smooth_stone
8,15,19,minecraft:smooth_stone
9,15,19,minecraft:smooth_stone
10,15,19,minecraft:smooth_stone
11,15,19,minecraft:smooth_stone
12,15,19,minecraft:smooth_stone
18,15,19,minecraft:smooth_stone
19,15,19,minecraft:smooth_stone
20,15,19,minecraft:smooth_stone
21,15,19,minecraft:smooth_stone
22,15,19,minecraft:smooth_stone
23,15,19,minecraft:smooth_stone
24,15,19,minecraft:smooth_stone
6,15,20,minecraft:smooth_stone
7,15,20,minecraft:smooth_stone
8,15,20,minecraft:smooth_stone
9,15,20,minecraft:smooth_stone
10,15,20,minecraft:smooth_stone
11,15,20,minecraft:smooth_stone
12,15,20,minecraft:smooth_stone
13,15,20,minecraft:smooth_stone
14,15,20,minecraft:smooth_stone
15,15,20,minecraft:cut_copper
16,15,20,minecraft:smooth_stone
17,15,20,minecraft:smooth_stone
18,15,20,minecraft:smooth_stone
19,15,20,minecraft:smooth_stone
20,15,20,minecraft:smooth_stone
21,15,20,minecraft:smooth_stone
22,15,20,minecraft:smooth_stone
23,15,20,minecraft:smooth_stone
24,15,20,minecraft:smooth_stone
6,15,21,minecraft:smooth_stone
7,15,21,minecraft:smooth_stone
8,15,21,minecraft:smooth_stone
9,15,21,minecraft:smooth_stone
10,15,21,minecraft:smooth_stone
11,15,21,minecraft:smooth_stone
12,15,21,minecraft:smooth_stone
13,15,21,minecraft:smooth_stone
14,15,21,minecraft:smooth_stone
15,15,21,minecraft:cut_copper
16,15,21,minecraft:smooth_stone
17,15,21,minecraft:smooth_stone
18,15,21,minecraft:smooth_stone
19,15,21,minecraft:smooth_stone
20,15,21,minecraft:smooth_stone
21,15,21,minecraft:smooth_stone
22,15,21,minecraft:smooth_stone
23,15,21,minecraft:smooth_stone
24,15,21,minecraft:smooth_stone
6,15,22,minecraft:smooth_stone
7,15,22,minecraft:smooth_stone
8,15,22,minecraft:smooth_stone
9,15,22,minecraft:smooth_stone
10,15,22,minecraft:smooth_stone
11,15,22,minecraft:smooth_stone
12,15,22,minecraft:smooth_stone
13,15,22,minecraft:smooth_stone
14,15,22,minecraft:smooth_stone
15,15,22,minecraft:cut_copper
16,15,22,minecraft:smooth_stone
17,15,22,minecraft:smooth_stone
18,15,22,minecraft:smooth_stone
19,15,22,minecraft:smooth_stone
20,15,22,minecraft:smooth_stone
21,15,22,minecraft:smooth_stone
22,15,22,minecraft:smooth_stone
23,15,22,minecraft:smooth_stone
24,15,22,minecraft:smooth_stone
6,15,23,minecraft:smooth_stone
7,15,23,minecraft:smooth_stone
8,15,23,minecraft:smooth_stone
9,15,23,minecraft:smooth_stone
10,15,23,minecraft:smooth_stone
11,15,23,minecraft:smooth_stone
12,15,23,minecraft:smooth_stone
13,15,23,minecraft:smooth_stone
14,15,23,minecraft:smooth_stone
15,15,23,minecraft:cut_copper
16,15,23,minecraft:smooth_stone
17,15,23,minecraft:smooth_stone
18,15,23,minecraft:smooth_stone
19,15,23,minecraft:smooth_stone
20,15,23,minecraft:smooth_stone
21,15,23,minecraft:smooth_stone
22,15,23,minecraft:smooth_stone
23,15,23,minecraft:smooth_stone
24,15,23,minecraft:smooth_stone
6,15,24,minecraft:smooth_stone
7,15,24,minecraft:smooth_stone
8,15,24,minecraft:smooth_stone
9,15,24,minecraft:smooth_stone
10,15,24,minecraft:smooth_stone
11,15,24,minecraft:smooth_stone
12,15,24,minecraft:smooth_stone
13,15,24,minecraft:smooth_stone
14,15,24,minecraft:smooth_stone
15,15,24,minecraft:cut_copper
16,15,24,minecraft:smooth_stone
17,15,24,minecraft:smooth_stone
18,15,24,minecraft:smooth_stone
19,15,24,minecraft:smooth_stone
20,15,24,minecraft:smooth_stone
21,15,24,minecraft:smooth_stone
22,15,24,minecraft:smooth_stone
23,15,24,minecraft:smooth_stone
24,15,24,minecraft:smooth_stone
11,16,11,minecraft:deepslate_tiles
12,16,11,minecraft:deepslate_tiles
13,16,11,minecraft:deepslate_tiles
14,16,11,minecraft:deepslate_tiles
15,16,11,minecraft:cut_copper
16,16,11,minecraft:deepslate_tiles
17,16,11,minecraft:deepslate_tiles
18,16,11,minecraft:deepslate_tiles
19,16,11,minecraft:deepslate_tiles
11,16,12,minecraft:deepslate_tiles
19,16,12,minecraft:deepslate_tiles
11,16,13,minecraft:deepslate_tiles
19,16,13,minecraft:deepslate_tiles
11,16,14,minecraft:deepslate_tiles
19,16,14,minecraft:deepslate_tiles
11,16,15,minecraft:cut_copper
19,16,15,minecraft:cut_copper
11,16,16,minecraft:deepslate_tiles
19,16,16,minecraft:deepslate_tiles
11,16,17,minecraft:deepslate_tiles
19,16,17,minecraft:deepslate_tiles
11,16,18,minecraft:deepslate_tiles
19,16,18,minecraft:deepslate_tiles
11,16,19,minecraft:deepslate_tiles
12,16,19,minecraft:deepslate_tiles
13,16,19,"minecraft:stone_brick_stairs[facing=north,half=bottom,shape=straight,waterlogged=false]"
14,16,19,"minecraft:stone_brick_stairs[facing=north,half=bottom,shape=straight,waterlogged=false]"
15,16,19,"minecraft:cut_copper_stairs[facing=north,half=bottom,shape=straight,waterlogged=false]"
16,16,19,"minecraft:stone_brick_stairs[facing=north,half=bottom,shape=straight,waterlogged=false]"
17,16,19,"minecraft:stone_brick_stairs[facing=north,half=bottom,shape=straight,waterlogged=false]"
18,16,19,minecraft:deepslate_tiles
19,16,19,minecraft:deepslate_tiles
11,17,11,minecraft:stone_bricks
12,17,11,minecraft:stone_bricks
13,17,11,minecraft:stone_bricks
14,17,11,minecraft:stone_bricks
15,17,11,minecraft:cut_copper
16,17,11,minecraft:stone_bricks
17,17,11,minecraft:stone_bricks
18,17,11,minecraft:stone_bricks
19,17,11,minecraft:stone_bricks
11,17,12,minecraft:stone_bricks
19,17,12,minecraft:stone_bricks
11,17,13,minecraft:stone_bricks
19,17,13,minecraft:stone_bricks
11,17,14,minecraft:stone_bricks
19,17,14,minecraft:stone_bricks
11,17,15,minecraft:cut_copper
19,17,15,minecraft:cut_copper
11,17,16,minecraft:stone_bricks
19,17,16,minecraft:stone_bricks
11,17,17,minecraft:stone_bricks
19,17,17,minecraft:stone_bricks
11,17,18,minecraft:stone_bricks
13,17,18,"minecraft:stone_brick_stairs[facing=north,half=bottom,shape=straight,waterlogged=false]"
14,17,18,"minecraft:stone_brick_stairs[facing=north,half=bottom,shape=straight,waterlogged=false]"
15,17,18,"minecraft:cut_copper_stairs[facing=north,half=bottom,shape=straight,waterlogged=false]"
16,17,18,"minecraft:stone_brick_stairs[facing=north,half=bottom,shape=straight,waterlogged=false]"
17,17,18,"minecraft:stone_brick_stairs[facing=north,half=bottom,shape=straight,waterlogged=false]"
19,17,18,minecraft:stone_bricks
11,17,19,minecraft:stone_bricks
12,17,19,minecraft:stone_bricks
18,17,19,minecraft:stone_bricks
19,17,19,minecraft:stone_bricks
11,18,11,minecraft:stone_bricks
12,18,11,minecraft:stone_bricks
13,18,11,minecraft:stone_bricks
14,18,11,minecraft:stone_bricks
15,18,11,minecraft:cut_copper
16,18,11,minecraft:stone_bricks
17,18,11,minecraft:stone_bricks
18,18,11,minecraft:stone_bricks
19,18,11,minecraft:stone_bricks
11,18,12,minecraft:stone_bricks
19,18,12,minecraft:stone_bricks
11,18,13,minecraft:stone_bricks
19,18,13,minecraft:stone_bricks
11,18,14,minecraft:stone_bricks
19,18,14,minecraft:stone_bricks
11,18,15,minecraft:cut_copper
19,18,15,minecraft:cut_copper
11,18,16,minecraft:stone_bricks
19,18,16,minecraft:stone_bricks
11,18,17,minecraft:stone_bricks
13,18,17,"minecraft:stone_brick_stairs[facing=north,half=bottom,shape=straight,waterlogged=false]"
14,18,17,"minecraft:stone_brick_stairs[facing=north,half=bottom,shape=straight,waterlogged=false]"
15,18,17,"minecraft:cut_copper_stairs[facing=north,half=bottom,shape=straight,waterlogged=false]"
16,18,17,"minecraft:stone_brick_stairs[facing=north,half=bottom,shape=straight,waterlogged=false]"
17,18,17,"minecraft:stone_brick_stairs[facing=north,half=bottom,shape=straight,waterlogged=false]"
19,18,17,minecraft:stone_bricks
11,18,18,minecraft:stone_bricks
19,18,18,minecraft:stone_bricks
11,18,19,minecraft:stone_bricks
12,18,19,minecraft:stone_bricks
18,18,19,minecraft:stone_bricks
19,18,19,minecraft:stone_bricks
11,19,11,minecraft:stone_bricks
12,19,11,minecraft:stone_bricks
13,19,11,minecraft:stone_bricks
14,19,11,minecraft:stone_bricks
15,19,11,minecraft:cut_copper
16,19,11,minecraft:stone_bricks
17,19,11,minecraft:stone_bricks
18,19,11,minecraft:stone_bricks
19,19,11,minecraft:stone_bricks
11,19,12,minecraft:stone_bricks
19,19,12,minecraft:stone_bricks
11,19,13,minecraft:stone_bricks
19,19,13,minecraft:stone_bricks
11,19,14,minecraft:stone_bricks
19,19,14,minecraft:stone_bricks
11,19,15,minecraft:cut_copper
19,19,15,minecraft:cut_copper
11,19,16,minecraft:stone_bricks
13,19,16,"minecraft:stone_brick_stairs[facing=north,half=bottom,shape=straight,waterlogged=false]"
14,19,16,"minecraft:stone_brick_stairs[facing=north,half=bottom,shape=straight,waterlogged=false]"
15,19,16,"minecraft:cut_copper_stairs[facing=north,half=bottom,shape=straight,waterlogged=false]"
16,19,16,"minecraft:stone_brick_stairs[facing=north,half=bottom,shape=straight,waterlogged=false]"
17,19,16,"minecraft:stone_brick_stairs[facing=north,half=bottom,shape=straight,waterlogged=false]"
19,19,16,minecraft:stone_bricks
11,19,17,minecraft:stone_bricks
19,19,17,minecraft:stone_bricks
11,19,18,minecraft:stone_bricks
19,19,18,minecraft:stone_bricks
11,19,19,minecraft:stone_bricks
12,19,19,minecraft:stone_bricks
13,19,19,minecraft:stone_bricks
14,19,19,minecraft:stone_bricks
15,19,19,minecraft:cut_copper
16,19,19,minecraft:stone_bricks
17,19,19,minecraft:stone_bricks
18,19,19,minecraft:stone_bricks
19,19,19,minecraft:stone_bricks
11,20,11,minecraft:stone_bricks
12,20,11,minecraft:stone_bricks
13,20,11,minecraft:stone_bricks
14,20,11,minecraft:stone_bricks
15,20,11,minecraft:cut_copper
16,20,11,minecraft:stone_bricks
17,20,11,minecraft:stone_bricks
18,20,11,minecraft:stone_bricks
19,20,11,minecraft:stone_bricks
11,20,12,minecraft:stone_bricks
19,20,12,minecraft:stone_bricks
11,20,13,minecraft:stone_bricks
19,20,13,minecraft:stone_bricks
11,20,14,minecraft:stone_bricks
19,20,14,minecraft:stone_bricks
11,20,15,minecraft:cut_copper
13,20,15,"minecraft:stone_brick_stairs[facing=north,half=bottom,shape=straight,waterlogged=false]"
14,20,15,"minecraft:stone_brick_stairs[facing=north,half=bottom,shape=straight,waterlogged=false]"
15,20,15,"minecraft:cut_copper_stairs[facing=north,half=bottom,shape=straight,waterlogged=false]"
16,20,15,"minecraft:stone_brick_stairs[facing=north,half=bottom,shape=straight,waterlogged=false]"
17,20,15,"minecraft:stone_brick_stairs[facing=north,half=bottom,shape=straight,waterlogged=false]"
19,20,15,minecraft:cut_copper
11,20,16,minecraft:stone_bricks
19,20,16,minecraft:stone_bricks
11,20,17,minecraft:stone_bricks
19,20,17,minecraft:stone_bricks
11,20,18,minecraft:stone_bricks
19,20,18,minecraft:stone_bricks
11,20,19,minecraft:stone_bricks
12,20,19,minecraft:stone_bricks
13,20,19,minecraft:stone_bricks
14,20,19,minecraft:stone_bricks
15,20,19,minecraft:cut_copper
16,20,19,minecraft:stone_bricks
17,20,19,minecraft:stone_bricks
18,20,19,minecraft:stone_bricks
19,20,19,minecraft:stone_bricks
11,21,11,minecraft:stone_bricks
12,21,11,minecraft:stone_bricks
13,21,11,minecraft:stone_bricks
14,21,11,minecraft:stone_bricks
15,21,11,minecraft:cut_copper
16,21,11,minecraft:stone_bricks
17,21,11,minecraft:stone_bricks
18,21,11,minecraft:stone_bricks
19,21,11,minecraft:stone_bricks
11,21,12,minecraft:stone_bricks
19,21,12,minecraft:stone_bricks
11,21,13,minecraft:stone_bricks
19,21,13,minecraft:stone_bricks
11,21,14,minecraft:stone_bricks
13,21,14,"minecraft:stone_brick_stairs[facing=north,half=bottom,shape=straight,waterlogged=false]"
14,21,14,"minecraft:stone_brick_stairs[facing=north,half=bottom,shape=straight,waterlogged=false]"
15,21,14,"minecraft:cut_copper_stairs[facing=north,half=bottom,shape=straight,waterlogged=false]"
16,21,14,"minecraft:stone_brick_stairs[facing=north,half=bottom,shape=straight,waterlogged=false]"
17,21,14,"minecraft:stone_brick_stairs[facing=north,half=bottom,shape=straight,waterlogged=false]"
19,21,14,minecraft:stone_bricks
11,21,15,minecraft:cut_copper
19,21,15,minecraft:cut_copper
11,21,16,minecraft:stone_bricks
19,21,16,minecraft:stone_bricks
11,21,17,minecraft:stone_bricks
19,21,17,minecraft:stone_bricks
11,21,18,minecraft:stone_bricks
19,21,18,minecraft:stone_bricks
11,21,19,minecraft:stone_bricks
12,21,19,minecraft:stone_bricks
13,21,19,minecraft:stone_bricks
14,21,19,minecraft:stone_bricks
15,21,19,minecraft:cut_copper
16,21,19,minecraft:stone_bricks
17,21,19,minecraft:stone_bricks
18,21,19,minecraft:stone_bricks
19,21,19,minecraft:stone_bricks
11,22,11,minecraft:stone_bricks
12,22,11,minecraft:stone_bricks
13,22,11,minecraft:stone_bricks
14,22,11,minecraft:stone_bricks
15,22,11,minecraft:cut_copper
16,22,11,minecraft:stone_bricks
17,22,11,minecraft:stone_bricks
18,22,11,minecraft:stone_bricks
19,22,11,minecraft:stone_bricks
11,22,12,minecraft:stone_bricks
19,22,12,minecraft:stone_bricks
11,22,13,minecraft:stone_bricks
13,22,13,"minecraft:stone_brick_stairs[facing=north,half=bottom,shape=straight,waterlogged=false]"
14,22,13,"minecraft:stone_brick_stairs[facing=north,half=bottom,shape=straight,waterlogged=false]"
15,22,13,"minecraft:cut_copper_stairs[facing=north,half=bottom,shape=straight,waterlogged=false]"
16,22,13,"minecraft:stone_brick_stairs[facing=north,half=bottom,shape=straight,waterlogged=false]"
17,22,13,"minecraft:stone_brick_stairs[facing=north,half=bottom,shape=straight,waterlogged=false]"
19,22,13,minecraft:stone_bricks
11,22,14,minecraft:stone_bricks
19,22,14,minecraft:stone_bricks
11,22,15,minecraft:cut_copper
19,22,15,minecraft:cut_copper
11,22,16,minecraft:stone_bricks
19,22,16,minecraft:stone_bricks
11,22,17,minecraft:stone_bricks
19,22,17,minecraft:stone_bricks
11,22,18,minecraft:stone_bricks
19,22,18,minecraft:stone_bricks
11,22,19,minecraft:stone_bricks
12,22,19,minecraft:stone_bricks
13,22,19,minecraft:stone_bricks
14,22,19,minecraft:stone_bricks
15,22,19,minecraft:cut_copper
16,22,19,minecraft:stone_bricks
17,22,19,minecraft:stone_bricks
18,22,19,minecraft:stone_bricks
19,22,19,minecraft:stone_bricks
11,23,11,minecraft:smooth_stone
12,23,11,minecraft:smooth_stone
13,23,11,minecraft:smooth_stone
14,23,11,minecraft:smooth_stone
15,23,11,minecraft:cut_copper
16,23,11,minecraft:smooth_stone
17,23,11,minecraft:smooth_stone
18,23,11,minecraft:smooth_stone
19,23,11,minecraft:smooth_stone
11,23,12,minecraft:smooth_stone
12,23,12,minecraft:smooth_stone
13,23,12,"minecraft:stone_brick_stairs[facing=north,half=bottom,shape=straight,waterlogged=false]"
14,23,12,"minecraft:stone_brick_stairs[facing=north,half=bottom,shape=straight,waterlogged=false]"
15,23,12,"minecraft:cut_copper_stairs[facing=north,half=bottom,shape=straight,waterlogged=false]"
16,23,12,"minecraft:stone_brick_stairs[facing=north,half=bottom,shape=straight,waterlogged=false]"
17,23,12,"minecraft:stone_brick_stairs[facing=north,half=bottom,shape=straight,waterlogged=false]"
18,23,12,minecraft:smooth_stone
19,23,12,minecraft:smooth_stone
11,23,13,minecraft:smooth_stone
12,23,13,minecraft:smooth_stone
18,23,13,minecraft:smooth_stone
19,23,13,minecraft:smooth_stone
11,23,14,minecraft:smooth_stone
12,23,14,minecraft:smooth_stone
18,23,14,minecraft:smooth_stone
19,23,14,minecraft:smooth_stone
11,23,15,minecraft:cut_copper
12,23,15,minecraft:cut_copper
13,23,15,minecraft:smooth_stone
14,23,15,minecraft:smooth_stone
15,23,15,minecraft:smooth_stone
16,23,15,minecraft:smooth_stone
17,23,15,minecraft:smooth_stone
18,23,15,minecraft:cut_copper
19,23,15,minecraft:cut_copper
11,23,16,minecraft:smooth_stone
12,23,16,minecraft:smooth_stone
13,23,16,minecraft:smooth_stone
14,23,16,minecraft:smooth_stone
15,23,16,minecraft:smooth_stone
16,23,16,minecraft:smooth_stone
17,23,16,minecraft:smooth_stone
18,23,16,minecraft:smooth_stone
19,23,16,minecraft:smooth_stone
11,23,17,minecraft:smooth_stone
12,23,17,minecraft:smooth_stone
13,23,17,minecraft:smooth_stone
14,23,17,minecraft:smooth_stone
15,23,17,minecraft:smooth_stone
16,23,17,minecraft:smooth_stone
17,23,17,minecraft:smooth_stone
18,23,17,minecraft:smooth_stone
19,23,17,minecraft:smooth_stone
11,23,18,minecraft:smooth_stone
12,23,18,minecraft:smooth_stone
13,23,18,minecraft:smooth_stone
14,23,18,minecraft:smooth_stone
15,23,18,minecraft:cut_copper
16,23,18,minecraft:smooth_stone
17,23,18,minecraft:smooth_stone
18,23,18,minecraft:smooth_stone
19,23,18,minecraft:smooth_stone
11,23,19,minecraft:smooth_stone
12,23,19,minecraft:smooth_stone
13,23,19,minecraft:smooth_stone
14,23,19,minecraft:smooth_stone
15,23,19,minecraft:cut_copper
16,23,19,minecraft:smooth_stone
17,23,19,minecraft:smooth_stone
18,23,19,minecraft:smooth_stone
19,23,19,minecraft:smooth_stone
12,24,12,minecraft:oxidized_cut_copper
13,24,12,minecraft:oxidized_cut_copper
14,24,12,minecraft:oxidized_cut_copper
15,24,12,minecraft:oxidized_cut_copper
16,24,12,minecraft:oxidized_cut_copper
17,24,12,minecraft:oxidized_cut_copper
18,24,12,minecraft:oxidized_cut_copper
12,24,13,minecraft:oxidized_cut_copper
13,24,13,minecraft:copper_grate
14,24,13,minecraft:copper_grate
15,24,13,minecraft:copper_grate
16,24,13,minecraft:copper_grate
17,24,13,minecraft:copper_grate
18,24,13,minecraft:oxidized_cut_copper
12,24,14,minecraft:oxidized_cut_copper
13,24,14,minecraft:copper_grate
14,24,14,minecraft:copper_grate
15,24,14,minecraft:copper_grate
16,24,14,minecraft:copper_grate
17,24,14,minecraft:copper_grate
18,24,14,minecraft:oxidized_cut_copper
12,24,15,minecraft:oxidized_cut_copper
13,24,15,minecraft:copper_grate
14,24,15,minecraft:copper_grate
15,24,15,minecraft:sea_lantern
16,24,15,minecraft:copper_grate
17,24,15,minecraft:copper_grate
18,24,15,minecraft:oxidized_cut_copper
12,24,16,minecraft:oxidized_cut_copper
13,24,16,minecraft:copper_grate
14,24,16,minecraft:copper_grate
15,24,16,minecraft:copper_grate
16,24,16,minecraft:copper_grate
17,24,16,minecraft:copper_grate
18,24,16,minecraft:oxidized_cut_copper
12,24,17,minecraft:oxidized_cut_copper
13,24,17,minecraft:copper_grate
14,24,17,minecraft:copper_grate
15,24,17,minecraft:copper_grate
16,24,17,minecraft:copper_grate
17,24,17,minecraft:copper_grate
18,24,17,minecraft:oxidized_cut_copper
12,24,18,minecraft:oxidized_cut_copper
13,24,18,minecraft:oxidized_cut_copper
14,24,18,minecraft:oxidized_cut_copper
15,24,18,minecraft:oxidized_cut_copper
16,24,18,minecraft:oxidized_cut_copper
17,24,18,minecraft:oxidized_cut_copper
18,24,18,minecraft:oxidized_cut_copper
15,25,12,minecraft:quartz_pillar[axis=y]
12,25,15,minecraft:quartz_pillar[axis=y]
18,25,15,minecraft:quartz_pillar[axis=y]
15,25,18,minecraft:quartz_pillar[axis=y]
15,26,12,minecraft:quartz_pillar[axis=y]
12,26,15,minecraft:quartz_pillar[axis=y]
18,26,15,minecraft:quartz_pillar[axis=y]
15,26,18,minecraft:quartz_pillar[axis=y]
15,27,12,minecraft:quartz_pillar[axis=y]
12,27,15,minecraft:quartz_pillar[axis=y]
18,27,15,minecraft:quartz_pillar[axis=y]
15,27,18,minecraft:quartz_pillar[axis=y]
15,28,12,minecraft:quartz_pillar[axis=y]
12,28,15,minecraft:quartz_pillar[axis=y]
18,28,15,minecraft:quartz_pillar[axis=y]
15,28,18,minecraft:quartz_pillar[axis=y]
15,29,12,minecraft:quartz_pillar[axis=y]
12,29,15,minecraft:quartz_pillar[axis=y]
18,29,15,minecraft:quartz_pillar[axis=y]
15,29,18,minecraft:quartz_pillar[axis=y]
14,30,12,minecraft:oxidized_cut_copper
15,30,12,minecraft:oxidized_cut_copper
16,30,12,minecraft:oxidized_cut_copper
13,30,13,minecraft:oxidized_cut_copper
17,30,13,minecraft:oxidized_cut_copper
12,30,14,minecraft:oxidized_cut_copper
18,30,14,minecraft:oxidized_cut_copper
12,30,15,minecraft:oxidized_cut_copper
18,30,15,minecraft:oxidized_cut_copper
12,30,16,minecraft:oxidized_cut_copper
18,30,16,minecraft:oxidized_cut_copper
13,30,17,minecraft:oxidized_cut_copper
17,30,17,minecraft:oxidized_cut_copper
14,30,18,minecraft:oxidized_cut_copper
15,30,18,minecraft:oxidized_cut_copper
16,30,18,minecraft:oxidized_cut_copper
