x,y,z,block
0,0,0,minecraft:polished_deepslate
1,0,0,minecraft:polished_deepslate
2,0,0,minecraft:polished_deepslate
3,0,0,minecraft:polished_deepslate
4,0,0,minecraft:polished_deepslate
5,0,0,minecraft:polished_deepslate
6,0,0,minecraft:polished_deepslate
7,0,0,minecraft:polished_deepslate
8,0,0,minecraft:polished_deepslate
9,0,0,minecraft:polished_deepslate
10,0,0,minecraft:polished_deepslate
11,0,0,minecraft:polished_deepslate
12,0,0,minecraft:polished_deepslate
13,0,0,minecraft:polished_deepslate
14,0,0,minecraft:polished_deepslate
15,0,0,minecraft:polished_deepslate
16,0,0,minecraft:polished_deepslate
17,0,0,minecraft:polished_deepslate
18,0,0,minecraft:polished_deepslate
19,0,0,minecraft:polished_deepslate
20,0,0,minecraft:polished_deepslate
21,0,0,minecraft:polished_deepslate
22,0,0,minecraft:polished_deepslate
23,0,0,minecraft:polished_deepslate
24,0,0,minecraft:polished_deepslate
25,0,0,minecraft:polished_deepslate
26,0,0,minecraft:polished_deepslate
27,0,0,minecraft:polished_deepslate
28,0,0,minecraft:polished_deepslate
29,0,0,minecraft:polished_deepslate
30,0,0,minecraft:polished_deepslate
0,0,1,minecraft:polished_deepslate
1,0,1,minecraft:polished_deepslate
2,0,1,minecraft:polished_deepslate
3,0,1,minecraft:polished_deepslate
4,0,1,minecraft:polished_deepslate
5,0,1,minecraft:polished_deepslate
6,0,1,minecraft:polished_deepslate
7,0,1,minecraft:polished_deepslate
8,0,1,minecraft:polished_deepslate
9,0,1,minecraft:polished_deepslate
10,0,1,minecraft:polished_deepslate
11,0,1,minecraft:polished_deepslate
12,0,1,minecraft:polished_deepslate
13,0,1,minecraft:polished_deepslate
14,0,1,minecraft:polished_deepslate
15,0,1,minecraft:polished_deepslate
16,0,1,minecraft:polished_deepslate
17,0,1,minecraft:polished_deepslate
18,0,1,minecraft:polished_deepslate
19,0,1,minecraft:polished_deepslate
20,0,1,minecraft:polished_deepslate
21,0,1,minecraft:polished_deepslate
22,0,1,minecraft:polished_deepslate
23,0,1,minecraft:polished_deepslate
24,0,1,minecraft:polished_deepslate
25,0,1,minecraft:polished_deepslate
26,0,1,minecraft:polished_deepslate
27,0,1,minecraft:polished_deepslate
28,0,1,minecraft:polished_deepslate
29,0,1,minecraft:polished_deepslate
30,0,1,minecraft:polished_deepslate
0,0,2,minecraft:polished_deepslate
1,0,2,minecraft:polished_deepslate
2,0,2,minecraft:polished_deepslate
3,0,2,minecraft:polished_deepslate
4,0,2,minecraft:polished_deepslate
5,0,2,minecraft:polished_deepslate
6,0,2,minecraft:polished_deepslate
7,0,2,minecraft:polished_deepslate
8,0,2,minecraft:polished_deepslate
9,0,2,minecraft:polished_deepslate
10,0,2,minecraft:polished_deepslate
11,0,2,minecraft:polished_deepslate
12,0,2,minecraft:polished_deepslate
13,0,2,minecraft:polished_deepslate
14,0,2,minecraft:polished_deepslate
15,0,2,minecraft:polished_deepslate
16,0,2,minecraft:polished_deepslate
17,0,2,minecraft:polished_deepslate
18,0,2,minecraft:polished_deepslate
19,0,2,minecraft:polished_deepslate
20,0,2,minecraft:polished_deepslate
21,0,2,minecraft:polished_deepslate
22,0,2,minecraft:polished_deepslate
23,0,2,minecraft:polished_deepslate
24,0,2,minecraft:polished_deepslate
25,0,2,minecraft:polished_deepslate
26,0,2,minecraft:polished_deepslate
27,0,2,minecraft:polished_deepslate
28,0,2,minecraft:polished_deepslate
29,0,2,minecraft:polished_deepslate
30,0,2,minecraft:polished_deepslate
0,0,3,minecraft:polished_deepslate
1,0,3,minecraft:polished_deepslate
2,0,3,minecraft:polished_deepslate
3,0,3,minecraft:polished_deepslate
4,0,3,minecraft:polished_deepslate
5,0,3,minecraft:polished_deepslate
6,0,3,minecraft:polished_deepslate
7,0,3,minecraft:polished_deepslate
8,0,3,minecraft:polished_deepslate
9,0,3,minecraft:polished_deepslate
10,0,3,minecraft:polished_deepslate
11,0,3,minecraft:polished_deepslate
12,0,3,minecraft:polished_deepslate
13,0,3,minecraft:polished_deepslate
14,0,3,minecraft:polished_deepslate
15,0,3,minecraft:polished_deepslate
16,0,3,minecraft:polished_deepslate
17,0,3,minecraft:polished_deepslate
18,0,3,minecraft:polished_deepslate
19,0,3,minecraft:polished_deepslate
20,0,3,minecraft:polished_deepslate
21,0,3,minecraft:polished_deepslate
22,0,3,minecraft:polished_deepslate
23,0,3,minecraft:polished_deepslate
24,0,3,minecraft:polished_deepslate
25,0,3,minecraft:polished_deepslate
26,0,3,minecraft:polished_deepslate
27,0,3,minecraft:polished_deepslate
28,0,3,minecraft:polished_deepslate
29,0,3,minecraft:polished_deepslate
30,0,3,minecraft:polished_deepslate
0,0,4,minecraft:polished_deepslate
1,0,4,minecraft:polished_deepslate
2,0,4,minecraft:polished_deepslate
3,0,4,minecraft:polished_deepslate
4,0,4,minecraft:polished_deepslate
5,0,4,minecraft:polished_deepslate
6,0,4,minecraft:polished_deepslate
7,0,4,minecraft:polished_deepslate
8,0,4,minecraft:polished_deepslate
9,0,4,minecraft:polished_deepslate
10,0,4,minecraft:polished_deepslate
11,0,4,minecraft:polished_deepslate
12,0,4,minecraft:polished_deepslate
13,0,4,minecraft:polished_deepslate
14,0,4,minecraft:polished_deepslate
15,0,4,minecraft:polished_deepslate
16,0,4,minecraft:polished_deepslate
17,0,4,minecraft:polished_deepslate
18,0,4,minecraft:polished_deepslate
19,0,4,minecraft:polished_deepslate
20,0,4,minecraft:polished_deepslate
21,0,4,minecraft:polished_deepslate
22,0,4,minecraft:polished_deepslate
23,0,4,minecraft:polished_deepslate
24,0,4,minecraft:polished_deepslate
25,0,4,minecraft:polished_deepslate
26,0,4,minecraft:polished_deepslate
27,0,4,minecraft:polished_deepslate
28,0,4,minecraft:polished_deepslate
29,0,4,minecraft:polished_deepslate
30,0,4,minecraft:polished_deepslate
0,0,5,minecraft:polished_deepslate
1,0,5,minecraft:polished_deepslate
2,0,5,minecraft:polished_deepslate
3,0,5,minecraft:polished_deepslate
4,0,5,minecraft:polished_deepslate
5,0,5,minecraft:polished_deepslate
6,0,5,minecraft:polished_deepslate
7,0,5,minecraft:polished_deepslate
8,0,5,minecraft:polished_deepslate
9,0,5,minecraft:polished_deepslate
10,0,5,minecraft:polished_deepslate
11,0,5,minecraft:polished_deepslate
12,0,5,minecraft:polished_deepslate
13,0,5,minecraft:polished_deepslate
14,0,5,minecraft:polished_deepslate
15,0,5,minecraft:polished_deepslate
16,0,5,minecraft:polished_deepslate
17,0,5,minecraft:polished_deepslate
18,0,5,minecraft:polished_deepslate
19,0,5,minecraft:polished_deepslate
20,0,5,minecraft:polished_deepslate
21,0,5,minecraft:polished_deepslate
22,0,5,minecraft:polished_deepslate
23,0,5,minecraft:polished_deepslate
24,0,5,minecraft:polished_deepslate
25,0,5,minecraft:polished_deepslate
26,0,5,minecraft:polished_deepslate
27,0,5,minecraft:polished_deepslate
28,0,5,minecraft:polished_deepslate
29,0,5,minecraft:polished_deepslate
30,0,5,minecraft:polished_deepslate
0,0,6,minecraft:polished_deepslate
1,0,6,minecraft:polished_deepslate
2,0,6,minecraft:polished_deepslate
3,0,6,minecraft:polished_deepslate
4,0,6,minecraft:polished_deepslate
5,0,6,minecraft:polished_deepslate
6,0,6,minecraft:polished_deepslate
7,0,6,minecraft:polished_deepslate
8,0,6,minecraft:polished_deepslate
9,0,6,minecraft:polished_deepslate
10,0,6,minecraft:polished_deepslate
11,0,6,minecraft:polished_deepslate
12,0,6,minecraft:polished_deepslate
13,0,6,minecraft:polished_deepslate
14,0,6,minecraft:polished_deepslate
15,0,6,minecraft:polished_deepslate
16,0,6,minecraft:polished_deepslate
17,0,6,minecraft:polished_deepslate
18,0,6,minecraft:polished_deepslate
19,0,6,minecraft:polished_deepslate
20,0,6,minecraft:polished_deepslate
21,0,6,minecraft:polished_deepslate
22,0,6,minecraft:polished_deepslate
23,0,6,minecraft:polished_deepslate
24,0,6,minecraft:polished_deepslate
25,0,6,minecraft:polished_deepslate
26,0,6,minecraft:polished_deepslate
27,0,6,minecraft:polished_deepslate
28,0,6,minecraft:polished_deepslate
29,0,6,minecraft:polished_deepslate
30,0,6,minecraft:polished_deepslate
0,0,7,minecraft:polished_deepslate
1,0,7,minecraft:polished_deepslate
2,0,7,minecraft:polished_deepslate
3,0,7,minecraft:polished_deepslate
4,0,7,minecraft:polished_deepslate
5,0,7,minecraft:polished_deepslate
6,0,7,minecraft:polished_deepslate
7,0,7,minecraft:polished_deepslate
8,0,7,minecraft:polished_deepslate
9,0,7,minecraft:polished_deepslate
10,0,7,minecraft:polished_deepslate
11,0,7,minecraft:polished_deepslate
12,0,7,minecraft:polished_deepslate
13,0,7,minecraft:polished_deepslate
14,0,7,minecraft:polished_deepslate
15,0,7,minecraft:polished_deepslate
16,0,7,minecraft:polished_deepslate
17,0,7,minecraft:polished_deepslate
18,0,7,minecraft:polished_deepslate
19,0,7,minecraft:polished_deepslate
20,0,7,minecraft:polished_deepslate
21,0,7,minecraft:polished_deepslate
22,0,7,minecraft:polished_deepslate
23,0,7,minecraft:polished_deepslate
24,0,7,minecraft:polished_deepslate
25,0,7,minecraft:polished_deepslate
26,0,7,minecraft:polished_deepslate
27,0,7,minecraft:polished_deepslate
28,0,7,minecraft:polished_deepslate
29,0,7,minecraft:polished_deepslate
30,0,7,minecraft:polished_deepslate
0,0,8,minecraft:polished_deepslate
1,0,8,minecraft:polished_deepslate
2,0,8,minecraft:polished_deepslate
3,0,8,minecraft:polished_deepslate
4,0,8,minecraft:polished_deepslate
5,0,8,minecraft:polished_deepslate
6,0,8,minecraft:polished_deepslate
7,0,8,minecraft:polished_deepslate
8,0,8,minecraft:polished_deepslate
9,0,8,minecraft:polished_deepslate
10,0,8,minecraft:polished_deepslate
11,0,8,minecraft:polished_deepslate
12,0,8,minecraft:polished_deepslate
13,0,8,minecraft:polished_deepslate
14,0,8,minecraft:polished_deepslate
15,0,8,minecraft:polished_deepslate
16,0,8,minecraft:polished_deepslate
17,0,8,minecraft:polished_deepslate
18,0,8,minecraft:polished_deepslate
19,0,8,minecraft:polished_deepslate
20,0,8,minecraft:polished_deepslate
21,0,8,minecraft:polished_deepslate
22,0,8,minecraft:polished_deepslate
23,0,8,minecraft:polished_deepslate
24,0,8,minecraft:polished_deepslate
25,0,8,minecraft:polished_deepslate
26,0,8,minecraft:polished_deepslate
27,0,8,minecraft:polished_deepslate
28,0,8,minecraft:polished_deepslate
29,0,8,minecraft:polished_deepslate
30,0,8,minecraft:polished_deepslate
0,0,9,minecraft:polished_deepslate
1,0,9,minecraft:polished_deepslate
2,0,9,minecraft:polished_deepslate
3,0,9,minecraft:polished_deepslate
4,0,9,minecraft:polished_deepslate
5,0,9,minecraft:polished_deepslate
6,0,9,minecraft:polished_deepslate
7,0,9,minecraft:polished_deepslate
8,0,9,minecraft:polished_deepslate
9,0,9,minecraft:polished_deepslate
10,0,9,minecraft:polished_deepslate
11,0,9,minecraft:polished_deepslate
12,0,9,minecraft:polished_deepslate
13,0,9,minecraft:polished_deepslate
14,0,9,minecraft:polished_deepslate
15,0,9,minecraft:polished_deepslate
16,0,9,minecraft:polished_deepslate
17,0,9,minecraft:polished_deepslate
18,0,9,minecraft:polished_deepslate
19,0,9,minecraft:polished_deepslate
20,0,9,minecraft:polished_deepslate
21,0,9,minecraft:polished_deepslate
22,0,9,minecraft:polished_deepslate
23,0,9,minecraft:polished_deepslate
24,0,9,minecraft:polished_deepslate
25,0,9,minecraft:polished_deepslate
26,0,9,minecraft:polished_deepslate
27,0,9,minecraft:polished_deepslate
28,0,9,minecraft:polished_deepslate
29,0,9,minecraft:polished_deepslate
30,0,9,minecraft:polished_deepslate
0,0,10,minecraft:polished_deepslate
1,0,10,minecraft:polished_deepslate
2,0,10,minecraft:polished_deepslate
3,0,10,minecraft:polished_deepslate
4,0,10,minecraft:polished_deepslate
5,0,10,minecraft:polished_deepslate
6,0,10,minecraft:polished_deepslate
7,0,10,minecraft:polished_deepslate
8,0,10,minecraft:polished_deepslate
9,0,10,minecraft:polished_deepslate
10,0,10,minecraft:polished_deepslate
11,0,10,minecraft:polished_deepslate
12,0,10,minecraft:polished_deepslate
13,0,10,minecraft:polished_deepslate
14,0,10,minecraft:polished_deepslate
15,0,10,minecraft:polished_deepslate
16,0,10,minecraft:polished_deepslate
17,0,10,minecraft:polished_deepslate
18,0,10,minecraft:polished_deepslate
19,0,10,minecraft:polished_deepslate
20,0,10,minecraft:polished_deepslate
21,0,10,minecraft:polished_deepslate
22,0,10,minecraft:polished_deepslate
23,0,10,minecraft:polished_deepslate
24,0,10,minecraft:polished_deepslate
25,0,10,minecraft:polished_deepslate
26,0,10,minecraft:polished_deepslate
27,0,10,minecraft:polished_deepslate
28,0,10,minecraft:polished_deepslate
29,0,10,minecraft:polished_deepslate
30,0,10,minecraft:polished_deepslate
0,0,11,minecraft:polished_deepslate
1,0,11,minecraft:polished_deepslate
2,0,11,minecraft:polished_deepslate
3,0,11,minecraft:polished_deepslate
4,0,11,minecraft:polished_deepslate
5,0,11,minecraft:polished_deepslate
6,0,11,minecraft:polished_deepslate
7,0,11,minecraft:polished_deepslate
8,0,11,minecraft:polished_deepslate
9,0,11,minecraft:polished_deepslate
10,0,11,minecraft:polished_deepslate
11,0,11,minecraft:polished_deepslate
12,0,11,minecraft:polished_deepslate
13,0,11,minecraft:polished_deepslate
14,0,11,minecraft:polished_deepslate
15,0,11,minecraft:polished_deepslate
16,0,11,minecraft:polished_deepslate
17,0,11,minecraft:polished_deepslate
18,0,11,minecraft:polished_deepslate
19,0,11,minecraft:polished_deepslate
20,0,11,minecraft:polished_deepslate
21,0,11,minecraft:polished_deepslate
22,0,11,minecraft:polished_deepslate
23,0,11,minecraft:polished_deepslate
24,0,11,minecraft:polished_deepslate
25,0,11,minecraft:polished_deepslate
26,0,11,minecraft:polished_deepslate
27,0,11,minecraft:polished_deepslate
28,0,11,minecraft:polished_deepslate
29,0,11,minecraft:polished_deepslate
30,0,11,minecraft:polished_deepslate
0,0,12,minecraft:polished_deepslate
1,0,12,minecraft:polished_deepslate
2,0,12,minecraft:polished_deepslate
3,0,12,minecraft:polished_deepslate
4,0,12,minecraft:polished_deepslate
5,0,12,minecraft:polished_deepslate
6,0,12,minecraft:polished_deepslate
7,0,12,minecraft:polished_deepslate
8,0,12,minecraft:polished_deepslate
9,0,12,minecraft:polished_deepslate
10,0,12,minecraft:polished_deepslate
11,0,12,minecraft:polished_deepslate
12,0,12,minecraft:polished_deepslate
13,0,12,minecraft:polished_deepslate
14,0,12,minecraft:polished_deepslate
15,0,12,minecraft:polished_deepslate
16,0,12,minecraft:polished_deepslate
17,0,12,minecraft:polished_deepslate
18,0,12,minecraft:polished_deepslate
19,0,12,minecraft:polished_deepslate
20,0,12,minecraft:polished_deepslate
21,0,12,minecraft:polished_deepslate
22,0,12,minecraft:polished_deepslate
23,0,12,minecraft:polished_deepslate
24,0,12,minecraft:polished_deepslate
25,0,12,minecraft:polished_deepslate
26,0,12,minecraft:polished_deepslate
27,0,12,minecraft:polished_deepslate
28,0,12,minecraft:polished_deepslate
29,0,12,minecraft:polished_deepslate
30,0,12,minecraft:polished_deepslate
0,0,13,minecraft:polished_deepslate
1,0,13,minecraft:polished_deepslate
2,0,13,minecraft:polished_deepslate
3,0,13,minecraft:polished_deepslate
4,0,13,minecraft:polished_deepslate
5,0,13,minecraft:polished_deepslate
6,0,13,minecraft:polished_deepslate
7,0,13,minecraft:polished_deepslate
8,0,13,minecraft:polished_deepslate
9,0,13,minecraft:polished_deepslate
10,0,13,minecraft:polished_deepslate
11,0,13,minecraft:polished_deepslate
12,0,13,minecraft:polished_deepslate
13,0,13,minecraft:polished_deepslate
14,0,13,minecraft:polished_deepslate
15,0,13,minecraft:polished_deepslate
16,0,13,minecraft:polished_deepslate
17,0,13,minecraft:polished_deepslate
18,0,13,minecraft:polished_deepslate
19,0,13,minecraft:polished_deepslate
20,0,13,minecraft:polished_deepslate
21,0,13,minecraft:polished_deepslate
22,0,13,minecraft:polished_deepslate
23,0,13,minecraft:polished_deepslate
24,0,13,minecraft:polished_deepslate
25,0,13,minecraft:polished_deepslate
26,0,13,minecraft:polished_deepslate
27,0,13,minecraft:polished_deepslate
28,0,13,minecraft:polished_deepslate
29,0,13,minecraft:polished_deepslate
30,0,13,minecraft:polished_deepslate
0,0,14,minecraft:polished_deepslate
1,0,14,minecraft:polished_deepslate
2,0,14,minecraft:polished_deepslate
3,0,14,minecraft:polished_deepslate
4,0,14,minecraft:polished_deepslate
5,0,14,minecraft:polished_deepslate
6,0,14,minecraft:polished_deepslate
7,0,14,minecraft:polished_deepslate
8,0,14,minecraft:polished_deepslate
9,0,14,minecraft:polished_deepslate
10,0,14,minecraft:polished_deepslate
11,0,14,minecraft:polished_deepslate
12,0,14,minecraft:polished_deepslate
13,0,14,minecraft:polished_deepslate
14,0,14,minecraft:polished_deepslate
15,0,14,minecraft:polished_deepslate
16,0,14,minecraft:polished_deepslate
17,0,14,minecraft:polished_deepslate
18,0,14,minecraft:polished_deepslate
19,0,14,minecraft:polished_deepslate
20,0,14,minecraft:polished_deepslate
21,0,14,minecraft:polished_deepslate
22,0,14,minecraft:polished_deepslate
23,0,14,minecraft:polished_deepslate
24,0,14,minecraft:polished_deepslate
25,0,14,minecraft:polished_deepslate
26,0,14,minecraft:polished_deepslate
27,0,14,minecraft:polished_deepslate
28,0,14,minecraft:polished_deepslate
29,0,14,minecraft:polished_deepslate
30,0,14,minecraft:polished_deepslate
0,0,15,minecraft:polished_deepslate
1,0,15,minecraft:polished_deepslate
2,0,15,minecraft:polished_deepslate
3,0,15,minecraft:polished_deepslate
4,0,15,minecraft:polished_deepslate
5,0,15,minecraft:polished_deepslate
6,0,15,minecraft:polished_deepslate
7,0,15,minecraft:polished_deepslate
8,0,15,minecraft:polished_deepslate
9,0,15,minecraft:polished_deepslate
10,0,15,minecraft:polished_deepslate
11,0,15,minecraft:polished_deepslate
12,0,15,minecraft:polished_deepslate
13,0,15,minecraft:polished_deepslate
14,0,15,minecraft:polished_deepslate
15,0,15,minecraft:polished_deepslate
16,0,15,minecraft:polished_deepslate
17,0,15,minecraft:polished_deepslate
18,0,15,minecraft:polished_deepslate
19,0,15,minecraft:polished_deepslate
20,0,15,minecraft:polished_deepslate
21,0,15,minecraft:polished_deepslate
22,0,15,minecraft:polished_deepslate
23,0,15,minecraft:polished_deepslate
24,0,15,minecraft:polished_deepslate
25,0,15,minecraft:polished_deepslate
26,0,15,minecraft:polished_deepslate
27,0,15,minecraft:polished_deepslate
28,0,15,minecraft:polished_deepslate
29,0,15,minecraft:polished_deepslate
30,0,15,minecraft:polished_deepslate
0,0,16,minecraft:polished_deepslate
1,0,16,minecraft:polished_deepslate
2,0,16,minecraft:polished_deepslate
3,0,16,minecraft:polished_deepslate
4,0,16,minecraft:polished_deepslate
5,0,16,minecraft:polished_deepslate
6,0,16,minecraft:polished_deepslate
7,0,16,minecraft:polished_deepslate
8,0,16,minecraft:polished_deepslate
9,0,16,minecraft:polished_deepslate
10,0,16,minecraft:polished_deepslate
11,0,16,minecraft:polished_deepslate
12,0,16,minecraft:polished_deepslate
13,0,16,minecraft:polished_deepslate
14,0,16,minecraft:polished_deepslate
15,0,16,minecraft:polished_deepslate
16,0,16,minecraft:polished_deepslate
17,0,16,minecraft:polished_deepslate
18,0,16,minecraft:polished_deepslate
19,0,16,minecraft:polished_deepslate
20,0,16,minecraft:polished_deepslate
21,0,16,minecraft:polished_deepslate
22,0,16,minecraft:polished_deepslate
23,0,16,minecraft:polished_deepslate
24,0,16,minecraft:polished_deepslate
25,0,16,minecraft:polished_deepslate
26,0,16,minecraft:polished_deepslate
27,0,16,minecraft:polished_deepslate
28,0,16,minecraft:polished_deepslate
29,0,16,minecraft:polished_deepslate
30,0,16,minecraft:polished_deepslate
0,0,17,minecraft:polished_deepslate
1,0,17,minecraft:polished_deepslate
2,0,17,minecraft:polished_deepslate
3,0,17,minecraft:polished_deepslate
4,0,17,minecraft:polished_deepslate
5,0,17,minecraft:polished_deepslate
6,0,17,minecraft:polished_deepslate
7,0,17,minecraft:polished_deepslate
8,0,17,minecraft:polished_deepslate
9,0,17,minecraft:polished_deepslate
10,0,17,minecraft:polished_deepslate
11,0,17,minecraft:polished_deepslate
12,0,17,minecraft:polished_deepslate
13,0,17,minecraft:polished_deepslate
14,0,17,minecraft:polished_deepslate
15,0,17,minecraft:polished_deepslate
16,0,17,minecraft:polished_deepslate
17,0,17,minecraft:polished_deepslate
18,0,17,minecraft:polished_deepslate
19,0,17,minecraft:polished_deepslate
20,0,17,minecraft:polished_deepslate
21,0,17,minecraft:polished_deepslate
22,0,17,minecraft:polished_deepslate
23,0,17,minecraft:polished_deepslate
24,0,17,minecraft:polished_deepslate
25,0,17,minecraft:polished_deepslate
26,0,17,minecraft:polished_deepslate
27,0,17,minecraft:polished_deepslate
28,0,17,minecraft:polished_deepslate
29,0,17,minecraft:polished_deepslate
30,0,17,minecraft:polished_deepslate
0,0,18,minecraft:polished_deepslate
1,0,18,minecraft:polished_deepslate
2,0,18,minecraft:polished_deepslate
3,0,18,minecraft:polished_deepslate
4,0,18,minecraft:polished_deepslate
5,0,18,minecraft:polished_deepslate
6,0,18,minecraft:polished_deepslate
7,0,18,minecraft:polished_deepslate
8,0,18,minecraft:polished_deepslate
9,0,18,minecraft:polished_deepslate
10,0,18,minecraft:polished_deepslate
11,0,18,minecraft:polished_deepslate
12,0,18,minecraft:polished_deepslate
13,0,18,minecraft:polished_deepslate
14,0,18,minecraft:polished_deepslate
15,0,18,minecraft:polished_deepslate
16,0,18,minecraft:polished_deepslate
17,0,18,minecraft:polished_deepslate
18,0,18,minecraft:polished_deepslate
19,0,18,minecraft:polished_deepslate
20,0,18,minecraft:polished_deepslate
21,0,18,minecraft:polished_deepslate
22,0,18,minecraft:polished_deepslate
23,0,18,minecraft:polished_deepslate
24,0,18,minecraft:polished_deepslate
25,0,18,minecraft:polished_deepslate
26,0,18,minecraft:polished_deepslate
27,0,18,minecraft:polished_deepslate
28,0,18,minecraft:polished_deepslate
29,0,18,minecraft:polished_deepslate
30,0,18,minecraft:polished_deepslate
0,0,19,minecraft:polished_deepslate
1,0,19,minecraft:polished_deepslate
2,0,19,minecraft:polished_deepslate
3,0,19,minecraft:polished_deepslate
4,0,19,minecraft:polished_deepslate
5,0,19,minecraft:polished_deepslate
6,0,19,minecraft:polished_deepslate
7,0,19,minecraft:polished_deepslate
8,0,19,minecraft:polished_deepslate
9,0,19,minecraft:polished_deepslate
10,0,19,minecraft:polished_deepslate
11,0,19,minecraft:polished_deepslate
12,0,19,minecraft:polished_deepslate
13,0,19,minecraft:polished_deepslate
14,0,19,minecraft:polished_deepslate
15,0,19,minecraft:polished_deepslate
16,0,19,minecraft:polished_deepslate
17,0,19,minecraft:polished_deepslate
18,0,19,minecraft:polished_deepslate
19,0,19,minecraft:polished_deepslate
20,0,19,minecraft:polished_deepslate
21,0,19,minecraft:polished_deepslate
22,0,19,minecraft:polished_deepslate
23,0,19,minecraft:polished_deepslate
24,0,19,minecraft:polished_deepslate
25,0,19,minecraft:polished_deepslate
26,0,19,minecraft:polished_deepslate
27,0,19,minecraft:polished_deepslate
28,0,19,minecraft:polished_deepslate
29,0,19,minecraft:polished_deepslate
30,0,19,minecraft:polished_deepslate
0,0,20,minecraft:polished_deepslate
1,0,20,minecraft:polished_deepslate
2,0,20,minecraft:polished_deepslate
3,0,20,minecraft:polished_deepslate
4,0,20,minecraft:polished_deepslate
5,0,20,minecraft:polished_deepslate
6,0,20,minecraft:polished_deepslate
7,0,20,minecraft:polished_deepslate
8,0,20,minecraft:polished_deepslate
9,0,20,minecraft:polished_deepslate
10,0,20,minecraft:polished_deepslate
11,0,20,minecraft:polished_deepslate
12,0,20,minecraft:polished_deepslate
13,0,20,minecraft:polished_deepslate
14,0,20,minecraft:polished_deepslate
15,0,20,minecraft:polished_deepslate
16,0,20,minecraft:polished_deepslate
17,0,20,minecraft:polished_deepslate
18,0,20,minecraft:polished_deepslate
19,0,20,minecraft:polished_deepslate
20,0,20,minecraft:polished_deepslate
21,0,20,minecraft:polished_deepslate
22,0,20,minecraft:polished_deepslate
23,0,20,minecraft:polished_deepslate
24,0,20,minecraft:polished_deepslate
25,0,20,minecraft:polished_deepslate
26,0,20,minecraft:polished_deepslate
27,0,20,minecraft:polished_deepslate
28,0,20,minecraft:polished_deepslate
29,0,20,minecraft:polished_deepslate
30,0,20,minecraft:polished_deepslate
0,0,21,minecraft:polished_deepslate
1,0,21,minecraft:polished_deepslate
2,0,21,minecraft:polished_deepslate
3,0,21,minecraft:polished_deepslate
4,0,21,minecraft:polished_deepslate
5,0,21,minecraft:polished_deepslate
6,0,21,minecraft:polished_deepslate
7,0,21,minecraft:polished_deepslate
8,0,21,minecraft:polished_deepslate
9,0,21,minecraft:polished_deepslate
10,0,21,minecraft:polished_deepslate
11,0,21,minecraft:polished_deepslate
12,0,21,minecraft:polished_deepslate
13,0,21,minecraft:polished_deepslate
14,0,21,minecraft:polished_deepslate
15,0,21,minecraft:polished_deepslate
16,0,21,minecraft:polished_deepslate
17,0,21,minecraft:polished_deepslate
18,0,21,minecraft:polished_deepslate
19,0,21,minecraft:polished_deepslate
20,0,21,minecraft:polished_deepslate
21,0,21,minecraft:polished_deepslate
22,0,21,minecraft:polished_deepslate
23,0,21,minecraft:polished_deepslate
24,0,21,minecraft:polished_deepslate
25,0,21,minecraft:polished_deepslate
26,0,21,minecraft:polished_deepslate
27,0,21,minecraft:polished_deepslate
28,0,21,minecraft:polished_deepslate
29,0,21,minecraft:polished_deepslate
30,0,21,minecraft:polished_deepslate
0,0,22,minecraft:polished_deepslate
1,0,22,minecraft:polished_deepslate
2,0,22,minecraft:polished_deepslate
3,0,22,minecraft:polished_deepslate
4,0,22,minecraft:polished_deepslate
5,0,22,minecraft:polished_deepslate
6,0,22,minecraft:polished_deepslate
7,0,22,minecraft:polished_deepslate
8,0,22,minecraft:polished_deepslate
9,0,22,minecraft:polished_deepslate
10,0,22,minecraft:polished_deepslate
11,0,22,minecraft:polished_deepslate
12,0,22,minecraft:polished_deepslate
13,0,22,minecraft:polished_deepslate
14,0,22,minecraft:polished_deepslate
15,0,22,minecraft:polished_deepslate
16,0,22,minecraft:polished_deepslate
17,0,22,minecraft:polished_deepslate
18,0,22,minecraft:polished_deepslate
19,0,22,minecraft:polished_deepslate
20,0,22,minecraft:polished_deepslate
21,0,22,minecraft:polished_deepslate
22,0,22,minecraft:polished_deepslate
23,0,22,minecraft:polished_deepslate
24,0,22,minecraft:polished_deepslate
25,0,22,minecraft:polished_deepslate
26,0,22,minecraft:polished_deepslate
27,0,22,minecraft:polished_deepslate
28,0,22,minecraft:polished_deepslate
29,0,22,minecraft:polished_deepslate
30,0,22,minecraft:polished_deepslate
0,0,23,minecraft:polished_deepslate
1,0,23,minecraft:polished_deepslate
2,0,23,minecraft:polished_deepslate
3,0,23,minecraft:polished_deepslate
4,0,23,minecraft:polished_deepslate
5,0,23,minecraft:polished_deepslate
6,0,23,minecraft:polished_deepslate
7,0,23,minecraft:polished_deepslate
8,0,23,minecraft:polished_deepslate
9,0,23,minecraft:polished_deepslate
10,0,23,minecraft:polished_deepslate
11,0,23,minecraft:polished_deepslate
12,0,23,minecraft:polished_deepslate
13,0,23,minecraft:polished_deepslate
14,0,23,minecraft:polished_deepslate
15,0,23,minecraft:polished_deepslate
16,0,23,minecraft:polished_deepslate
17,0,23,minecraft:polished_deepslate
18,0,23,minecraft:polished_deepslate
19,0,23,minecraft:polished_deepslate
20,0,23,minecraft:polished_deepslate
21,0,23,minecraft:polished_deepslate
22,0,23,minecraft:polished_deepslate
23,0,23,minecraft:polished_deepslate
24,0,23,minecraft:polished_deepslate
25,0,23,minecraft:polished_deepslate
26,0,23,minecraft:polished_deepslate
27,0,23,minecraft:polished_deepslate
28,0,23,minecraft:polished_deepslate
29,0,23,minecraft:polished_deepslate
30,0,23,minecraft:polished_deepslate
0,0,24,minecraft:polished_deepslate
1,0,24,minecraft:polished_deepslate
2,0,24,minecraft:polished_deepslate
3,0,24,minecraft:polished_deepslate
4,0,24,minecraft:polished_deepslate
5,0,24,minecraft:polished_deepslate
6,0,24,minecraft:polished_deepslate
7,0,24,minecraft:polished_deepslate
8,0,24,minecraft:polished_deepslate
9,0,24,minecraft:polished_deepslate
10,0,24,minecraft:polished_deepslate
11,0,24,minecraft:polished_deepslate
12,0,24,minecraft:polished_deepslate
13,0,24,minecraft:polished_deepslate
14,0,24,minecraft:polished_deepslate
15,0,24,minecraft:polished_deepslate
16,0,24,minecraft:polished_deepslate
17,0,24,minecraft:polished_deepslate
18,0,24,minecraft:polished_deepslate
19,0,24,minecraft:polished_deepslate
20,0,24,minecraft:polished_deepslate
21,0,24,minecraft:polished_deepslate
22,0,24,minecraft:polished_deepslate
23,0,24,minecraft:polished_deepslate
24,0,24,minecraft:polished_deepslate
25,0,24,minecraft:polished_deepslate
26,0,24,minecraft:polished_deepslate
27,0,24,minecraft:polished_deepslate
28,0,24,minecraft:polished_deepslate
29,0,24,minecraft:polished_deepslate
30,0,24,minecraft:polished_deepslate
0,0,25,minecraft:polished_deepslate
1,0,25,minecraft:polished_deepslate
2,0,25,minecraft:polished_deepslate
3,0,25,minecraft:polished_deepslate
4,0,25,minecraft:polished_deepslate
5,0,25,minecraft:polished_deepslate
6,0,25,minecraft:polished_deepslate
7,0,25,minecraft:polished_deepslate
8,0,25,minecraft:polished_deepslate
9,0,25,minecraft:polished_deepslate
10,0,25,minecraft:polished_deepslate
11,0,25,minecraft:polished_deepslate
12,0,25,minecraft:polished_deepslate
13,0,25,minecraft:polished_deepslate
14,0,25,minecraft:polished_deepslate
15,0,25,minecraft:polished_deepslate
16,0,25,minecraft:polished_deepslate
17,0,25,minecraft:polished_deepslate
18,0,25,minecraft:polished_deepslate
19,0,25,minecraft:polished_deepslate
20,0,25,minecraft:polished_deepslate
21,0,25,minecraft:polished_deepslate
22,0,25,minecraft:polished_deepslate
23,0,25,minecraft:polished_deepslate
24,0,25,minecraft:polished_deepslate
25,0,25,minecraft:polished_deepslate
26,0,25,minecraft:polished_deepslate
27,0,25,minecraft:polished_deepslate
28,0,25,minecraft:polished_deepslate
29,0,25,minecraft:polished_deepslate
30,0,25,minecraft:polished_deepslate
0,0,26,minecraft:polished_deepslate
1,0,26,minecraft:polished_deepslate
2,0,26,minecraft:polished_deepslate
3,0,26,minecraft:polished_deepslate
4,0,26,minecraft:polished_deepslate
5,0,26,minecraft:polished_deepslate
6,0,26,minecraft:polished_deepslate
7,0,26,minecraft:polished_deepslate
8,0,26,minecraft:polished_deepslate
9,0,26,minecraft:polished_deepslate
10,0,26,minecraft:polished_deepslate
11,0,26,minecraft:polished_deepslate
12,0,26,minecraft:polished_deepslate
13,0,26,minecraft:polished_deepslate
14,0,26,minecraft:polished_deepslate
15,0,26,minecraft:polished_deepslate
16,0,26,minecraft:polished_deepslate
17,0,26,minecraft:polished_deepslate
18,0,26,minecraft:polished_deepslate
19,0,26,minecraft:polished_deepslate
20,0,26,minecraft:polished_deepslate
21,0,26,minecraft:polished_deepslate
22,0,26,minecraft:polished_deepslate
23,0,26,minecraft:polished_deepslate
24,0,26,minecraft:polished_deepslate
25,0,26,minecraft:polished_deepslate
26,0,26,minecraft:polished_deepslate
27,0,26,minecraft:polished_deepslate
28,0,26,minecraft:polished_deepslate
29,0,26,minecraft:polished_deepslate
30,0,26,minecraft:polished_deepslate
0,0,27,minecraft:polished_deepslate
1,0,27,minecraft:polished_deepslate
2,0,27,minecraft:polished_deepslate
3,0,27,minecraft:polished_deepslate
4,0,27,minecraft:polished_deepslate
5,0,27,minecraft:polished_deepslate
6,0,27,minecraft:polished_deepslate
7,0,27,minecraft:polished_deepslate
8,0,27,minecraft:polished_deepslate
9,0,27,minecraft:polished_deepslate
10,0,27,minecraft:polished_deepslate
11,0,27,minecraft:polished_deepslate
12,0,27,minecraft:polished_deepslate
13,0,27,minecraft:polished_deepslate
14,0,27,minecraft:polished_deepslate
15,0,27,minecraft:polished_deepslate
16,0,27,minecraft:polished_deepslate
17,0,27,minecraft:polished_deepslate
18,0,27,minecraft:polished_deepslate
19,0,27,minecraft:polished_deepslate
20,0,27,minecraft:polished_deepslate
21,0,27,minecraft:polished_deepslate
22,0,27,minecraft:polished_deepslate
23,0,27,minecraft:polished_deepslate
24,0,27,minecraft:polished_deepslate
25,0,27,minecraft:polished_deepslate
26,0,27,minecraft:polished_deepslate
27,0,27,minecraft:polished_deepslate
28,0,27,minecraft:polished_deepslate
29,0,27,minecraft:polished_deepslate
30,0,27,minecraft:polished_deepslate
0,0,28,minecraft:polished_deepslate
1,0,28,minecraft:polished_deepslate
2,0,28,minecraft:polished_deepslate
3,0,28,minecraft:polished_deepslate
4,0,28,minecraft:polished_deepslate
5,0,28,minecraft:polished_deepslate
6,0,28,minecraft:polished_deepslate
7,0,28,minecraft:polished_deepslate
8,0,28,minecraft:polished_deepslate
9,0,28,minecraft:polished_deepslate
10,0,28,minecraft:polished_deepslate
11,0,28,minecraft:polished_deepslate
12,0,28,minecraft:polished_deepslate
13,0,28,minecraft:polished_deepslate
14,0,28,minecraft:polished_deepslate
15,0,28,minecraft:polished_deepslate
16,0,28,minecraft:polished_deepslate
17,0,28,minecraft:polished_deepslate
18,0,28,minecraft:polished_deepslate
19,0,28,minecraft:polished_deepslate
20,0,28,minecraft:polished_deepslate
21,0,28,minecraft:polished_deepslate
22,0,28,minecraft:polished_deepslate
23,0,28,minecraft:polished_deepslate
24,0,28,minecraft:polished_deepslate
25,0,28,minecraft:polished_deepslate
26,0,28,minecraft:polished_deepslate
27,0,28,minecraft:polished_deepslate
28,0,28,minecraft:polished_deepslate
29,0,28,minecraft:polished_deepslate
30,0,28,minecraft:polished_deepslate
0,0,29,minecraft:polished_deepslate
1,0,29,minecraft:polished_deepslate
2,0,29,minecraft:polished_deepslate
3,0,29,minecraft:polished_deepslate
4,0,29,minecraft:polished_deepslate
5,0,29,minecraft:polished_deepslate
6,0,29,minecraft:polished_deepslate
7,0,29,minecraft:polished_deepslate
8,0,29,minecraft:polished_deepslate
9,0,29,minecraft:polished_deepslate
10,0,29,minecraft:polished_deepslate
11,0,29,minecraft:polished_deepslate
12,0,29,minecraft:polished_deepslate
13,0,29,minecraft:polished_deepslate
14,0,29,minecraft:polished_deepslate
15,0,29,minecraft:polished_deepslate
16,0,29,minecraft:polished_deepslate
17,0,29,minecraft:polished_deepslate
18,0,29,minecraft:polished_deepslate
19,0,29,minecraft:polished_deepslate
20,0,29,minecraft:polished_deepslate
21,0,29,minecraft:polished_deepslate
22,0,29,minecraft:polished_deepslate
23,0,29,minecraft:polished_deepslate
24,0,29,minecraft:polished_deepslate
25,0,29,minecraft:polished_deepslate
26,0,29,minecraft:polished_deepslate
27,0,29,minecraft:polished_deepslate
28,0,29,minecraft:polished_deepslate
29,0,29,minecraft:polished_deepslate
30,0,29,minecraft:polished_deepslate
0,0,30,minecraft:polished_deepslate
1,0,30,minecraft:polished_deepslate
2,0,30,minecraft:polished_deepslate
3,0,30,minecraft:polished_deepslate
4,0,30,minecraft:polished_deepslate
5,0,30,minecraft:polished_deepslate
6,0,30,minecraft:polished_deepslate
7,0,30,minecraft:polished_deepslate
8,0,30,minecraft:polished_deepslate
9,0,30,minecraft:polished_deepslate
10,0,30,minecraft:polished_deepslate
11,0,30,minecraft:polished_deepslate
12,0,30,minecraft:polished_deepslate
13,0,30,"minecraft:stone_brick_stairs[facing=north,half=bottom,shape=straight,waterlogged=false]"
14,0,30,"minecraft:stone_brick_stairs[facing=north,half=bottom,shape=straight,waterlogged=false]"
15,0,30,"minecraft:cut_copper_stairs[facing=north,half=bottom,shape=straight,waterlogged=false]"
16,0,30,"minecraft:stone_brick_stairs[facing=north,half=bottom,shape=straight,waterlogged=false]"
17,0,30,"minecraft:stone_brick_stairs[facing=north,half=bottom,shape=straight,waterlogged=false]"
18,0,30,minecraft:polished_deepslate
19,0,30,minecraft:polished_deepslate
20,0,30,minecraft:polished_deepslate
21,0,30,minecraft:polished_deepslate
22,0,30,minecraft:polished_deepslate
23,0,30,minecraft:polished_deepslate
24,0,30,minecraft:polished_deepslate
25,0,30,minecraft:polished_deepslate
26,0,30,minecraft:polished_deepslate
27,0,30,minecraft:polished_deepslate
28,0,30,minecraft:polished_deepslate
29,0,30,minecraft:polished_deepslate
30,0,30,minecraft:polished_deepslate
1,1,1,minecraft:deepslate_tiles
2,1,1,minecraft:deepslate_tiles
3,1,1,minecraft:deepslate_tiles
4,1,1,minecraft:deepslate_tiles
5,1,1,minecraft:deepslate_tiles
6,1,1,minecraft:deepslate_tiles
7,1,1,minecraft:deepslate_tiles
8,1,1,minecraft:deepslate_tiles
9,1,1,minecraft:deepslate_tiles
10,1,1,minecraft:deepslate_tiles
11,1,1,minecraft:deepslate_tiles
12,1,1,minecraft:deepslate_tiles
13,1,1,minecraft:deepslate_tiles
14,1,1,minecraft:deepslate_tiles
15,1,1,minecraft:cut_copper
16,1,1,minecraft:deepslate_tiles
17,1,1,minecraft:deepslate_tiles
18,1,1,minecraft:deepslate_tiles
19,1,1,minecraft:deepslate_tiles
20,1,1,minecraft:deepslate_tiles
21,1,1,minecraft:deepslate_tiles
22,1,1,minecraft:deepslate_tiles
23,1,1,minecraft:deepslate_tiles
24,1,1,minecraft:deepslate_tiles
25,1,1,minecraft:deepslate_tiles
26,1,1,minecraft:deepslate_tiles
27,1,1,minecraft:deepslate_tiles
28,1,1,minecraft:deepslate_tiles
29,1,1,minecraft:deepslate_tiles
1,1,2,minecraft:deepslate_tiles
29,1,2,minecraft:deepslate_tiles
1,1,3,minecraft:deepslate_tiles
29,1,3,minecraft:deepslate_tiles
1,1,4,minecraft:deepslate_tiles
29,1,4,minecraft:deepslate_tiles
1,1,5,minecraft:deepslate_tiles
29,1,5,minecraft:deepslate_tiles
1,1,6,minecraft:deepslate_tiles
29,1,6,minecraft:deepslate_tiles
1,1,7,minecraft:deepslate_tiles
29,1,7,minecraft:deepslate_tiles
1,1,8,minecraft:deepslate_tiles
29,1,8,minecraft:deepslate_tiles
1,1,9,minecraft:deepslate_tiles
29,1,9,minecraft:deepslate_tiles
1,1,10,minecraft:deepslate_tiles
29,1,10,minecraft:deepslate_tiles
1,1,11,minecraft:deepslate_tiles
29,1,11,minecraft:deepslate_tiles
1,1,12,minecraft:deepslate_tiles
29,1,12,minecraft:deepslate_tiles
1,1,13,minecraft:deepslate_tiles
29,1,13,minecraft:deepslate_tiles
1,1,14,minecraft:deepslate_tiles
29,1,14,minecraft:deepslate_tiles
1,1,15,minecraft:cut_copper
29,1,15,minecraft:cut_copper
1,1,16,minecraft:deepslate_tiles
29,1,16,minecraft:deepslate_tiles
1,1,17,minecraft:deepslate_tiles
29,1,17,minecraft:deepslate_tiles
1,1,18,minecraft:deepslate_tiles
29,1,18,minecraft:deepslate_tiles
1,1,19,minecraft:deepslate_tiles
29,1,19,minecraft:deepslate_tiles
1,1,20,minecraft:deepslate_tiles
29,1,20,minecraft:deepslate_tiles
1,1,21,minecraft:deepslate_tiles
29,1,21,minecraft:deepslate_tiles
1,1,22,minecraft:deepslate_tiles
29,1,22,minecraft:deepslate_tiles
1,1,23,minecraft:deepslate_tiles
29,1,23,minecraft:deepslate_tiles
1,1,24,minecraft:deepslate_tiles
29,1,24,minecraft:deepslate_tiles
1,1,25,minecraft:deepslate_tiles
29,1,25,minecraft:deepslate_tiles
1,1,26,minecraft:deepslate_tiles
29,1,26,minecraft:deepslate_tiles
1,1,27,minecraft:deepslate_tiles
29,1,27,minecraft:deepslate_tiles
1,1,28,minecraft:deepslate_tiles
29,1,28,minecraft:deepslate_tiles
1,1,29,minecraft:deepslate_tiles
2,1,29,minecraft:deepslate_tiles
3,1,29,minecraft:deepslate_tiles
4,1,29,minecraft:deepslate_tiles
5,1,29,minecraft:deepslate_tiles
6,1,29,minecraft:deepslate_tiles
7,1,29,minecraft:deepslate_tiles
8,1,29,minecraft:deepslate_tiles
9,1,29,minecraft:deepslate_tiles
10,1,29,minecraft:deepslate_tiles
11,1,29,minecraft:deepslate_tiles
12,1,29,minecraft:deepslate_tiles
13,1,29,"minecraft:stone_brick_stairs[facing=north,half=bottom,shape=straight,waterlogged=false]"
14,1,29,"minecraft:stone_brick_stairs[facing=north,half=bottom,shape=straight,waterlogged=false]"
15,1,29,"minecraft:cut_copper_stairs[facing=north,half=bottom,shape=straight,waterlogged=false]"
16,1,29,"minecraft:stone_brick_stairs[facing=north,half=bottom,shape=straight,waterlogged=false]"
17,1,29,"minecraft:stone_brick_stairs[facing=north,half=bottom,shape=straight,waterlogged=false]"
18,1,29,minecraft:deepslate_tiles
19,1,29,minecraft:deepslate_tiles
20,1,29,minecraft:deepslate_tiles
21,1,29,minecraft:deepslate_tiles
22,1,29,minecraft:deepslate_tiles
23,1,29,minecraft:deepslate_tiles
24,1,29,minecraft:deepslate_tiles
25,1,29,minecraft:deepslate_tiles
26,1,29,minecraft:deepslate_tiles
27,1,29,minecraft:deepslate_tiles
28,1,29,minecraft:deepslate_tiles
29,1,29,minecraft:deepslate_tiles
1,2,1,minecraft:stone_bricks
2,2,1,minecraft:stone_bricks
3,2,1,minecraft:stone_bricks
4,2,1,minecraft:stone_bricks
5,2,1,minecraft:stone_bricks
6,2,1,minecraft:stone_bricks
7,2,1,minecraft:stone_bricks
8,2,1,minecraft:stone_bricks
9,2,1,minecraft:stone_bricks
10,2,1,minecraft:stone_bricks
11,2,1,minecraft:stone_bricks
12,2,1,minecraft:stone_bricks
13,2,1,minecraft:stone_bricks
14,2,1,minecraft:stone_bricks
15,2,1,minecraft:cut_copper
16,2,1,minecraft:stone_bricks
17,2,1,minecraft:stone_bricks
18,2,1,minecraft:stone_bricks
19,2,1,minecraft:stone_bricks
20,2,1,minecraft:stone_bricks
21,2,1,minecraft:stone_bricks
22,2,1,minecraft:stone_bricks
23,2,1,minecraft:stone_bricks
24,2,1,minecraft:stone_bricks
25,2,1,minecraft:stone_bricks
26,2,1,minecraft:stone_bricks
27,2,1,minecraft:stone_bricks
28,2,1,minecraft:stone_bricks
29,2,1,minecraft:stone_bricks
1,2,2,minecraft:stone_bricks
29,2,2,minecraft:stone_bricks
1,2,3,minecraft:stone_bricks
29,2,3,minecraft:stone_bricks
1,2,4,minecraft:stone_bricks
29,2,4,minecraft:stone_bricks
1,2,5,minecraft:stone_bricks
29,2,5,minecraft:stone_bricks
1,2,6,minecraft:stone_bricks
29,2,6,minecraft:stone_bricks
1,2,7,minecraft:stone_bricks
29,2,7,minecraft:stone_bricks
1,2,8,minecraft:stone_bricks
29,2,8,minecraft:stone_bricks
1,2,9,minecraft:stone_bricks
29,2,9,minecraft:stone_bricks
1,2,10,minecraft:stone_bricks
29,2,10,minecraft:stone_bricks
1,2,11,minecraft:stone_bricks
29,2,11,minecraft:stone_bricks
1,2,12,minecraft:stone_bricks
29,2,12,minecraft:stone_bricks
1,2,13,minecraft:stone_bricks
29,2,13,minecraft:stone_bricks
1,2,14,minecraft:stone_bricks
29,2,14,minecraft:stone_bricks
1,2,15,minecraft:cut_copper
29,2,15,minecraft:cut_copper
1,2,16,minecraft:stone_bricks
29,2,16,minecraft:stone_bricks
1,2,17,minecraft:stone_bricks
29,2,17,minecraft:stone_bricks
1,2,18,minecraft:stone_bricks
29,2,18,minecraft:stone_bricks
1,2,19,minecraft:stone_bricks
29,2,19,minecraft:stone_bricks
1,2,20,minecraft:stone_bricks
29,2,20,minecraft:stone_bricks
1,2,21,minecraft:stone_bricks
29,2,21,minecraft:stone_bricks
1,2,22,minecraft:stone_bricks
29,2,22,minecraft:stone_bricks
1,2,23,minecraft:stone_bricks
29,2,23,minecraft:stone_bricks
1,2,24,minecraft:stone_bricks
29,2,24,minecraft:stone_bricks
1,2,25,minecraft:stone_bricks
29,2,25,minecraft:stone_bricks
1,2,26,minecraft:stone_bricks
29,2,26,minecraft:stone_bricks
1,2,27,minecraft:stone_bricks
29,2,27,minecraft:stone_bricks
1,2,28,minecraft:stone_bricks
13,2,28,"minecraft:stone_brick_stairs[facing=north,half=bottom,shape=straight,waterlogged=false]"
14,2,28,"minecraft:stone_brick_stairs[facing=north,half=bottom,shape=straight,waterlogged=false]"
15,2,28,"minecraft:cut_copper_stairs[facing=north,half=bottom,shape=straight,waterlogged=false]"
16,2,28,"minecraft:stone_brick_stairs[facing=north,half=bottom,shape=straight,waterlogged=false]"
17,2,28,"minecraft:stone_brick_stairs[facing=north,half=bottom,shape=straight,waterlogged=false]"
29,2,28,minecraft:stone_bricks
1,2,29,minecraft:stone_bricks
2,2,29,minecraft:stone_bricks
3,2,29,minecraft:stone_bricks
4,2,29,minecraft:stone_bricks
5,2,29,minecraft:stone_bricks
6,2,29,minecraft:stone_bricks
7,2,29,minecraft:stone_bricks
8,2,29,minecraft:stone_bricks
9,2,29,minecraft:stone_bricks
10,2,29,minecraft:stone_bricks
11,2,29,minecraft:stone_bricks
12,2,29,minecraft:stone_bricks
18,2,29,minecraft:stone_bricks
19,2,29,minecraft:stone_bricks
20,2,29,minecraft:stone_bricks
21,2,29,minecraft:stone_bricks
22,2,29,minecraft:stone_bricks
23,2,29,minecraft:stone_bricks
24,2,29,minecraft:stone_bricks
25,2,29,minecraft:stone_bricks
26,2,29,minecraft:stone_bricks
27,2,29,minecraft:stone_bricks
28,2,29,minecraft:stone_bricks
29,2,29,minecraft:stone_bricks
1,3,1,minecraft:stone_bricks
2,3,1,minecraft:stone_bricks
3,3,1,minecraft:stone_bricks
4,3,1,minecraft:stone_bricks
5,3,1,minecraft:stone_bricks
6,3,1,minecraft:stone_bricks
7,3,1,minecraft:stone_bricks
8,3,1,minecraft:stone_bricks
9,3,1,minecraft:stone_bricks
10,3,1,minecraft:stone_bricks
11,3,1,minecraft:stone_bricks
12,3,1,minecraft:stone_bricks
13,3,1,minecraft:stone_bricks
14,3,1,minecraft:stone_bricks
15,3,1,minecraft:cut_copper
16,3,1,minecraft:stone_bricks
17,3,1,minecraft:stone_bricks
18,3,1,minecraft:stone_bricks
19,3,1,minecraft:stone_bricks
20,3,1,minecraft:stone_bricks
21,3,1,minecraft:stone_bricks
22,3,1,minecraft:stone_bricks
23,3,1,minecraft:stone_bricks
24,3,1,minecraft:stone_bricks
25,3,1,minecraft:stone_bricks
26,3,1,minecraft:stone_bricks
27,3,1,minecraft:stone_bricks
28,3,1,minecraft:stone_bricks
29,3,1,minecraft:stone_bricks
1,3,2,minecraft:stone_bricks
29,3,2,minecraft:stone_bricks
1,3,3,minecraft:stone_bricks
29,3,3,minecraft:stone_bricks
1,3,4,minecraft:stone_bricks
29,3,4,minecraft:stone_bricks
1,3,5,minecraft:stone_bricks
29,3,5,minecraft:stone_bricks
1,3,6,minecraft:stone_bricks
29,3,6,minecraft:stone_bricks
1,3,7,minecraft:stone_bricks
29,3,7,minecraft:stone_bricks
1,3,8,minecraft:stone_bricks
29,3,8,minecraft:stone_bricks
1,3,9,minecraft:stone_bricks
29,3,9,minecraft:stone_bricks
1,3,10,minecraft:stone_bricks
29,3,10,minecraft:stone_bricks
1,3,11,minecraft:stone_bricks
29,3,11,minecraft:stone_bricks
1,3,12,minecraft:stone_bricks
29,3,12,minecraft:stone_bricks
1,3,13,minecraft:stone_bricks
29,3,13,minecraft:stone_bricks
1,3,14,minecraft:stone_bricks
29,3,14,minecraft:stone_bricks
1,3,15,minecraft:cut_copper
29,3,15,minecraft:cut_copper
1,3,16,minecraft:stone_bricks
29,3,16,minecraft:stone_bricks
1,3,17,minecraft:stone_bricks
29,3,17,minecraft:stone_bricks
1,3,18,minecraft:stone_bricks
29,3,18,minecraft:stone_bricks
1,3,19,minecraft:stone_bricks
29,3,19,minecraft:stone_bricks
1,3,20,minecraft:stone_bricks
29,3,20,minecraft:stone_bricks
1,3,21,minecraft:stone_bricks
29,3,21,minecraft:stone_bricks
1,3,22,minecraft:stone_bricks
29,3,22,minecraft:stone_bricks
1,3,23,minecraft:stone_bricks
29,3,23,minecraft:stone_bricks
1,3,24,minecraft:stone_bricks
29,3,24,minecraft:stone_bricks
1,3,25,minecraft:stone_bricks
29,3,25,minecraft:stone_bricks
1,3,26,minecraft:stone_bricks
29,3,26,minecraft:stone_bricks
1,3,27,minecraft:stone_bricks
13,3,27,"minecraft:stone_brick_stairs[facing=north,half=bottom,shape=straight,waterlogged=false]"
14,3,27,"minecraft:stone_brick_stairs[facing=north,half=bottom,shape=straight,waterlogged=false]"
15,3,27,"minecraft:cut_copper_stairs[facing=north,half=bottom,shape=straight,waterlogged=false]"
16,3,27,"minecraft:stone_brick_stairs[facing=north,half=bottom,shape=straight,waterlogged=false]"
17,3,27,"minecraft:stone_brick_stairs[facing=north,half=bottom,shape=straight,waterlogged=false]"
29,3,27,minecraft:stone_bricks
1,3,28,minecraft:stone_bricks
29,3,28,minecraft:stone_bricks
1,3,29,minecraft:stone_bricks
2,3,29,minecraft:stone_bricks
3,3,29,minecraft:stone_bricks
4,3,29,minecraft:stone_bricks
5,3,29,minecraft:stone_bricks
6,3,29,minecraft:stone_bricks
7,3,29,minecraft:stone_bricks
8,3,29,minecraft:stone_bricks
9,3,29,minecraft:stone_bricks
10,3,29,minecraft:stone_bricks
11,3,29,minecraft:stone_bricks
12,3,29,minecraft:stone_bricks
18,3,29,minecraft:stone_bricks
19,3,29,minecraft:stone_bricks
20,3,29,minecraft:stone_bricks
21,3,29,minecraft:stone_bricks
22,3,29,minecraft:stone_bricks
23,3,29,minecraft:stone_bricks
24,3,29,minecraft:stone_bricks
25,3,29,minecraft:stone_bricks
26,3,29,minecraft:stone_bricks
27,3,29,minecraft:stone_bricks
28,3,29,minecraft:stone_bricks
29,3,29,minecraft:stone_bricks
1,4,1,minecraft:stone_bricks
2,4,1,minecraft:stone_bricks
3,4,1,minecraft:stone_bricks
4,4,1,minecraft:stone_bricks
5,4,1,minecraft:stone_bricks
6,4,1,minecraft:stone_bricks
7,4,1,minecraft:stone_bricks
8,4,1,minecraft:stone_bricks
9,4,1,minecraft:stone_bricks
10,4,1,minecraft:stone_bricks
11,4,1,minecraft:stone_bricks
12,4,1,minecraft:stone_bricks
13,4,1,minecraft:stone_bricks
14,4,1,minecraft:stone_bricks
15,4,1,minecraft:cut_copper
16,4,1,minecraft:stone_bricks
17,4,1,minecraft:stone_bricks
18,4,1,minecraft:stone_bricks
19,4,1,minecraft:stone_bricks
20,4,1,minecraft:stone_bricks
21,4,1,minecraft:stone_bricks
22,4,1,minecraft:stone_bricks
23,4,1,minecraft:stone_bricks
24,4,1,minecraft:stone_bricks
25,4,1,minecraft:stone_bricks
26,4,1,minecraft:stone_bricks
27,4,1,minecraft:stone_bricks
28,4,1,minecraft:stone_bricks
29,4,1,minecraft:stone_bricks
1,4,2,minecraft:stone_bricks
29,4,2,minecraft:stone_bricks
1,4,3,minecraft:stone_bricks
29,4,3,minecraft:stone_bricks
1,4,4,minecraft:stone_bricks
29,4,4,minecraft:stone_bricks
1,4,5,minecraft:stone_bricks
29,4,5,minecraft:stone_bricks
1,4,6,minecraft:stone_bricks
29,4,6,minecraft:stone_bricks
1,4,7,minecraft:stone_bricks
29,4,7,minecraft:stone_bricks
1,4,8,minecraft:stone_bricks
29,4,8,minecraft:stone_bricks
1,4,9,minecraft:stone_bricks
29,4,9,minecraft:stone_bricks
1,4,10,minecraft:stone_bricks
29,4,10,minecraft:stone_bricks
1,4,11,minecraft:stone_bricks
29,4,11,minecraft:stone_bricks
1,4,12,minecraft:stone_bricks
29,4,12,minecraft:stone_bricks
1,4,13,minecraft:stone_bricks
29,4,13,minecraft:stone_bricks
1,4,14,minecraft:stone_bricks
29,4,14,minecraft:stone_bricks
1,4,15,minecraft:cut_copper
29,4,15,minecraft:cut_copper
1,4,16,minecraft:stone_bricks
29,4,16,minecraft:stone_bricks
1,4,17,minecraft:stone_bricks
29,4,17,minecraft:stone_bricks
1,4,18,minecraft:stone_bricks
29,4,18,minecraft:stone_bricks
1,4,19,minecraft:stone_bricks
29,4,19,minecraft:stone_bricks
1,4,20,minecraft:stone_bricks
29,4,20,minecraft:stone_bricks
1,4,21,minecraft:stone_bricks
29,4,21,minecraft:stone_bricks
1,4,22,minecraft:stone_bricks
29,4,22,minecraft:stone_bricks
1,4,23,minecraft:stone_bricks
29,4,23,minecraft:stone_bricks
1,4,24,minecraft:stone_bricks
29,4,24,minecraft:stone_bricks
1,4,25,minecraft:stone_bricks
29,4,25,minecraft:stone_bricks
1,4,26,minecraft:stone_bricks
13,4,26,"minecraft:stone_brick_stairs[facing=north,half=bottom,shape=straight,waterlogged=false]"
14,4,26,"minecraft:stone_brick_stairs[facing=north,half=bottom,shape=straight,waterlogged=false]"
15,4,26,"minecraft:cut_copper_stairs[facing=north,half=bottom,shape=straight,waterlogged=false]"
16,4,26,"minecraft:stone_brick_stairs[facing=north,half=bottom,shape=straight,waterlogged=false]"
17,4,26,"minecraft:stone_brick_stairs[facing=north,half=bottom,shape=straight,waterlogged=false]"
29,4,26,minecraft:stone_bricks
1,4,27,minecraft:stone_bricks
29,4,27,minecraft:stone_bricks
1,4,28,minecraft:stone_bricks
29,4,28,minecraft:stone_bricks
1,4,29,minecraft:stone_bricks
2,4,29,minecraft:stone_bricks
3,4,29,minecraft:stone_bricks
4,4,29,minecraft:stone_bricks
5,4,29,minecraft:stone_bricks
6,4,29,minecraft:stone_bricks
7,4,29,minecraft:stone_bricks
8,4,29,minecraft:stone_bricks
9,4,29,minecraft:stone_bricks
10,4,29,minecraft:stone_bricks
11,4,29,minecraft:stone_bricks
12,4,29,minecraft:stone_bricks
13,4,29,minecraft:stone_bricks
14,4,29,minecraft:stone_bricks
15,4,29,minecraft:cut_copper
16,4,29,minecraft:stone_bricks
17,4,29,minecraft:stone_bricks
18,4,29,minecraft:stone_bricks
19,4,29,minecraft:stone_bricks
20,4,29,minecraft:stone_bricks
21,4,29,minecraft:stone_bricks
22,4,29,minecraft:stone_bricks
23,4,29,minecraft:stone_bricks
24,4,29,minecraft:stone_bricks
25,4,29,minecraft:stone_bricks
26,4,29,minecraft:stone_bricks
27,4,29,minecraft:stone_bricks
28,4,29,minecraft:stone_bricks
29,4,29,minecraft:stone_bricks
1,5,1,minecraft:stone_bricks
2,5,1,minecraft:stone_bricks
3,5,1,minecraft:stone_bricks
4,5,1,minecraft:stone_bricks
5,5,1,minecraft:stone_bricks
6,5,1,minecraft:stone_bricks
7,5,1,minecraft:stone_bricks
8,5,1,minecraft:stone_bricks
9,5,1,minecraft:stone_bricks
10,5,1,minecraft:stone_bricks
11,5,1,minecraft:stone_bricks
12,5,1,minecraft:stone_bricks
13,5,1,minecraft:stone_bricks
14,5,1,minecraft:stone_bricks
15,5,1,minecraft:cut_copper
16,5,1,minecraft:stone_bricks
17,5,1,minecraft:stone_bricks
18,5,1,minecraft:stone_bricks
19,5,1,minecraft:stone_bricks
20,5,1,minecraft:stone_bricks
21,5,1,minecraft:stone_bricks
22,5,1,minecraft:stone_bricks
23,5,1,minecraft:stone_bricks
24,5,1,minecraft:stone_bricks
25,5,1,minecraft:stone_bricks
26,5,1,minecraft:stone_bricks
27,5,1,minecraft:stone_bricks
28,5,1,minecraft:stone_bricks
29,5,1,minecraft:stone_bricks
1,5,2,minecraft:stone_bricks
29,5,2,minecraft:stone_bricks
1,5,3,minecraft:stone_bricks
29,5,3,minecraft:stone_bricks
1,5,4,minecraft:stone_bricks
29,5,4,minecraft:stone_bricks
1,5,5,minecraft:stone_bricks
29,5,5,minecraft:stone_bricks
1,5,6,minecraft:stone_bricks
29,5,6,minecraft:stone_bricks
1,5,7,minecraft:stone_bricks
29,5,7,minecraft:stone_bricks
1,5,8,minecraft:stone_bricks
29,5,8,minecraft:stone_bricks
1,5,9,minecraft:stone_bricks
29,5,9,minecraft:stone_bricks
1,5,10,minecraft:stone_bricks
29,5,10,minecraft:stone_bricks
1,5,11,minecraft:stone_bricks
29,5,11,minecraft:stone_bricks
1,5,12,minecraft:stone_bricks
29,5,12,minecraft:stone_bricks
1,5,13,minecraft:stone_bricks
29,5,13,minecraft:stone_bricks
1,5,14,minecraft:stone_bricks
29,5,14,minecraft:stone_bricks
1,5,15,minecraft:cut_copper
29,5,15,minecraft:cut_copper
1,5,16,minecraft:stone_bricks
29,5,16,minecraft:stone_bricks
1,5,17,minecraft:stone_bricks
29,5,17,minecraft:stone_bricks
1,5,18,minecraft:stone_bricks
29,5,18,minecraft:stone_bricks
1,5,19,minecraft:stone_bricks
29,5,19,minecraft:stone_bricks
1,5,20,minecraft:stone_bricks
29,5,20,minecraft:stone_bricks
1,5,21,minecraft:stone_bricks
29,5,21,minecraft:stone_bricks
1,5,22,minecraft:stone_bricks
29,5,22,minecraft:stone_bricks
1,5,23,minecraft:stone_bricks
29,5,23,minecraft:stone_bricks
1,5,24,minecraft:stone_bricks
29,5,24,minecraft:stone_bricks
1,5,25,minecraft:stone_bricks
13,5,25,"minecraft:stone_brick_stairs[facing=north,half=bottom,shape=straight,waterlogged=false]"
14,5,25,"minecraft:stone_brick_stairs[facing=north,half=bottom,shape=straight,waterlogged=false]"
15,5,25,"minecraft:cut_copper_stairs[facing=north,half=bottom,shape=straight,waterlogged=false]"
16,5,25,"minecraft:stone_brick_stairs[facing=north,half=bottom,shape=straight,waterlogged=false]"
17,5,25,"minecraft:stone_brick_stairs[facing=north,half=bottom,shape=straight,waterlogged=false]"
29,5,25,minecraft:stone_bricks
1,5,26,minecraft:stone_bricks
29,5,26,minecraft:stone_bricks
1,5,27,minecraft:stone_bricks
29,5,27,minecraft:stone_bricks
1,5,28,minecraft:stone_bricks
29,5,28,minecraft:stone_bricks
1,5,29,minecraft:stone_bricks
2,5,29,minecraft:stone_bricks
3,5,29,minecraft:stone_bricks
4,5,29,minecraft:stone_bricks
5,5,29,minecraft:stone_bricks
6,5,29,minecraft:stone_bricks
7,5,29,minecraft:stone_bricks
8,5,29,minecraft:stone_bricks
9,5,29,minecraft:stone_bricks
10,5,29,minecraft:stone_bricks
11,5,29,minecraft:stone_bricks
12,5,29,minecraft:stone_bricks
13,5,29,minecraft:stone_bricks
14,5,29,minecraft:stone_bricks
15,5,29,minecraft:cut_copper
16,5,29,minecraft:stone_bricks
17,5,29,minecraft:stone_bricks
18,5,29,minecraft:stone_bricks
19,5,29,minecraft:stone_bricks
20,5,29,minecraft:stone_bricks
21,5,29,minecraft:stone_bricks
22,5,29,minecraft:stone_bricks
23,5,29,minecraft:stone_bricks
24,5,29,minecraft:stone_bricks
25,5,29,minecraft:stone_bricks
26,5,29,minecraft:stone_bricks
27,5,29,minecraft:stone_bricks
28,5,29,minecraft:stone_bricks
29,5,29,minecraft:stone_bricks
1,6,1,minecraft:stone_bricks
2,6,1,minecraft:stone_bricks
3,6,1,minecraft:stone_bricks
4,6,1,minecraft:stone_bricks
5,6,1,minecraft:stone_bricks
6,6,1,minecraft:stone_bricks
7,6,1,minecraft:stone_bricks
8,6,1,minecraft:stone_bricks
9,6,1,minecraft:stone_bricks
10,6,1,minecraft:stone_bricks
11,6,1,minecraft:stone_bricks
12,6,1,minecraft:stone_bricks
13,6,1,minecraft:stone_bricks
14,6,1,minecraft:stone_bricks
15,6,1,minecraft:cut_copper
16,6,1,minecraft:stone_bricks
17,6,1,minecraft:stone_bricks
18,6,1,minecraft:stone_bricks
19,6,1,minecraft:stone_bricks
20,6,1,minecraft:stone_bricks
21,6,1,minecraft:stone_bricks
22,6,1,minecraft:stone_bricks
23,6,1,minecraft:stone_bricks
24,6,1,minecraft:stone_bricks
25,6,1,minecraft:stone_bricks
26,6,1,minecraft:stone_bricks
27,6,1,minecraft:stone_bricks
28,6,1,minecraft:stone_bricks
29,6,1,minecraft:stone_bricks
1,6,2,minecraft:stone_bricks
29,6,2,minecraft:stone_bricks
1,6,3,minecraft:stone_bricks
29,6,3,minecraft:stone_bricks
1,6,4,minecraft:stone_bricks
29,6,4,minecraft:stone_bricks
1,6,5,minecraft:stone_bricks
29,6,5,minecraft:stone_bricks
1,6,6,minecraft:stone_bricks
29,6,6,minecraft:stone_bricks
1,6,7,minecraft:stone_bricks
29,6,7,minecraft:stone_bricks
1,6,8,minecraft:stone_bricks
29,6,8,minecraft:stone_bricks
1,6,9,minecraft:stone_bricks
29,6,9,minecraft:stone_bricks
1,6,10,minecraft:stone_bricks
29,6,10,minecraft:stone_bricks
1,6,11,minecraft:stone_bricks
29,6,11,minecraft:stone_bricks
1,6,12,minecraft:stone_bricks
29,6,12,minecraft:stone_bricks
1,6,13,minecraft:stone_bricks
29,6,13,minecraft:stone_bricks
1,6,14,minecraft:stone_bricks
29,6,14,minecraft:stone_bricks
1,6,15,minecraft:cut_copper
29,6,15,minecraft:cut_copper
1,6,16,minecraft:stone_bricks
29,6,16,minecraft:stone_bricks
1,6,17,minecraft:stone_bricks
29,6,17,minecraft:stone_bricks
1,6,18,minecraft:stone_bricks
29,6,18,minecraft:stone_bricks
1,6,19,minecraft:stone_bricks
29,6,19,minecraft:stone_bricks
1,6,20,minecraft:stone_bricks
29,6,20,minecraft:stone_bricks
1,6,21,minecraft:stone_bricks
29,6,21,minecraft:stone_bricks
1,6,22,minecraft:stone_bricks
29,6,22,minecraft:stone_bricks
1,6,23,minecraft:stone_bricks
29,6,23,minecraft:stone_bricks
1,6,24,minecraft:stone_bricks
13,6,24,"minecraft:stone_brick_stairs[facing=north,half=bottom,shape=straight,waterlogged=false]"
14,6,24,"minecraft:stone_brick_stairs[facing=north,half=bottom,shape=straight,waterlogged=false]"
15,6,24,"minecraft:cut_copper_stairs[facing=north,half=bottom,shape=straight,waterlogged=false]"
16,6,24,"minecraft:stone_brick_stairs[facing=north,half=bottom,shape=straight,waterlogged=false]"
17,6,24,"minecraft:stone_brick_stairs[facing=north,half=bottom,shape=straight,waterlogged=false]"
29,6,24,minecraft:stone_bricks
1,6,25,minecraft:stone_bricks
29,6,25,minecraft:stone_bricks
1,6,26,minecraft:stone_bricks
29,6,26,minecraft:stone_bricks
1,6,27,minecraft:stone_bricks
29,6,27,minecraft:stone_bricks
1,6,28,minecraft:stone_bricks
29,6,28,minecraft:stone_bricks
1,6,29,minecraft:stone_bricks
2,6,29,minecraft:stone_bricks
3,6,29,minecraft:stone_bricks
4,6,29,minecraft:stone_bricks
5,6,29,minecraft:stone_bricks
6,6,29,minecraft:stone_bricks
7,6,29,minecraft:stone_bricks
8,6,29,minecraft:stone_bricks
9,6,29,minecraft:stone_bricks
10,6,29,minecraft:stone_bricks
11,6,29,minecraft:stone_bricks
12,6,29,minecraft:stone_bricks
13,6,29,minecraft:stone_bricks
14,6,29,minecraft:stone_bricks
15,6,29,minecraft:cut_copper
16,6,29,minecraft:stone_bricks
17,6,29,minecraft:stone_bricks
18,6,29,minecraft:stone_bricks
19,6,29,minecraft:stone_bricks
20,6,29,minecraft:stone_bricks
21,6,29,minecraft:stone_bricks
22,6,29,minecraft:stone_bricks
23,6,29,minecraft:stone_bricks
24,6,29,minecraft:stone_bricks
25,6,29,minecraft:stone_bricks
26,6,29,minecraft:stone_bricks
27,6,29,minecraft:stone_bricks
28,6,29,minecraft:stone_bricks
29,6,29,minecraft:stone_bricks
1,7,1,minecraft:smooth_stone
2,7,1,minecraft:smooth_stone
3,7,1,minecraft:smooth_stone
4,7,1,minecraft:smooth_stone
5,7,1,minecraft:smooth_stone
6,7,1,minecraft:smooth_stone
7,7,1,minecraft:smooth_stone
8,7,1,minecraft:smooth_stone
9,7,1,minecraft:smooth_stone
10,7,1,minecraft:smooth_stone
11,7,1,minecraft:smooth_stone
12,7,1,minecraft:smooth_stone
13,7,1,minecraft:smooth_stone
14,7,1,minecraft:smooth_stone
15,7,1,minecraft:cut_copper
16,7,1,minecraft:smooth_stone
17,7,1,minecraft:smooth_stone
18,7,1,minecraft:smooth_stone
19,7,1,minecraft:smooth_stone
20,7,1,minecraft:smooth_stone
21,7,1,minecraft:smooth_stone
22,7,1,minecraft:smooth_stone
23,7,1,minecraft:smooth_stone
24,7,1,minecraft:smooth_stone
25,7,1,minecraft:smooth_stone
26,7,1,minecraft:smooth_stone
27,7,1,minecraft:smooth_stone
28,7,1,minecraft:smooth_stone
29,7,1,minecraft:smooth_stone
1,7,2,minecraft:smooth_stone
2,7,2,minecraft:smooth_stone
3,7,2,minecraft:smooth_stone
4,7,2,minecraft:smooth_stone
5,7,2,minecraft:smooth_stone
6,7,2,minecraft:smooth_stone
7,7,2,minecraft:smooth_stone
8,7,2,minecraft:smooth_stone
9,7,2,minecraft:smooth_stone
10,7,2,minecraft:smooth_stone
11,7,2,minecraft:smooth_stone
12,7,2,minecraft:smooth_stone
13,7,2,minecraft:smooth_stone
14,7,2,minecraft:smooth_stone
15,7,2,minecraft:cut_copper
16,7,2,minecraft:smooth_stone
17,7,2,minecraft:smooth_stone
18,7,2,minecraft:smooth_stone
19,7,2,minecraft:smooth_stone
20,7,2,minecraft:smooth_stone
21,7,2,minecraft:smooth_stone
22,7,2,minecraft:smooth_stone
23,7,2,minecraft:smooth_stone
24,7,2,minecraft:smooth_stone
25,7,2,minecraft:smooth_stone
26,7,2,minecraft:smooth_stone
27,7,2,minecraft:smooth_stone
28,7,2,minecraft:smooth_stone
29,7,2,minecraft:smooth_stone
1,7,3,minecraft:smooth_stone
2,7,3,minecraft:smooth_stone
3,7,3,minecraft:smooth_stone
4,7,3,minecraft:smooth_stone
5,7,3,minecraft:smooth_stone
6,7,3,minecraft:smooth_stone
7,7,3,minecraft:smooth_stone
8,7,3,minecraft:smooth_stone
9,7,3,minecraft:smooth_stone
10,7,3,minecraft:smooth_stone
11,7,3,minecraft:smooth_stone
12,7,3,minecraft:smooth_stone
13,7,3,minecraft:smooth_stone
14,7,3,minecraft:smooth_stone
15,7,3,minecraft:cut_copper
16,7,3,minecraft:smooth_stone
17,7,3,minecraft:smooth_stone
18,7,3,minecraft:smooth_stone
19,7,3,minecraft:smooth_stone
20,7,3,minecraft:smooth_stone
21,7,3,minecraft:smooth_stone
22,7,3,minecraft:smooth_stone
23,7,3,minecraft:smooth_stone
24,7,3,minecraft:smooth_stone
25,7,3,minecraft:smooth_stone
26,7,3,minecraft:smooth_stone
27,7,3,minecraft:smooth_stone
28,7,3,minecraft:smooth_stone
29,7,3,minecraft:smooth_stone
1,7,4,minecraft:smooth_stone
2,7,4,minecraft:smooth_stone
3,7,4,minecraft:smooth_stone
4,7,4,minecraft:smooth_stone
5,7,4,minecraft:smooth_stone
6,7,4,minecraft:smooth_stone
7,7,4,minecraft:smooth_stone
8,7,4,minecraft:smooth_stone
9,7,4,minecraft:smooth_stone
10,7,4,minecraft:smooth_stone
11,7,4,minecraft:smooth_stone
12,7,4,minecraft:smooth_stone
13,7,4,minecraft:smooth_stone
14,7,4,minecraft:smooth_stone
15,7,4,minecraft:cut_copper
16,7,4,minecraft:smooth_stone
17,7,4,minecraft:smooth_stone
18,7,4,minecraft:smooth_stone
19,7,4,minecraft:smooth_stone
20,7,4,minecraft:smooth_stone
21,7,4,minecraft:smooth_stone
22,7,4,minecraft:smooth_stone
23,7,4,minecraft:smooth_stone
24,7,4,minecraft:smooth_stone
25,7,4,minecraft:smooth_stone
26,7,4,minecraft:smooth_stone
27,7,4,minecraft:smooth_stone
28,7,4,minecraft:smooth_stone
29,7,4,minecraft:smooth_stone
1,7,5,minecraft:smooth_stone
2,7,5,minecraft:smooth_stone
3,7,5,minecraft:smooth_stone
4,7,5,minecraft:smooth_stone
5,7,5,minecraft:smooth_stone
6,7,5,minecraft:smooth_stone
7,7,5,minecraft:smooth_stone
8,7,5,minecraft:smooth_stone
9,7,5,minecraft:smooth_stone
10,7,5,minecraft:smooth_stone
11,7,5,minecraft:smooth_stone
12,7,5,minecraft:smooth_stone
13,7,5,minecraft:smooth_stone
14,7,5,minecraft:smooth_stone
15,7,5,minecraft:cut_copper
16,7,5,minecraft:smooth_stone
17,7,5,minecraft:smooth_stone
18,7,5,minecraft:smooth_stone
19,7,5,minecraft:smooth_stone
20,7,5,minecraft:smooth_stone
21,7,5,minecraft:smooth_stone
22,7,5,minecraft:smooth_stone
23,7,5,minecraft:smooth_stone
24,7,5,minecraft:smooth_stone
25,7,5,minecraft:smooth_stone
26,7,5,minecraft:smooth_stone
27,7,5,minecraft:smooth_stone
28,7,5,minecraft:smooth_stone
29,7,5,minecraft:smooth_stone
1,7,6,minecraft:smooth_stone
2,7,6,minecraft:smooth_stone
3,7,6,minecraft:smooth_stone
4,7,6,minecraft:smooth_stone
5,7,6,minecraft:smooth_stone
6,7,6,minecraft:smooth_stone
7,7,6,minecraft:smooth_stone
8,7,6,minecraft:smooth_stone
9,7,6,minecraft:smooth_stone
10,7,6,minecraft:smooth_stone
11,7,6,minecraft:smooth_stone
12,7,6,minecraft:smooth_stone
13,7,6,minecraft:smooth_stone
14,7,6,minecraft:smooth_stone
15,7,6,minecraft:smooth_stone
16,7,6,minecraft:smooth_stone
17,7,6,minecraft:smooth_stone
18,7,6,minecraft:smooth_stone
19,7,6,minecraft:smooth_stone
20,7,6,minecraft:smooth_stone
21,7,6,minecraft:smooth_stone
22,7,6,minecraft:smooth_stone
23,7,6,minecraft:smooth_stone
24,7,6,minecraft:smooth_stone
25,7,6,minecraft:smooth_stone
26,7,6,minecraft:smooth_stone
27,7,6,minecraft:smooth_stone
28,7,6,minecraft:smooth_stone
29,7,6,minecraft:smooth_stone
1,7,7,minecraft:smooth_stone
2,7,7,minecraft:smooth_stone
3,7,7,minecraft:smooth_stone
4,7,7,minecraft:smooth_stone
5,7,7,minecraft:smooth_stone
6,7,7,minecraft:smooth_stone
7,7,7,minecraft:smooth_stone
8,7,7,minecraft:smooth_stone
9,7,7,minecraft:smooth_stone
10,7,7,minecraft:smooth_stone
11,7,7,minecraft:smooth_stone
12,7,7,minecraft:smooth_stone
13,7,7,minecraft:smooth_stone
14,7,7,minecraft:smooth_stone
15,7,7,minecraft:smooth_stone
16,7,7,minecraft:smooth_stone
17,7,7,minecraft:smooth_stone
18,7,7,minecraft:smooth_stone
19,7,7,minecraft:smooth_stone
20,7,7,minecraft:smooth_stone
21,7,7,minecraft:smooth_stone
22,7,7,minecraft:smooth_stone
23,7,7,minecraft:smooth_stone
24,7,7,minecraft:smooth_stone
25,7,7,minecraft:smooth_stone
26,7,7,minecraft:smooth_stone
27,7,7,minecraft:smooth_stone
28,7,7,minecraft:smooth_stone
29,7,7,minecraft:smooth_stone
1,7,8,minecraft:smooth_stone
2,7,8,minecraft:smooth_stone
3,7,8,minecraft:smooth_stone
4,7,8,minecraft:smooth_stone
5,7,8,minecraft:smooth_stone
6,7,8,minecraft:smooth_stone
7,7,8,minecraft:smooth_stone
8,7,8,minecraft:smooth_stone
9,7,8,minecraft:smooth_stone
10,7,8,minecraft:smooth_stone
11,7,8,minecraft:smooth_stone
12,7,8,minecraft:smooth_stone
13,7,8,minecraft:smooth_stone
14,7,8,minecraft:smooth_stone
15,7,8,minecraft:smooth_stone
16,7,8,minecraft:smooth_stone
17,7,8,minecraft:smooth_stone
18,7,8,minecraft:smooth_stone
19,7,8,minecraft:smooth_stone
20,7,8,minecraft:smooth_stone
21,7,8,minecraft:smooth_stone
22,7,8,minecraft:smooth_stone
23,7,8,minecraft:smooth_stone
24,7,8,minecraft:smooth_stone
25,7,8,minecraft:smooth_stone
26,7,8,minecraft:smooth_stone
27,7,8,minecraft:smooth_stone
28,7,8,minecraft:smooth_stone
29,7,8,minecraft:smooth_stone
1,7,9,minecraft:smooth_stone
2,7,9,minecraft:smooth_stone
3,7,9,minecraft:smooth_stone
4,7,9,minecraft:smooth_stone
5,7,9,minecraft:smooth_stone
6,7,9,minecraft:smooth_stone
7,7,9,minecraft:smooth_stone
8,7,9,minecraft:smooth_stone
9,7,9,minecraft:smooth_stone
10,7,9,minecraft:smooth_stone
11,7,9,minecraft:smooth_stone
12,7,9,minecraft:smooth_stone
13,7,9,minecraft:smooth_stone
14,7,9,minecraft:smooth_stone
15,7,9,minecraft:smooth_stone
16,7,9,minecraft:smooth_stone
17,7,9,minecraft:smooth_stone
18,7,9,minecraft:smooth_stone
19,7,9,minecraft:smooth_stone
20,7,9,minecraft:smooth_stone
21,7,9,minecraft:smooth_stone
22,7,9,minecraft:smooth_stone
23,7,9,minecraft:smooth_stone
24,7,9,minecraft:smooth_stone
25,7,9,minecraft:smooth_stone
26,7,9,minecraft:smooth_stone
27,7,9,minecraft:smooth_stone
28,7,9,minecraft:smooth_stone
29,7,9,minecraft:smooth_stone
1,7,10,minecraft:smooth_stone
2,7,10,minecraft:smooth_stone
3,7,10,minecraft:smooth_stone
4,7,10,minecraft:smooth_stone
5,7,10,minecraft:smooth_stone
6,7,10,minecraft:smooth_stone
7,7,10,minecraft:smooth_stone
8,7,10,minecraft:smooth_stone
9,7,10,minecraft:smooth_stone
10,7,10,minecraft:smooth_stone
11,7,10,minecraft:smooth_stone
12,7,10,minecraft:smooth_stone
13,7,10,minecraft:smooth_stone
14,7,10,minecraft:smooth_stone
15,7,10,minecraft:smooth_stone
16,7,10,minecraft:smooth_stone
17,7,10,minecraft:smooth_stone
18,7,10,minecraft:smooth_stone
19,7,10,minecraft:smooth_stone
20,7,10,minecraft:smooth_stone
21,7,10,minecraft:smooth_stone
22,7,10,minecraft:smooth_stone
23,7,10,minecraft:smooth_stone
24,7,10,minecraft:smooth_stone
25,7,10,minecraft:smooth_stone
26,7,10,minecraft:smooth_stone
27,7,10,minecraft:smooth_stone
28,7,10,minecraft:smooth_stone
29,7,10,minecraft:smooth_stone
1,7,11,minecraft:smooth_stone
2,7,11,minecraft:smooth_stone
3,7,11,minecraft:smooth_stone
4,7,11,minecraft:smooth_stone
5,7,11,minecraft:smooth_stone
6,7,11,minecraft:smooth_stone
7,7,11,minecraft:smooth_stone
8,7,11,minecraft:smooth_stone
9,7,11,minecraft:smooth_stone
10,7,11,minecraft:smooth_stone
11,7,11,minecraft:smooth_stone
12,7,11,minecraft:smooth_stone
13,7,11,minecraft:smooth_stone
14,7,11,minecraft:smooth_stone
15,7,11,minecraft:smooth_stone
16,7,11,minecraft:smooth_stone
17,7,11,minecraft:smooth_stone
18,7,11,minecraft:smooth_stone
19,7,11,minecraft:smooth_stone
20,7,11,minecraft:smooth_stone
21,7,11,minecraft:smooth_stone
22,7,11,minecraft:smooth_stone
23,7,11,minecraft:smooth_stone
24,7,11,minecraft:smooth_stone
25,7,11,minecraft:smooth_stone
26,7,11,minecraft:smooth_stone
27,7,11,minecraft:smooth_stone
28,7,11,minecraft:smooth_stone
29,7,11,minecraft:smooth_stone
1,7,12,minecraft:smooth_stone
2,7,12,minecraft:smooth_stone
3,7,12,minecraft:smooth_stone
4,7,12,minecraft:smooth_stone
5,7,12,minecraft:smooth_stone
6,7,12,minecraft:smooth_stone
7,7,12,minecraft:smooth_stone
8,7,12,minecraft:smooth_stone
9,7,12,minecraft:smooth_stone
10,7,12,minecraft:smooth_stone
11,7,12,minecraft:smooth_stone
12,7,12,minecraft:smooth_stone
13,7,12,minecraft:smooth_stone
14,7,12,minecraft:smooth_stone
15,7,12,minecraft:smooth_stone
16,7,12,minecraft:smooth_stone
17,7,12,minecraft:smooth_stone
18,7,12,minecraft:smooth_stone
19,7,12,minecraft:smooth_stone
20,7,12,minecraft:smooth_stone
21,7,12,minecraft:smooth_stone
22,7,12,minecraft:smooth_stone
23,7,12,minecraft:smooth_stone
24,7,12,minecraft:smooth_stone
25,7,12,minecraft:smooth_stone
26,7,12,minecraft:smooth_stone
27,7,12,minecraft:smooth_stone
28,7,12,minecraft:smooth_stone
29,7,12,minecraft:smooth_stone
1,7,13,minecraft:smooth_stone
2,7,13,minecraft:smooth_stone
3,7,13,minecraft:smooth_stone
4,7,13,minecraft:smooth_stone
5,7,13,minecraft:smooth_stone
6,7,13,minecraft:smooth_stone
7,7,13,minecraft:smooth_stone
8,7,13,minecraft:smooth_stone
9,7,13,minecraft:smooth_stone
10,7,13,minecraft:smooth_stone
11,7,13,minecraft:smooth_stone
12,7,13,minecraft:smooth_stone
13,7,13,minecraft:smooth_stone
14,7,13,minecraft:smooth_stone
15,7,13,minecraft:smooth_stone
16,7,13,minecraft:smooth_stone
17,7,13,minecraft:smooth_stone
18,7,13,minecraft:smooth_stone
19,7,13,minecraft:smooth_stone
20,7,13,minecraft:smooth_stone
21,7,13,minecraft:smooth_stone
22,7,13,minecraft:smooth_stone
23,7,13,minecraft:smooth_stone
24,7,13,minecraft:smooth_stone
25,7,13,minecraft:smooth_stone
26,7,13,minecraft:smooth_stone
27,7,13,minecraft:smooth_stone
28,7,13,minecraft:smooth_stone
29,7,13,minecraft:smooth_stone
1,7,14,minecraft:smooth_stone
2,7,14,minecraft:smooth_stone
3,7,14,minecraft:smooth_stone
4,7,14,minecraft:smooth_stone
5,7,14,minecraft:smooth_stone
6,7,14,minecraft:smooth_stone
7,7,14,minecraft:smooth_stone
8,7,14,minecraft:smooth_stone
9,7,14,minecraft:smooth_stone
10,7,14,minecraft:smooth_stone
11,7,14,minecraft:smooth_stone
12,7,14,minecraft:smooth_stone
13,7,14,minecraft:smooth_stone
14,7,14,minecraft:smooth_stone
15,7,14,minecraft:smooth_stone
16,7,14,minecraft:smooth_stone
17,7,14,minecraft:smooth_stone
18,7,14,minecraft:smooth_stone
19,7,14,minecraft:smooth_stone
20,7,14,minecraft:smooth_stone
21,7,14,minecraft:smooth_stone
22,7,14,minecraft:smooth_stone
23,7,14,minecraft:smooth_stone
24,7,14,minecraft:smooth_stone
25,7,14,minecraft:smooth_stone
26,7,14,minecraft:smooth_stone
27,7,14,minecraft:smooth_stone
28,7,14,minecraft:smooth_stone
29,7,14,minecraft:smooth_stone
1,7,15,minecraft:cut_copper
2,7,15,minecraft:cut_copper
3,7,15,minecraft:cut_copper
4,7,15,minecraft:cut_copper
5,7,15,minecraft:cut_copper
6,7,15,minecraft:smooth_stone
7,7,15,minecraft:smooth_stone
8,7,15,minecraft:smooth_stone
9,7,15,minecraft:smooth_stone
10,7,15,minecraft:smooth_stone
11,7,15,minecraft:smooth_stone
12,7,15,minecraft:smooth_stone
13,7,15,minecraft:smooth_stone
14,7,15,minecraft:smooth_stone
15,7,15,minecraft:smooth_stone
16,7,15,minecraft:smooth_stone
17,7,15,minecraft:smooth_stone
18,7,15,minecraft:smooth_stone
19,7,15,minecraft:smooth_stone
20,7,15,minecraft:smooth_stone
21,7,15,minecraft:smooth_stone
22,7,15,minecraft:smooth_stone
23,7,15,minecraft:smooth_stone
24,7,15,minecraft:smooth_stone
25,7,15,minecraft:cut_copper
26,7,15,minecraft:cut_copper
27,7,15,minecraft:cut_copper
28,7,15,minecraft:cut_copper
29,7,15,minecraft:cut_copper
1,7,16,minecraft:smooth_stone
2,7,16,minecraft:smooth_stone
3,7,16,minecraft:smooth_stone
4,7,16,minecraft:smooth_stone
5,7,16,minecraft:smooth_stone
6,7,16,minecraft:smooth_stone
7,7,16,minecraft:smooth_stone
8,7,16,minecraft:smooth_stone
9,7,16,minecraft:smooth_stone
10,7,16,minecraft:smooth_stone
11,7,16,minecraft:smooth_stone
12,7,16,minecraft:smooth_stone
13,7,16,minecraft:smooth_stone
14,7,16,minecraft:smooth_stone
15,7,16,minecraft:smooth_stone
16,7,16,minecraft:smooth_stone
17,7,16,minecraft:smooth_stone
18,7,16,minecraft:smooth_stone
19,7,16,minecraft:smooth_stone
20,7,16,minecraft:smooth_stone
21,7,16,minecraft:smooth_stone
22,7,16,minecraft:smooth_stone
23,7,16,minecraft:smooth_stone
24,7,16,minecraft:smooth_stone
25,7,16,minecraft:smooth_stone
26,7,16,minecraft:smooth_stone
27,7,16,minecraft:smooth_stone
28,7,16,minecraft:smooth_stone
29,7,16,minecraft:smooth_stone
1,7,17,minecraft:smooth_stone
2,7,17,minecraft:smooth_stone
3,7,17,minecraft:smooth_stone
4,7,17,minecraft:smooth_stone
5,7,17,minecraft:smooth_stone
6,7,17,minecraft:smooth_stone
7,7,17,minecraft:smooth_stone
8,7,17,minecraft:smooth_stone
9,7,17,minecraft:smooth_stone
10,7,17,minecraft:smooth_stone
11,7,17,minecraft:smooth_stone
12,7,17,minecraft:smooth_stone
13,7,17,minecraft:smooth_stone
14,7,17,minecraft:smooth_stone
15,7,17,minecraft:smooth_stone
16,7,17,minecraft:smooth_stone
17,7,17,minecraft:smooth_stone
18,7,17,minecraft:smooth_stone
19,7,17,minecraft:smooth_stone
20,7,17,minecraft:smooth_stone
21,7,17,minecraft:smooth_stone
22,7,17,minecraft:smooth_stone
23,7,17,minecraft:smooth_stone
24,7,17,minecraft:smooth_stone
25,7,17,minecraft:smooth_stone
26,7,17,minecraft:smooth_stone
27,7,17,minecraft:smooth_stone
28,7,17,minecraft:smooth_stone
29,7,17,minecraft:smooth_stone
1,7,18,minecraft:smooth_stone
2,7,18,minecraft:smooth_stone
3,7,18,minecraft:smooth_stone
4,7,18,minecraft:smooth_stone
5,7,18,minecraft:smooth_stone
6,7,18,minecraft:smooth_stone
7,7,18,minecraft:smooth_stone
8,7,18,minecraft:smooth_stone
9,7,18,minecraft:smooth_stone
10,7,18,minecraft:smooth_stone
11,7,18,minecraft:smooth_stone
12,7,18,minecraft:smooth_stone
13,7,18,minecraft:smooth_stone
14,7,18,minecraft:smooth_stone
15,7,18,minecraft:smooth_stone
16,7,18,minecraft:smooth_stone
17,7,18,minecraft:smooth_stone
18,7,18,minecraft:smooth_stone
19,7,18,minecraft:smooth_stone
20,7,18,minecraft:smooth_stone
21,7,18,minecraft:smooth_stone
22,7,18,minecraft:smooth_stone
23,7,18,minecraft:smooth_stone
24,7,18,minecraft:smooth_stone
25,7,18,minecraft:smooth_stone
26,7,18,minecraft:smooth_stone
27,7,18,minecraft:smooth_stone
28,7,18,minecraft:smooth_stone
29,7,18,minecraft:smooth_stone
1,7,19,minecraft:smooth_stone
2,7,19,minecraft:smooth_stone
3,7,19,minecraft:smooth_stone
4,7,19,minecraft:smooth_stone
5,7,19,minecraft:smooth_stone
6,7,19,minecraft:smooth_stone
7,7,19,minecraft:smooth_stone
8,7,19,minecraft:smooth_stone
9,7,19,minecraft:smooth_stone
10,7,19,minecraft:smooth_stone
11,7,19,minecraft:smooth_stone
12,7,19,minecraft:smooth_stone
13,7,19,minecraft:smooth_stone
14,7,19,minecraft:smooth_stone
15,7,19,minecraft:smooth_stone
16,7,19,minecraft:smooth_stone
17,7,19,minecraft:smooth_stone
18,7,19,minecraft:smooth_stone
19,7,19,minecraft:smooth_stone
20,7,19,minecraft:smooth_stone
21,7,19,minecraft:smooth_stone
22,7,19,minecraft:smooth_stone
23,7,19,minecraft:smooth_stone
24,7,19,minecraft:smooth_stone
25,7,19,minecraft:smooth_stone
26,7,19,minecraft:smooth_stone
27,7,19,minecraft:smooth_stone
28,7,19,minecraft:smooth_stone
29,7,19,minecraft:smooth_stone
1,7,20,minecraft:smooth_stone
2,7,20,minecraft:smooth_stone
3,7,20,minecraft:smooth_stone
4,7,20,minecraft:smooth_stone
5,7,20,minecraft:smooth_stone
6,7,20,minecraft:smooth_stone
7,7,20,minecraft:smooth_stone
8,7,20,minecraft:smooth_stone
9,7,20,minecraft:smooth_stone
10,7,20,minecraft:smooth_stone
11,7,20,minecraft:smooth_stone
12,7,20,minecraft:smooth_stone
13,7,20,minecraft:smooth_stone
14,7,20,minecraft:smooth_stone
15,7,20,minecraft:smooth_stone
16,7,20,minecraft:smooth_stone
17,7,20,minecraft:smooth_stone
18,7,20,minecraft:smooth_stone
19,7,20,minecraft:smooth_stone
20,7,20,minecraft:smooth_stone
21,7,20,minecraft:smooth_stone
22,7,20,minecraft:smooth_stone
23,7,20,minecraft:smooth_stone
24,7,20,minecraft:smooth_stone
25,7,20,minecraft:smooth_stone
26,7,20,minecraft:smooth_stone
27,7,20,minecraft:smooth_stone
28,7,20,minecraft:smooth_stone
29,7,20,minecraft:smooth_stone
1,7,21,minecraft:smooth_stone
2,7,21,minecraft:smooth_stone
3,7,21,minecraft:smooth_stone
4,7,21,minecraft:smooth_stone
5,7,21,minecraft:smooth_stone
6,7,21,minecraft:smooth_stone
7,7,21,minecraft:smooth_stone
8,7,21,minecraft:smooth_stone
9,7,21,minecraft:smooth_stone
10,7,21,minecraft:smooth_stone
11,7,21,minecraft:smooth_stone
12,7,21,minecraft:smooth_stone
13,7,21,minecraft:smooth_stone
14,7,21,minecraft:smooth_stone
15,7,21,minecraft:smooth_stone
16,7,21,minecraft:smooth_stone
17,7,21,minecraft:smooth_stone
18,7,21,minecraft:smooth_stone
19,7,21,minecraft:smooth_stone
20,7,21,minecraft:smooth_stone
21,7,21,minecraft:smooth_stone
22,7,21,minecraft:smooth_stone
23,7,21,minecraft:smooth_stone
24,7,21,minecraft:smooth_stone
25,7,21,minecraft:smooth_stone
26,7,21,minecraft:smooth_stone
27,7,21,minecraft:smooth_stone
28,7,21,minecraft:smooth_stone
29,7,21,minecraft:smooth_stone
1,7,22,minecraft:smooth_stone
2,7,22,minecraft:smooth_stone
3,7,22,minecraft:smooth_stone
4,7,22,minecraft:smooth_stone
5,7,22,minecraft:smooth_stone
6,7,22,minecraft:smooth_stone
7,7,22,minecraft:smooth_stone
8,7,22,minecraft:smooth_stone
9,7,22,minecraft:smooth_stone
10,7,22,minecraft:smooth_stone
11,7,22,minecraft:smooth_stone
12,7,22,minecraft:smooth_stone
13,7,22,minecraft:smooth_stone
14,7,22,minecraft:smooth_stone
15,7,22,minecraft:smooth_stone
16,7,22,minecraft:smooth_stone
17,7,22,minecraft:smooth_stone
18,7,22,minecraft:smooth_stone
19,7,22,minecraft:smooth_stone
20,7,22,minecraft:smooth_stone
21,7,22,minecraft:smooth_stone
22,7,22,minecraft:smooth_stone
23,7,22,minecraft:smooth_stone
24,7,22,minecraft:smooth_stone
25,7,22,minecraft:smooth_stone
26,7,22,minecraft:smooth_stone
27,7,22,minecraft:smooth_stone
28,7,22,minecraft:smooth_stone
29,7,22,minecraft:smooth_stone
1,7,23,minecraft:smooth_stone
2,7,23,minecraft:smooth_stone
3,7,23,minecraft:smooth_stone
4,7,23,minecraft:smooth_stone
5,7,23,minecraft:smooth_stone
6,7,23,minecraft:smooth_stone
7,7,23,minecraft:smooth_stone
8,7,23,minecraft:smooth_stone
9,7,23,minecraft:smooth_stone
10,7,23,minecraft:smooth_stone
11,7,23,minecraft:smooth_stone
12,7,23,minecraft:smooth_stone
13,7,23,"minecraft:stone_brick_stairs[facing=north,half=bottom,shape=straight,waterlogged=false]"
14,7,23,"minecraft:stone_brick_stairs[facing=north,half=bottom,shape=straight,waterlogged=false]"
15,7,23,"minecraft:cut_copper_stairs[facing=north,half=bottom,shape=straight,waterlogged=false]"
16,7,23,"minecraft:stone_brick_stairs[facing=north,half=bottom,shape=straight,waterlogged=false]"
17,7,23,"minecraft:stone_brick_stairs[facing=north,half=bottom,shape=straight,waterlogged=false]"
18,7,23,minecraft:smooth_stone
19,7,23,minecraft:smooth_stone
20,7,23,minecraft:smooth_stone
21,7,23,minecraft:smooth_stone
22,7,23,minecraft:smooth_stone
23,7,23,minecraft:smooth_stone
24,7,23,minecraft:smooth_stone
25,7,23,minecraft:smooth_stone
26,7,23,minecraft:smooth_stone
27,7,23,minecraft:smooth_stone
28,7,23,minecraft:smooth_stone
29,7,23,minecraft:smooth_stone
1,7,24,minecraft:smooth_stone
2,7,24,minecraft:smooth_stone
3,7,24,minecraft:smooth_stone
4,7,24,minecraft:smooth_stone
5,7,24,minecraft:smooth_stone
6,7,24,minecraft:smooth_stone
7,7,24,minecraft:smooth_stone
8,7,24,minecraft:smooth_stone
9,7,24,minecraft:smooth_stone
10,7,24,minecraft:smooth_stone
11,7,24,minecraft:smooth_stone
12,7,24,minecraft:smooth_stone
18,7,24,minecraft:smooth_stone
19,7,24,minecraft:smooth_stone
20,7,24,minecraft:smooth_stone
21,7,24,minecraft:smooth_stone
22,7,24,minecraft:smooth_stone
23,7,24,minecraft:smooth_stone
24,7,24,minecraft:smooth_stone
25,7,24,minecraft:smooth_stone
26,7,24,minecraft:smooth_stone
27,7,24,minecraft:smooth_stone
28,7,24,minecraft:smooth_stone
29,7,24,minecraft:smooth_stone
1,7,25,minecraft:smooth_stone
2,7,25,minecraft:smooth_stone
3,7,25,minecraft:smooth_stone
4,7,25,minecraft:smooth_stone
5,7,25,minecraft:smooth_stone
6,7,25,minecraft:smooth_stone
7,7,25,minecraft:smooth_stone
8,7,25,minecraft:smooth_stone
9,7,25,minecraft:smooth_stone
10,7,25,minecraft:smooth_stone
11,7,25,minecraft:smooth_stone
12,7,25,minecraft:smooth_stone
18,7,25,minecraft:smooth_stone
19,7,25,minecraft:smooth_stone
20,7,25,minecraft:smooth_stone
21,7,25,minecraft:smooth_stone
22,7,25,minecraft:smooth_stone
23,7,25,minecraft:smooth_stone
24,7,25,minecraft:smooth_stone
25,7,25,minecraft:smooth_stone
26,7,25,minecraft:smooth_stone
27,7,25,minecraft:smooth_stone
28,7,25,minecraft:smooth_stone
29,7,25,minecraft:smooth_stone
1,7,26,minecraft:smooth_stone
2,7,26,minecraft:smooth_stone
3,7,26,minecraft:smooth_stone
4,7,26,minecraft:smooth_stone
5,7,26,minecraft:smooth_stone
6,7,26,minecraft:smooth_stone
7,7,26,minecraft:smooth_stone
8,7,26,minecraft:smooth_stone
9,7,26,minecraft:smooth_stone
10,7,26,minecraft:smooth_stone
11,7,26,minecraft:smooth_stone
12,7,26,minecraft:smooth_stone
13,7,26,minecraft:smooth_stone
14,7,26,minecraft:smooth_stone
15,7,26,minecraft:cut_copper
16,7,26,minecraft:smooth_stone
17,7,26,minecraft:smooth_stone
18,7,26,minecraft:smooth_stone
19,7,26,minecraft:smooth_stone
20,7,26,minecraft:smooth_stone
21,7,26,minecraft:smooth_stone
22,7,26,minecraft:smooth_stone
23,7,26,minecraft:smooth_stone
24,7,26,minecraft:smooth_stone
25,7,26,minecraft:smooth_stone
26,7,26,minecraft:smooth_stone
27,7,26,minecraft:smooth_stone
28,7,26,minecraft:smooth_stone
29,7,26,minecraft:smooth_stone
1,7,27,minecraft:smooth_stone
2,7,27,minecraft:smooth_stone
3,7,27,minecraft:smooth_stone
4,7,27,minecraft:smooth_stone
5,7,27,minecraft:smooth_stone
6,7,27,minecraft:smooth_stone
7,7,27,minecraft:smooth_stone
8,7,27,minecraft:smooth_stone
9,7,27,minecraft:smooth_stone
10,7,27,minecraft:smooth_stone
11,7,27,minecraft:smooth_stone
12,7,27,minecraft:smooth_stone
13,7,27,minecraft:smooth_stone
14,7,27,minecraft:smooth_stone
15,7,27,minecraft:cut_copper
16,7,27,minecraft:smooth_stone
17,7,27,minecraft:smooth_stone
18,7,27,minecraft:smooth_stone
19,7,27,minecraft:smooth_stone
20,7,27,minecraft:smooth_stone
21,7,27,minecraft:smooth_stone
22,7,27,minecraft:smooth_stone
23,7,27,minecraft:smooth_stone
24,7,27,minecraft:smooth_stone
25,7,27,minecraft:smooth_stone
26,7,27,minecraft:smooth_stone
27,7,27,minecraft:smooth_stone
28,7,27,minecraft:smooth_stone
29,7,27,minecraft:smooth_stone
1,7,28,minecraft:smooth_stone
2,7,28,minecraft:smooth_stone
3,7,28,minecraft:smooth_stone
4,7,28,minecraft:smooth_stone
5,7,28,minecraft:smooth_stone
6,7,28,minecraft:smooth_stone
7,7,28,minecraft:smooth_stone
8,7,28,minecraft:smooth_stone
9,7,28,minecraft:smooth_stone
10,7,28,minecraft:smooth_stone
11,7,28,minecraft:smooth_stone
12,7,28,minecraft:smooth_stone
13,7,28,minecraft:smooth_stone
14,7,28,minecraft:smooth_stone
15,7,28,minecraft:cut_copper
16,7,28,minecraft:smooth_stone
17,7,28,minecraft:smooth_stone
18,7,28,minecraft:smooth_stone
19,7,28,minecraft:smooth_stone
20,7,28,minecraft:smooth_stone
21,7,28,minecraft:smooth_stone
22,7,28,minecraft:smooth_stone
23,7,28,minecraft:smooth_stone
24,7,28,minecraft:smooth_stone
25,7,28,minecraft:smooth_stone
26,7,28,minecraft:smooth_stone
27,7,28,minecraft:smooth_stone
28,7,28,minecraft:smooth_stone
29,7,28,minecraft:smooth_stone
1,7,29,minecraft:smooth_stone
2,7,29,minecraft:smooth_stone
3,7,29,minecraft:smooth_stone
4,7,29,minecraft:smooth_stone
5,7,29,minecraft:smooth_stone
6,7,29,minecraft:smooth_stone
7,7,29,minecraft:smooth_stone
8,7,29,minecraft:smooth_stone
9,7,29,minecraft:smooth_stone
10,7,29,minecraft:smooth_stone
11,7,29,minecraft:smooth_stone
12,7,29,minecraft:smooth_stone
13,7,29,minecraft:smooth_stone
14,7,29,minecraft:smooth_stone
15,7,29,minecraft:cut_copper
16,7,29,minecraft:smooth_stone
17,7,29,minecraft:smooth_stone
18,7,29,minecraft:smooth_stone
19,7,29,minecraft:smooth_stone
20,7,29,minecraft:smooth_stone
21,7,29,minecraft:smooth_stone
22,7,29,minecraft:smooth_stone
23,7,29,minecraft:smooth_stone
24,7,29,minecraft:smooth_stone
25,7,29,minecraft:smooth_stone
26,7,29,minecraft:smooth_stone
27,7,29,minecraft:smooth_stone
28,7,29,minecraft:smooth_stone
29,7,29,minecraft:smooth_stone
5,8,5,minecraft:deepslate_tiles
6,8,5,minecraft:deepslate_tiles
7,8,5,minecraft:deepslate_tiles
8,8,5,minecraft:deepslate_tiles
9,8,5,minecraft:deepslate_tiles
10,8,5,minecraft:deepslate_tiles
11,8,5,minecraft:deepslate_tiles
12,8,5,minecraft:deepslate_tiles
13,8,5,minecraft:deepslate_tiles
14,8,5,minecraft:deepslate_tiles
15,8,5,minecraft:cut_copper
16,8,5,minecraft:deepslate_tiles
17,8,5,minecraft:deepslate_tiles
18,8,5,minecraft:deepslate_tiles
19,8,5,minecraft:deepslate_tiles
20,8,5,minecraft:deepslate_tiles
21,8,5,minecraft:deepslate_tiles
22,8,5,minecraft:deepslate_tiles
23,8,5,minecraft:deepslate_tiles
24,8,5,minecraft:deepslate_tiles
25,8,5,minecraft:deepslate_tiles
5,8,6,minecraft:deepslate_tiles
25,8,6,minecraft:deepslate_tiles
5,8,7,minecraft:deepslate_tiles
25,8,7,minecraft:deepslate_tiles
5,8,8,minecraft:deepslate_tiles
25,8,8,minecraft:deepslate_tiles
5,8,9,minecraft:deepslate_tiles
25,8,9,minecraft:deepslate_tiles
5,8,10,minecraft:deepslate_tiles
25,8,10,minecraft:deepslate_tiles
5,8,11,minecraft:deepslate_tiles
25,8,11,minecraft:deepslate_tiles
5,8,12,minecraft:deepslate_tiles
25,8,12,minecraft:deepslate_tiles
5,8,13,minecraft:deepslate_tiles
25,8,13,minecraft:deepslate_tiles
5,8,14,minecraft:deepslate_tiles
25,8,14,minecraft:deepslate_tiles
5,8,15,minecraft:cut_copper
25,8,15,minecraft:cut_copper
5,8,16,minecraft:deepslate_tiles
25,8,16,minecraft:deepslate_tiles
5,8,17,minecraft:deepslate_tiles
25,8,17,minecraft:deepslate_tiles
5,8,18,minecraft:deepslate_tiles
25,8,18,minecraft:deepslate_tiles
5,8,19,minecraft:deepslate_tiles
25,8,19,minecraft:deepslate_tiles
5,8,20,minecraft:deepslate_tiles
25,8,20,minecraft:deepslate_tiles
5,8,21,minecraft:deepslate_tiles
25,8,21,minecraft:deepslate_tiles
5,8,22,minecraft:deepslate_tiles
25,8,22,minecraft:deepslate_tiles
5,8,23,minecraft:deepslate_tiles
25,8,23,minecraft:deepslate_tiles
5,8,24,minecraft:deepslate_tiles
25,8,24,minecraft:deepslate_tiles
5,8,25,minecraft:deepslate_tiles
6,8,25,minecraft:deepslate_tiles
7,8,25,minecraft:deepslate_tiles
8,8,25,minecraft:deepslate_tiles
9,8,25,minecraft:deepslate_tiles
10,8,25,minecraft:deepslate_tiles
11,8,25,minecraft:deepslate_tiles
12,8,25,minecraft:deepslate_tiles
13,8,25,"minecraft:stone_brick_stairs[facing=north,half=bottom,shape=straight,waterlogged=false]"
14,8,25,"minecraft:stone_brick_stairs[facing=north,half=bottom,shape=straight,waterlogged=false]"
15,8,25,"minecraft:cut_copper_stairs[facing=north,half=bottom,shape=straight,waterlogged=false]"
16,8,25,"minecraft:stone_brick_stairs[facing=north,half=bottom,shape=straight,waterlogged=false]"
17,8,25,"minecraft:stone_brick_stairs[facing=north,half=bottom,shape=straight,waterlogged=false]"
18,8,25,minecraft:deepslate_tiles
19,8,25,minecraft:deepslate_tiles
20,8,25,minecraft:deepslate_tiles
21,8,25,minecraft:deepslate_tiles
22,8,25,minecraft:deepslate_tiles
23,8,25,minecraft:deepslate_tiles
24,8,25,minecraft:deepslate_tiles
25,8,25,minecraft:deepslate_tiles
5,9,5,minecraft:stone_bricks
6,9,5,minecraft:stone_bricks
7,9,5,minecraft:stone_bricks
8,9,5,minecraft:stone_bricks
9,9,5,minecraft:stone_bricks
10,9,5,minecraft:stone_bricks
11,9,5,minecraft:stone_bricks
12,9,5,minecraft:stone_bricks
13,9,5,minecraft:stone_bricks
14,9,5,minecraft:stone_bricks
15,9,5,minecraft:cut_copper
16,9,5,minecraft:stone_bricks
17,9,5,minecraft:stone_bricks
18,9,5,minecraft:stone_bricks
19,9,5,minecraft:stone_bricks
20,9,5,minecraft:stone_bricks
21,9,5,minecraft:stone_bricks
22,9,5,minecraft:stone_bricks
23,9,5,minecraft:stone_bricks
24,9,5,minecraft:stone_bricks
25,9,5,minecraft:stone_bricks
5,9,6,minecraft:stone_bricks
25,9,6,minecraft:stone_bricks
5,9,7,minecraft:stone_bricks
25,9,7,minecraft:stone_bricks
5,9,8,minecraft:stone_bricks
25,9,8,minecraft:stone_bricks
5,9,9,minecraft:stone_bricks
25,9,9,minecraft:stone_bricks
5,9,10,minecraft:stone_bricks
25,9,10,minecraft:stone_bricks
5,9,11,minecraft:stone_bricks
25,9,11,minecraft:stone_bricks
5,9,12,minecraft:stone_bricks
25,9,12,minecraft:stone_bricks
5,9,13,minecraft:stone_bricks
25,9,13,minecraft:stone_bricks
5,9,14,minecraft:stone_bricks
25,9,14,minecraft:stone_bricks
5,9,15,minecraft:cut_copper
25,9,15,minecraft:cut_copper
5,9,16,minecraft:stone_bricks
25,9,16,minecraft:stone_bricks
5,9,17,minecraft:stone_bricks
25,9,17,minecraft:stone_bricks
5,9,18,minecraft:stone_bricks
25,9,18,minecraft:stone_bricks
5,9,19,minecraft:stone_bricks
25,9,19,minecraft:stone_bricks
5,9,20,minecraft:stone_bricks
25,9,20,minecraft:stone_bricks
5,9,21,minecraft:stone_bricks
25,9,21,minecraft:stone_bricks
5,9,22,minecraft:stone_bricks
25,9,22,minecraft:stone_bricks
5,9,23,minecraft:stone_bricks
25,9,23,minecraft:stone_bricks
5,9,24,minecraft:stone_bricks
13,9,24,"minecraft:stone_brick_stairs[facing=north,half=bottom,shape=straight,waterlogged=false]"
14,9,24,"minecraft:stone_brick_stairs[facing=north,half=bottom,shape=straight,waterlogged=false]"
15,9,24,"minecraft:cut_copper_stairs[facing=north,half=bottom,shape=straight,waterlogged=false]"
16,9,24,"minecraft:stone_brick_stairs[facing=north,half=bottom,shape=straight,waterlogged=false]"
17,9,24,"minecraft:stone_brick_stairs[facing=north,half=bottom,shape=straight,waterlogged=false]"
25,9,24,minecraft:stone_bricks
5,9,25,minecraft:stone_bricks
6,9,25,minecraft:stone_bricks
7,9,25,minecraft:stone_bricks
8,9,25,minecraft:stone_bricks
9,9,25,minecraft:stone_bricks
10,9,25,minecraft:stone_bricks
11,9,25,minecraft:stone_bricks
12,9,25,minecraft:stone_bricks
18,9,25,minecraft:stone_bricks
19,9,25,minecraft:stone_bricks
20,9,25,minecraft:stone_bricks
21,9,25,minecraft:stone_bricks
22,9,25,minecraft:stone_bricks
23,9,25,minecraft:stone_bricks
24,9,25,minecraft:stone_bricks
25,9,25,minecraft:stone_bricks
5,10,5,minecraft:stone_bricks
6,10,5,minecraft:stone_bricks
7,10,5,minecraft:stone_bricks
8,10,5,minecraft:stone_bricks
9,10,5,minecraft:stone_bricks
10,10,5,minecraft:stone_bricks
11,10,5,minecraft:stone_bricks
12,10,5,minecraft:stone_bricks
13,10,5,minecraft:stone_bricks
14,10,5,minecraft:stone_bricks
15,10,5,minecraft:cut_copper
16,10,5,minecraft:stone_bricks
17,10,5,minecraft:stone_bricks
18,10,5,minecraft:stone_bricks
19,10,5,minecraft:stone_bricks
20,10,5,minecraft:stone_bricks
21,10,5,minecraft:stone_bricks
22,10,5,minecraft:stone_bricks
23,10,5,minecraft:stone_bricks
24,10,5,minecraft:stone_bricks
25,10,5,minecraft:stone_bricks
5,10,6,minecraft:stone_bricks
25,10,6,minecraft:stone_bricks
5,10,7,minecraft:stone_bricks
25,10,7,minecraft:stone_bricks
5,10,8,minecraft:stone_bricks
25,10,8,minecraft:stone_bricks
5,10,9,minecraft:stone_bricks
25,10,9,minecraft:stone_bricks
5,10,10,minecraft:stone_bricks
25,10,10,minecraft:stone_bricks
5,10,11,minecraft:stone_bricks
25,10,11,minecraft:stone_bricks
5,10,12,minecraft:stone_bricks
25,10,12,minecraft:stone_bricks
5,10,13,minecraft:stone_bricks
25,10,13,minecraft:stone_bricks
5,10,14,minecraft:stone_bricks
25,10,14,minecraft:stone_bricks
5,10,15,minecraft:cut_copper
25,10,15,minecraft:cut_copper
5,10,16,minecraft:stone_bricks
25,10,16,minecraft:stone_bricks
5,10,17,minecraft:stone_bricks
25,10,17,minecraft:stone_bricks
5,10,18,minecraft:stone_bricks
25,10,18,minecraft:stone_bricks
5,10,19,minecraft:stone_bricks
25,10,19,minecraft:stone_bricks
5,10,20,minecraft:stone_bricks
25,10,20,minecraft:stone_bricks
5,10,21,minecraft:stone_bricks
25,10,21,minecraft:stone_bricks
5,10,22,minecraft:stone_bricks
25,10,22,minecraft:stone_bricks
5,10,23,minecraft:stone_bricks
13,10,23,"minecraft:stone_brick_stairs[facing=north,half=bottom,shape=straight,waterlogged=false]"
14,10,23,"minecraft:stone_brick_stairs[facing=north,half=bottom,shape=straight,waterlogged=false]"
15,10,23,"minecraft:cut_copper_stairs[facing=north,half=bottom,shape=straight,waterlogged=false]"
16,10,23,"minecraft:stone_brick_stairs[facing=north,half=bottom,shape=straight,waterlogged=false]"
17,10,23,"minecraft:stone_brick_stairs[facing=north,half=bottom,shape=straight,waterlogged=false]"
25,10,23,minecraft:stone_bricks
5,10,24,minecraft:stone_bricks
25,10,24,minecraft:stone_bricks
5,10,25,minecraft:stone_bricks
6,10,25,minecraft:stone_bricks
7,10,25,minecraft:stone_bricks
8,10,25,minecraft:stone_bricks
9,10,25,minecraft:stone_bricks
10,10,25,minecraft:stone_bricks
11,10,25,minecraft:stone_bricks
12,10,25,minecraft:stone_bricks
18,10,25,minecraft:stone_bricks
19,10,25,minecraft:stone_bricks
20,10,25,minecraft:stone_bricks
21,10,25,minecraft:stone_bricks
22,10,25,minecraft:stone_bricks
23,10,25,minecraft:stone_bricks
24,10,25,minecraft:stone_bricks
25,10,25,minecraft:stone_bricks
5,11,5,minecraft:stone_bricks
6,11,5,minecraft:stone_bricks
7,11,5,minecraft:stone_bricks
8,11,5,minecraft:stone_bricks
9,11,5,minecraft:stone_bricks
10,11,5,minecraft:stone_bricks
11,11,5,minecraft:stone_bricks
12,11,5,minecraft:stone_bricks
13,11,5,minecraft:stone_bricks
14,11,5,minecraft:stone_bricks
15,11,5,minecraft:cut_copper
16,11,5,minecraft:stone_bricks
17,11,5,minecraft:stone_bricks
18,11,5,minecraft:stone_bricks
19,11,5,minecraft:stone_bricks
20,11,5,minecraft:stone_bricks
21,11,5,minecraft:stone_bricks
22,11,5,minecraft:stone_bricks
23,11,5,minecraft:stone_bricks
24,11,5,minecraft:stone_bricks
25,11,5,minecraft:stone_bricks
5,11,6,minecraft:stone_bricks
25,11,6,minecraft:stone_bricks
5,11,7,minecraft:stone_bricks
25,11,7,minecraft:stone_bricks
5,11,8,minecraft:stone_bricks
25,11,8,minecraft:stone_bricks
5,11,9,minecraft:stone_bricks
25,11,9,minecraft:stone_bricks
5,11,10,minecraft:stone_bricks
25,11,10,minecraft:stone_bricks
5,11,11,minecraft:stone_bricks
25,11,11,minecraft:stone_bricks
5,11,12,minecraft:stone_bricks
25,11,12,minecraft:stone_bricks
5,11,13,minecraft:stone_bricks
25,11,13,minecraft:stone_bricks
5,11,14,minecraft:stone_bricks
25,11,14,minecraft:stone_bricks
5,11,15,minecraft:cut_copper
25,11,15,minecraft:cut_copper
5,11,16,minecraft:stone_bricks
25,11,16,minecraft:stone_bricks
5,11,17,minecraft:stone_bricks
25,11,17,minecraft:stone_bricks
5,11,18,minecraft:stone_bricks
25,11,18,minecraft:stone_bricks
5,11,19,minecraft:stone_bricks
25,11,19,minecraft:stone_bricks
5,11,20,minecraft:stone_bricks
25,11,20,minecraft:stone_bricks
5,11,21,minecraft:stone_bricks
25,11,21,minecraft:stone_bricks
5,11,22,minecraft:stone_bricks
13,11,22,"minecraft:stone_brick_stairs[facing=north,half=bottom,shape=straight,waterlogged=false]"
14,11,22,"minecraft:stone_brick_stairs[facing=north,half=bottom,shape=straight,waterlogged=false]"
15,11,22,"minecraft:cut_copper_stairs[facing=north,half=bottom,shape=straight,waterlogged=false]"
16,11,22,"minecraft:stone_brick_stairs[facing=north,half=bottom,shape=straight,waterlogged=false]"
17,11,22,"minecraft:stone_brick_stairs[facing=north,half=bottom,shape=straight,waterlogged=false]"
25,11,22,minecraft:stone_bricks
5,11,23,minecraft:stone_bricks
25,11,23,minecraft:stone_bricks
5,11,24,minecraft:stone_bricks
25,11,24,minecraft:stone_bricks
5,11,25,minecraft:stone_bricks
6,11,25,minecraft:stone_bricks
7,11,25,minecraft:stone_bricks
8,11,25,minecraft:stone_bricks
9,11,25,minecraft:stone_bricks
10,11,25,minecraft:stone_bricks
11,11,25,minecraft:stone_bricks
12,11,25,minecraft:stone_bricks
13,11,25,minecraft:stone_bricks
14,11,25,minecraft:stone_bricks
15,11,25,minecraft:cut_copper
16,11,25,minecraft:stone_bricks
17,11,25,minecraft:stone_bricks
18,11,25,minecraft:stone_bricks
19,11,25,minecraft:stone_bricks
20,11,25,minecraft:stone_bricks
21,11,25,minecraft:stone_bricks
22,11,25,minecraft:stone_bricks
23,11,25,minecraft:stone_bricks
24,11,25,minecraft:stone_bricks
25,11,25,minecraft:stone_bricks
5,12,5,minecraft:stone_bricks
6,12,5,minecraft:stone_bricks
7,12,5,minecraft:stone_bricks
8,12,5,minecraft:stone_bricks
9,12,5,minecraft:stone_bricks
10,12,5,minecraft:stone_bricks
11,12,5,minecraft:stone_bricks
12,12,5,minecraft:stone_bricks
13,12,5,minecraft:stone_bricks
14,12,5,minecraft:stone_bricks
15,12,5,minecraft:cut_copper
16,12,5,minecraft:stone_bricks
17,12,5,minecraft:stone_bricks
18,12,5,minecraft:stone_bricks
19,12,5,minecraft:stone_bricks
20,12,5,minecraft:stone_bricks
21,12,5,minecraft:stone_bricks
22,12,5,minecraft:stone_bricks
23,12,5,minecraft:stone_bricks
24,12,5,minecraft:stone_bricks
25,12,5,minecraft:stone_bricks
5,12,6,minecraft:stone_bricks
25,12,6,minecraft:stone_bricks
5,12,7,minecraft:stone_bricks
25,12,7,minecraft:stone_bricks
5,12,8,minecraft:stone_bricks
25,12,8,minecraft:stone_bricks
5,12,9,minecraft:stone_bricks
25,12,9,minecraft:stone_bricks
5,12,10,minecraft:stone_bricks
25,12,10,minecraft:stone_bricks
5,12,11,minecraft:stone_bricks
25,12,11,minecraft:stone_bricks
5,12,12,minecraft:stone_bricks
25,12,12,minecraft:stone_bricks
5,12,13,minecraft:stone_bricks
25,12,13,minecraft:stone_bricks
5,12,14,minecraft:stone_bricks
25,12,14,minecraft:stone_bricks
5,12,15,minecraft:cut_copper
25,12,15,minecraft:cut_copper
5,12,16,minecraft:stone_bricks
25,12,16,minecraft:stone_bricks
5,12,17,minecraft:stone_bricks
25,12,17,minecraft:stone_bricks
5,12,18,minecraft:stone_bricks
25,12,18,minecraft:stone_bricks
5,12,19,minecraft:stone_bricks
25,12,19,minecraft:stone_bricks
5,12,20,minecraft:stone_bricks
25,12,20,minecraft:stone_bricks
5,12,21,minecraft:stone_bricks
13,12,21,"minecraft:stone_brick_stairs[facing=north,half=bottom,shape=straight,waterlogged=false]"
14,12,21,"minecraft:stone_brick_stairs[facing=north,half=bottom,shape=straight,waterlogged=false]"
15,12,21,"minecraft:cut_copper_stairs[facing=north,half=bottom,shape=straight,waterlogged=false]"
16,12,21,"minecraft:stone_brick_stairs[facing=north,half=bottom,shape=straight,waterlogged=false]"
17,12,21,"minecraft:stone_brick_stairs[facing=north,half=bottom,shape=straight,waterlogged=false]"
25,12,21,minecraft:stone_bricks
5,12,22,minecraft:stone_bricks
25,12,22,minecraft:stone_bricks
5,12,23,minecraft:stone_bricks
25,12,23,minecraft:stone_bricks
5,12,24,minecraft:stone_bricks
25,12,24,minecraft:stone_bricks
5,12,25,minecraft:stone_bricks
6,12,25,minecraft:stone_bricks
7,12,25,minecraft:stone_bricks
8,12,25,minecraft:stone_bricks
9,12,25,minecraft:stone_bricks
10,12,25,minecraft:stone_bricks
11,12,25,minecraft:stone_bricks
12,12,25,minecraft:stone_bricks
13,12,25,minecraft:stone_bricks
14,12,25,minecraft:stone_bricks
15,12,25,minecraft:cut_copper
16,12,25,minecraft:stone_bricks
17,12,25,minecraft:stone_bricks
18,12,25,minecraft:stone_bricks
19,12,25,minecraft:stone_bricks
20,12,25,minecraft:stone_bricks
21,12,25,minecraft:stone_bricks
22,12,25,minecraft:stone_bricks
23,12,25,minecraft:stone_bricks
24,12,25,minecraft:stone_bricks
25,12,25,minecraft:stone_bricks
5,13,5,minecraft:stone_bricks
6,13,5,minecraft:stone_bricks
7,13,5,minecraft:stone_bricks
8,13,5,minecraft:stone_bricks
9,13,5,minecraft:stone_bricks
10,13,5,minecraft:stone_bricks
11,13,5,minecraft:stone_bricks
12,13,5,minecraft:stone_bricks
13,13,5,minecraft:stone_bricks
14,13,5,minecraft:stone_bricks
15,13,5,minecraft:cut_copper
16,13,5,minecraft:stone_bricks
17,13,5,minecraft:stone_bricks
18,13,5,minecraft:stone_bricks
19,13,5,minecraft:stone_bricks
20,13,5,minecraft:stone_bricks
21,13,5,minecraft:stone_bricks
22,13,5,minecraft:stone_bricks
23,13,5,minecraft:stone_bricks
24,13,5,minecraft:stone_bricks
25,13,5,minecraft:stone_bricks
5,13,6,minecraft:stone_bricks
25,13,6,minecraft:stone_bricks
5,13,7,minecraft:stone_bricks
25,13,7,minecraft:stone_bricks
5,13,8,minecraft:stone_bricks
25,13,8,minecraft:stone_bricks
5,13,9,minecraft:stone_bricks
25,13,9,minecraft:stone_bricks
5,13,10,minecraft:stone_bricks
25,13,10,minecraft:stone_bricks
5,13,11,minecraft:stone_bricks
25,13,11,minecraft:stone_bricks
5,13,12,minecraft:stone_bricks
25,13,12,minecraft:stone_bricks
5,13,13,minecraft:stone_bricks
25,13,13,minecraft:stone_bricks
5,13,14,minecraft:stone_bricks
25,13,14,minecraft:stone_bricks
5,13,15,minecraft:cut_copper
25,13,15,minecraft:cut_copper
5,13,16,minecraft:stone_bricks
25,13,16,minecraft:stone_bricks
5,13,17,minecraft:stone_bricks
25,13,17,minecraft:stone_bricks
5,13,18,minecraft:stone_bricks
25,13,18,minecraft:stone_bricks
5,13,19,minecraft:stone_bricks
25,13,19,minecraft:stone_bricks
5,13,20,minecraft:stone_bricks
13,13,20,"minecraft:stone_brick_stairs[facing=north,half=bottom,shape=straight,waterlogged=false]"
14,13,20,"minecraft:stone_brick_stairs[facing=north,half=bottom,shape=straight,waterlogged=false]"
15,13,20,"minecraft:cut_copper_stairs[facing=north,half=bottom,shape=straight,waterlogged=false]"
16,13,20,"minecraft:stone_brick_stairs[facing=north,half=bottom,shape=straight,waterlogged=false]"
17,13,20,"minecraft:stone_brick_stairs[facing=north,half=bottom,shape=straight,waterlogged=false]"
25,13,20,minecraft:stone_bricks
5,13,21,minecraft:stone_bricks
25,13,21,minecraft:stone_bricks
5,13,22,minecraft:stone_bricks
25,13,22,minecraft:stone_bricks
5,13,23,minecraft:stone_bricks
25,13,23,minecraft:stone_bricks
5,13,24,minecraft:stone_bricks
25,13,24,minecraft:stone_bricks
5,13,25,minecraft:stone_bricks
6,13,25,minecraft:stone_bricks
7,13,25,minecraft:stone_bricks
8,13,25,minecraft:stone_bricks
9,13,25,minecraft:stone_bricks
10,13,25,minecraft:stone_bricks
11,13,25,minecraft:stone_bricks
12,13,25,minecraft:stone_bricks
13,13,25,minecraft:stone_bricks
14,13,25,minecraft:stone_bricks
15,13,25,minecraft:cut_copper
16,13,25,minecraft:stone_bricks
17,13,25,minecraft:stone_bricks
18,13,25,minecraft:stone_bricks
19,13,25,minecraft:stone_bricks
20,13,25,minecraft:stone_bricks
21,13,25,minecraft:stone_bricks
22,13,25,minecraft:stone_bricks
23,13,25,minecraft:stone_bricks
24,13,25,minecraft:stone_bricks
25,13,25,minecraft:stone_bricks
5,14,5,minecraft:smooth_stone
6,14,5,minecraft:smooth_stone
7,14,5,minecraft:smooth_stone
8,14,5,minecraft:smooth_stone
9,14,5,minecraft:smooth_stone
10,14,5,minecraft:smooth_stone
11,14,5,minecraft:smooth_stone
12,14,5,minecraft:smooth_stone
13,14,5,minecraft:smooth_stone
14,14,5,minecraft:smooth_stone
15,14,5,minecraft:cut_copper
16,14,5,minecraft:smooth_stone
17,14,5,minecraft:smooth_stone
18,14,5,minecraft:smooth_stone
19,14,5,minecraft:smooth_stone
20,14,5,minecraft:smooth_stone
21,14,5,minecraft:smooth_stone
22,14,5,minecraft:smooth_stone
23,14,5,minecraft:smooth_stone
24,14,5,minecraft:smooth_stone
25,14,5,minecraft:smooth_stone
5,14,6,minecraft:smooth_stone
6,14,6,minecraft:smooth_stone
7,14,6,minecraft:smooth_stone
8,14,6,minecraft:smooth_stone
9,14,6,minecraft:smooth_stone
10,14,6,minecraft:smooth_stone
11,14,6,minecraft:smooth_stone
12,14,6,minecraft:smooth_stone
13,14,6,minecraft:smooth_stone
14,14,6,minecraft:smooth_stone
15,14,6,minecraft:cut_copper
16,14,6,minecraft:smooth_stone
17,14,6,minecraft:smooth_stone
18,14,6,minecraft:smooth_stone
19,14,6,minecraft:smooth_stone
20,14,6,minecraft:smooth_stone
21,14,6,minecraft:smooth_stone
22,14,6,minecraft:smooth_stone
23,14,6,minecraft:smooth_stone
24,14,6,minecraft:smooth_stone
25,14,6,minecraft:smooth_stone
5,14,7,minecraft:smooth_stone
6,14,7,minecraft:smooth_stone
7,14,7,minecraft:smooth_stone
8,14,7,minecraft:smooth_stone
9,14,7,minecraft:smooth_stone
10,14,7,minecraft:smooth_stone
11,14,7,minecraft:smooth_stone
12,14,7,minecraft:smooth_stone
13,14,7,minecraft:smooth_stone
14,14,7,minecraft:smooth_stone
15,14,7,minecraft:cut_copper
16,14,7,minecraft:smooth_stone
17,14,7,minecraft:smooth_stone
18,14,7,minecraft:smooth_stone
19,14,7,minecraft:smooth_stone
20,14,7,minecraft:smooth_stone
21,14,7,minecraft:smooth_stone
22,14,7,minecraft:smooth_stone
23,14,7,minecraft:smooth_stone
24,14,7,minecraft:smooth_stone
25,14,7,minecraft:smooth_stone
5,14,8,minecraft:smooth_stone
6,14,8,minecraft:smooth_stone
7,14,8,minecraft:smooth_stone
8,14,8,minecraft:smooth_stone
9,14,8,minecraft:smooth_stone
10,14,8,minecraft:smooth_stone
11,14,8,minecraft:smooth_stone
12,14,8,minecraft:smooth_stone
13,14,8,minecraft:smooth_stone
14,14,8,minecraft:smooth_stone
15,14,8,minecraft:cut_copper
16,14,8,minecraft:smooth_stone
17,14,8,minecraft:smooth_stone
18,14,8,minecraft:smooth_stone
19,14,8,minecraft:smooth_stone
20,14,8,minecraft:smooth_stone
21,14,8,minecraft:smooth_stone
22,14,8,minecraft:smooth_stone
23,14,8,minecraft:smooth_stone
24,14,8,minecraft:smooth_stone
25,14,8,minecraft:smooth_stone
5,14,9,minecraft:smooth_stone
6,14,9,minecraft:smooth_stone
7,14,9,minecraft:smooth_stone
8,14,9,minecraft:smooth_stone
9,14,9,minecraft:smooth_stone
10,14,9,minecraft:smooth_stone
11,14,9,minecraft:smooth_stone
12,14,9,minecraft:smooth_stone
13,14,9,minecraft:smooth_stone
14,14,9,minecraft:smooth_stone
15,14,9,minecraft:cut_copper
16,14,9,minecraft:smooth_stone
17,14,9,minecraft:smooth_stone
18,14,9,minecraft:smooth_stone
19,14,9,minecraft:smooth_stone
20,14,9,minecraft:smooth_stone
21,14,9,minecraft:smooth_stone
22,14,9,minecraft:smooth_stone
23,14,9,minecraft:smooth_stone
24,14,9,minecraft:smooth_stone
25,14,9,minecraft:smooth_stone
5,14,10,minecraft:smooth_stone
6,14,10,minecraft:smooth_stone
7,14,10,minecraft:smooth_stone
8,14,10,minecraft:smooth_stone
9,14,10,minecraft:smooth_stone
10,14,10,minecraft:smooth_stone
11,14,10,minecraft:smooth_stone
12,14,10,minecraft:smooth_stone
13,14,10,minecraft:smooth_stone
14,14,10,minecraft:smooth_stone
15,14,10,minecraft:smooth_stone
16,14,10,minecraft:smooth_stone
17,14,10,minecraft:smooth_stone
18,14,10,minecraft:smooth_stone
19,14,10,minecraft:smooth_stone
20,14,10,minecraft:smooth_stone
21,14,10,minecraft:smooth_stone
22,14,10,minecraft:smooth_stone
23,14,10,minecraft:smooth_stone
24,14,10,minecraft:smooth_stone
25,14,10,minecraft:smooth_stone
5,14,11,minecraft:smooth_stone
6,14,11,minecraft:smooth_stone
7,14,11,minecraft:smooth_stone
8,14,11,minecraft:smooth_stone
9,14,11,minecraft:smooth_stone
10,14,11,minecraft:smooth_stone
11,14,11,minecraft:smooth_stone
12,14,11,minecraft:smooth_stone
13,14,11,minecraft:smooth_stone
14,14,11,minecraft:smooth_stone
15,14,11,minecraft:smooth_stone
16,14,11,minecraft:smooth_stone
17,14,11,minecraft:smooth_stone
18,14,11,minecraft:smooth_stone
19,14,11,minecraft:smooth_stone
20,14,11,minecraft:smooth_stone
21,14,11,minecraft:smooth_stone
22,14,11,minecraft:smooth_stone
23,14,11,minecraft:smooth_stone
24,14,11,minecraft:smooth_stone
25,14,11,minecraft:smooth_stone
5,14,12,minecraft:smooth_stone
6,14,12,minecraft:smooth_stone
7,14,12,minecraft:smooth_stone
8,14,12,minecraft:smooth_stone
9,14,12,minecraft:smooth_stone
10,14,12,minecraft:smooth_stone
11,14,12,minecraft:smooth_stone
12,14,12,minecraft:smooth_stone
13,14,12,minecraft:smooth_stone
14,14,12,minecraft:smooth_stone
15,14,12,minecraft:smooth_stone
16,14,12,minecraft:smooth_stone
17,14,12,minecraft:smooth_stone
18,14,12,minecraft:smooth_stone
19,14,12,minecraft:smooth_stone
20,14,12,minecraft:smooth_stone
21,14,12,minecraft:smooth_stone
22,14,12,minecraft:smooth_stone
23,14,12,minecraft:smooth_stone
24,14,12,minecraft:smooth_stone
25,14,12,minecraft:smooth_stone
5,14,13,minecraft:smooth_stone
6,14,13,minecraft:smooth_stone
7,14,13,minecraft:smooth_stone
8,14,13,minecraft:smooth_stone
9,14,13,minecraft:smooth_stone
10,14,13,minecraft:smooth_stone
11,14,13,minecraft:smooth_stone
12,14,13,minecraft:smooth_stone
13,14,13,minecraft:smooth_stone
14,14,13,minecraft:smooth_stone
15,14,13,minecraft:smooth_stone
16,14,13,minecraft:smooth_stone
17,14,13,minecraft:smooth_stone
18,14,13,minecraft:smooth_stone
19,14,13,minecraft:smooth_stone
20,14,13,minecraft:smooth_stone
21,14,13,minecraft:smooth_stone
22,14,13,minecraft:smooth_stone
23,14,13,minecraft:smooth_stone
24,14,13,minecraft:smooth_stone
25,14,13,minecraft:smooth_stone
5,14,14,minecraft:smooth_stone
6,14,14,minecraft:smooth_stone
7,14,14,minecraft:smooth_stone
8,14,14,minecraft:smooth_stone
9,14,14,minecraft:smooth_stone
10,14,14,minecraft:smooth_stone
11,14,14,minecraft:smooth_stone
12,14,14,minecraft:smooth_stone
13,14,14,minecraft:smooth_stone
14,14,14,minecraft:smooth_stone
15,14,14,minecraft:smooth_stone
16,14,14,minecraft:smooth_stone
17,14,14,minecraft:smooth_stone
18,14,14,minecraft:smooth_stone
19,14,14,minecraft:smooth_stone
20,14,14,minecraft:smooth_stone
21,14,14,minecraft:smooth_stone
22,14,14,minecraft:smooth_stone
23,14,14,minecraft:smooth_stone
24,14,14,minecraft:smooth_stone
25,14,14,minecraft:smooth_stone
5,14,15,minecraft:cut_copper
6,14,15,minecraft:cut_copper
7,14,15,minecraft:cut_copper
8,14,15,minecraft:cut_copper
9,14,15,minecraft:cut_copper
10,14,15,minecraft:smooth_stone
11,14,15,minecraft:smooth_stone
12,14,15,minecraft:smooth_stone
13,14,15,minecraft:smooth_stone
14,14,15,minecraft:smooth_stone
15,14,15,minecraft:smooth_stone
16,14,15,minecraft:smooth_stone
17,14,15,minecraft:smooth_stone
18,14,15,minecraft:smooth_stone
19,14,15,minecraft:smooth_stone
20,14,15,minecraft:smooth_stone
21,14,15,minecraft:cut_copper
22,14,15,minecraft:cut_copper
23,14,15,minecraft:cut_copper
24,14,15,minecraft:cut_copper
25,14,15,minecraft:cut_copper
5,14,16,minecraft:smooth_stone
6,14,16,minecraft:smooth_stone
7,14,16,minecraft:smooth_stone
8,14,16,minecraft:smooth_stone
9,14,16,minecraft:smooth_stone
10,14,16,minecraft:smooth_stone
11,14,16,minecraft:smooth_stone
12,14,16,minecraft:smooth_stone
13,14,16,minecraft:smooth_stone
14,14,16,minecraft:smooth_stone
15,14,16,minecraft:smooth_stone
16,14,16,minecraft:smooth_stone
17,14,16,minecraft:smooth_stone
18,14,16,minecraft:smooth_stone
19,14,16,minecraft:smooth_stone
20,14,16,minecraft:smooth_stone
21,14,16,minecraft:smooth_stone
22,14,16,minecraft:smooth_stone
23,14,16,minecraft:smooth_stone
24,14,16,minecraft:smooth_stone
25,14,16,minecraft:smooth_stone
5,14,17,minecraft:smooth_stone
6,14,17,minecraft:smooth_stone
7,14,17,minecraft:smooth_stone
8,14,17,minecraft:smooth_stone
9,14,17,minecraft:smooth_stone
10,14,17,minecraft:smooth_stone
11,14,17,minecraft:smooth_stone
12,14,17,minecraft:smooth_stone
13,14,17,minecraft:smooth_stone
14,14,17,minecraft:smooth_stone
15,14,17,minecraft:smooth_stone
16,14,17,minecraft:smooth_stone
17,14,17,minecraft:smooth_stone
18,14,17,minecraft:smooth_stone
19,14,17,minecraft:smooth_stone
20,14,17,minecraft:smooth_stone
21,14,17,minecraft:smooth_stone
22,14,17,minecraft:smooth_stone
23,14,17,minecraft:smooth_stone
24,14,17,minecraft:smooth_stone
25,14,17,minecraft:smooth_stone
5,14,18,minecraft:smooth_stone
6,14,18,minecraft:smooth_stone
7,14,18,minecraft:smooth_stone
8,14,18,minecraft:smooth_stone
9,14,18,minecraft:smooth_stone
10,14,18,minecraft:smooth_stone
11,14,18,minecraft:smooth_stone
12,14,18,minecraft:smooth_stone
13,14,18,minecraft:smooth_stone
14,14,18,minecraft:smooth_stone
15,14,18,minecraft:smooth_stone
16,14,18,minecraft:smooth_stone
17,14,18,minecraft:smooth_stone
18,14,18,minecraft:smooth_stone
19,14,18,minecraft:smooth_stone
20,14,18,minecraft:smooth_stone
21,14,18,minecraft:smooth_stone
22,14,18,minecraft:smooth_stone
23,14,18,minecraft:smooth_stone
24,14,18,minecraft:smooth_stone
25,14,18,minecraft:smooth_stone
5,14,19,minecraft:smooth_stone
6,14,19,minecraft:smooth_stone
7,14,19,minecraft:smooth_stone
8,14,19,minecraft:smooth_stone
9,14,19,minecraft:smooth_stone
10,14,19,minecraft:smooth_stone
11,14,19,minecraft:smooth_stone
12,14,19,minecraft:smooth_stone
13,14,19,"minecraft:stone_brick_stairs[facing=north,half=bottom,shape=straight,waterlogged=false]"
14,14,19,"minecraft:stone_brick_stairs[facing=north,half=bottom,shape=straight,waterlogged=false]"
15,14,19,"minecraft:cut_copper_stairs[facing=north,half=bottom,shape=straight,waterlogged=false]"
16,14,19,"minecraft:stone_brick_stairs[facing=north,half=bottom,shape=straight,waterlogged=false]"
17,14,19,"minecraft:stone_brick_stairs[facing=north,half=bottom,shape=straight,waterlogged=false]"
18,14,19,minecraft:smooth_stone
19,14,19,minecraft:smooth_stone
20,14,19,minecraft:smooth_stone
21,14,19,minecraft:smooth_stone
22,14,19,minecraft:smooth_stone
23,14,19,minecraft:smooth_stone
24,14,19,minecraft:smooth_stone
25,14,19,minecraft:smooth_stone
5,14,20,minecraft:smooth_stone
6,14,20,minecraft:smooth_stone
7,14,20,minecraft:smooth_stone
8,14,20,minecraft:smooth_stone
9,14,20,minecraft:smooth_stone
10,14,20,minecraft:smooth_stone
11,14,20,minecraft:smooth_stone
12,14,20,minecraft:smooth_stone
18,14,20,minecraft:smooth_stone
19,14,20,minecraft:smooth_stone
20,14,20,minecraft:smooth_stone
21,14,20,minecraft:smooth_stone
22,14,20,minecraft:smooth_stone
23,14,20,minecraft:smooth_stone
24,14,20,minecraft:smooth_stone
25,14,20,minecraft:smooth_stone
5,14,21,minecraft:smooth_stone
6,14,21,minecraft:smooth_stone
7,14,21,minecraft:smooth_stone
8,14,21,minecraft:smooth_stone
9,14,21,minecraft:smooth_stone
10,14,21,minecraft:smooth_stone
11,14,21,minecraft:smooth_stone
12,14,21,minecraft:smooth_stone
18,14,21,minecraft:smooth_stone
19,14,21,minecraft:smooth_stone
20,14,21,minecraft:smooth_stone
21,14,21,minecraft:smooth_stone
22,14,21,minecraft:smooth_stone
23,14,21,minecraft:smooth_stone
24,14,21,minecraft:smooth_stone
25,14,21,minecraft:smooth_stone
5,14,22,minecraft:smooth_stone
6,14,22,minecraft:smooth_stone
7,14,22,minecraft:smooth_stone
8,14,22,minecraft:smooth_stone
9,14,22,minecraft:smooth_stone
10,14,22,minecraft:smooth_stone
11,14,22,minecraft:smooth_stone
12,14,22,minecraft:smooth_stone
13,14,22,minecraft:smooth_stone
14,14,22,minecraft:smooth_stone
15,14,22,minecraft:cut_copper
16,14,22,minecraft:smooth_stone
17,14,22,minecraft:smooth_stone
18,14,22,minecraft:smooth_stone
19,14,22,minecraft:smooth_stone
20,14,22,minecraft:smooth_stone
21,14,22,minecraft:smooth_stone
22,14,22,minecraft:smooth_stone
23,14,22,minecraft:smooth_stone
24,14,22,minecraft:smooth_stone
25,14,22,minecraft:smooth_stone
5,14,23,minecraft:smooth_stone
6,14,23,minecraft:smooth_stone
7,14,23,minecraft:smooth_stone
8,14,23,minecraft:smooth_stone
9,14,23,minecraft:smooth_stone
10,14,23,minecraft:smooth_stone
11,14,23,minecraft:smooth_stone
12,14,23,minecraft:smooth_stone
13,14,23,minecraft:smooth_stone
14,14,23,minecraft:smooth_stone
15,14,23,minecraft:cut_copper
16,14,23,minecraft:smooth_stone
17,14,23,minecraft:smooth_stone
18,14,23,minecraft:smooth_stone
19,14,23,minecraft:smooth_stone
20,14,23,minecraft:smooth_stone
21,14,23,minecraft:smooth_stone
22,14,23,minecraft:smooth_stone
23,14,23,minecraft:smooth_stone
24,14,23,minecraft:smooth_stone
25,14,23,minecraft:smooth_stone
5,14,24,minecraft:smooth_stone
6,14,24,minecraft:smooth_stone
7,14,24,minecraft:smooth_stone
8,14,24,minecraft:smooth_stone
9,14,24,minecraft:smooth_stone
10,14,24,minecraft:smooth_stone
11,14,24,minecraft:smooth_stone
12,14,24,minecraft:smooth_stone
13,14,24,minecraft:smooth_stone
14,14,24,minecraft:smooth_stone
15,14,24,minecraft:cut_copper
16,14,24,minecraft:smooth_stone
17,14,24,minecraft:smooth_stone
18,14,24,minecraft:smooth_stone
19,14,24,minecraft:smooth_stone
20,14,24,minecraft:smooth_stone
21,14,24,minecraft:smooth_stone
22,14,24,minecraft:smooth_stone
23,14,24,minecraft:smooth_stone
24,14,24,minecraft:smooth_stone
25,14,24,minecraft:smooth_stone
5,14,25,minecraft:smooth_stone
6,14,25,minecraft:smooth_stone
7,14,25,minecraft:smooth_stone
8,14,25,minecraft:smooth_stone
9,14,25,minecraft:smooth_stone
10,14,25,minecraft:smooth_stone
11,14,25,minecraft:smooth_stone
12,14,25,minecraft:smooth_stone
13,14,25,minecraft:smooth_stone
14,14,25,minecraft:smooth_stone
15,14,25,minecraft:cut_copper
16,14,25,minecraft:smooth_stone
17,14,25,minecraft:smooth_stone
18,14,25,minecraft:smooth_stone
19,14,25,minecraft:smooth_stone
20,14,25,minecraft:smooth_stone
21,14,25,minecraft:smooth_stone
22,14,25,minecraft:smooth_stone
23,14,25,minecraft:smooth_stone
24,14,25,minecraft:smooth_stone
25,14,25,minecraft:smooth_stone
9,15,9,minecraft:deepslate_tiles
10,15,9,minecraft:deepslate_tiles
11,15,9,minecraft:deepslate_tiles
12,15,9,minecraft:deepslate_tiles
13,15,9,minecraft:deepslate_tiles
14,15,9,minecraft:deepslate_tiles
15,15,9,minecraft:cut_copper
16,15,9,minecraft:deepslate_tiles
17,15,9,minecraft:deepslate_tiles
18,15,9,minecraft:deepslate_tiles
19,15,9,minecraft:deepslate_tiles
20,15,9,minecraft:deepslate_tiles
21,15,9,minecraft:deepslate_tiles
9,15,10,minecraft:deepslate_tiles
21,15,10,minecraft:deepslate_tiles
9,15,11,minecraft:deepslate_tiles
21,15,11,minecraft:deepslate_tiles
9,15,12,minecraft:deepslate_tiles
21,15,12,minecraft:deepslate_tiles
9,15,13,minecraft:deepslate_tiles
21,15,13,minecraft:deepslate_tiles
9,15,14,minecraft:deepslate_tiles
21,15,14,minecraft:deepslate_tiles
9,15,15,minecraft:cut_copper
21,15,15,minecraft:cut_copper
9,15,16,minecraft:deepslate_tiles
21,15,16,minecraft:deepslate_tiles
9,15,17,minecraft:deepslate_tiles
21,15,17,minecraft:deepslate_tiles
9,15,18,minecraft:deepslate_tiles
21,15,18,minecraft:deepslate_tiles
9,15,19,minecraft:deepslate_tiles
21,15,19,minecraft:deepslate_tiles
9,15,20,minecraft:deepslate_tiles
21,15,20,minecraft:deepslate_tiles
9,15,21,minecraft:deepslate_tiles
10,15,21,minecraft:deepslate_tiles
11,15,21,minecraft:deepslate_tiles
12,15,21,minecraft:deepslate_tiles
13,15,21,"minecraft:stone_brick_stairs[facing=north,half=bottom,shape=straight,waterlogged=false]"
14,15,21,"minecraft:stone_brick_stairs[facing=north,half=bottom,shape=straight,waterlogged=false]"
15,15,21,"minecraft:cut_copper_stairs[facing=north,half=bottom,shape=straight,waterlogged=false]"
16,15,21,"minecraft:stone_brick_stairs[facing=north,half=bottom,shape=straight,waterlogged=false]"
17,15,21,"minecraft:stone_brick_stairs[facing=north,half=bottom,shape=straight,waterlogged=false]"
18,15,21,minecraft:deepslate_tiles
19,15,21,minecraft:deepslate_tiles
20,15,21,minecraft:deepslate_tiles
21,15,21,minecraft:deepslate_tiles
9,16,9,minecraft:stone_bricks
10,16,9,minecraft:stone_bricks
11,16,9,minecraft:stone_bricks
12,16,9,minecraft:stone_bricks
13,16,9,minecraft:stone_bricks
14,16,9,minecraft:stone_bricks
15,16,9,minecraft:cut_copper
16,16,9,minecraft:stone_bricks
17,16,9,minecraft:stone_bricks
18,16,9,minecraft:stone_bricks
19,16,9,minecraft:stone_bricks
20,16,9,minecraft:stone_bricks
21,16,9,minecraft:stone_bricks
9,16,10,minecraft:stone_bricks
21,16,10,minecraft:stone_bricks
9,16,11,minecraft:stone_bricks
21,16,11,minecraft:stone_bricks
9,16,12,minecraft:stone_bricks
21,16,12,minecraft:stone_bricks
9,16,13,minecraft:stone_bricks
21,16,13,minecraft:stone_bricks
9,16,14,minecraft:stone_bricks
21,16,14,minecraft:stone_bricks
9,16,15,minecraft:cut_copper
21,16,15,minecraft:cut_copper
9,16,16,minecraft:stone_bricks
21,16,16,minecraft:stone_bricks
9,16,17,minecraft:stone_bricks
21,16,17,minecraft:stone_bricks
9,16,18,minecraft:stone_bricks
21,16,18,minecraft:stone_bricks
9,16,19,minecraft:stone_bricks
21,16,19,minecraft:stone_bricks
9,16,20,minecraft:stone_bricks
13,16,20,"minecraft:stone_brick_stairs[facing=north,half=bottom,shape=straight,waterlogged=false]"
14,16,20,"minecraft:stone_brick_stairs[facing=north,half=bottom,shape=straight,waterlogged=false]"
15,16,20,"minecraft:cut_copper_stairs[facing=north,half=bottom,shape=straight,waterlogged=false]"
16,16,20,"minecraft:stone_brick_stairs[facing=north,half=bottom,shape=straight,waterlogged=false]"
17,16,20,"minecraft:stone_brick_stairs[facing=north,half=bottom,shape=straight,waterlogged=false]"
21,16,20,minecraft:stone_bricks
9,16,21,minecraft:stone_bricks
10,16,21,minecraft:stone_bricks
11,16,21,minecraft:stone_bricks
12,16,21,minecraft:stone_bricks
18,16,21,minecraft:stone_bricks
19,16,21,minecraft:stone_bricks
20,16,21,minecraft:stone_bricks
21,16,21,minecraft:stone_bricks
9,17,9,minecraft:stone_bricks
10,17,9,minecraft:stone_bricks
11,17,9,minecraft:stone_bricks
12,17,9,minecraft:stone_bricks
13,17,9,minecraft:stone_bricks
14,17,9,minecraft:stone_bricks
15,17,9,minecraft:cut_copper
16,17,9,minecraft:stone_bricks
17,17,9,minecraft:stone_bricks
18,17,9,minecraft:stone_bricks
19,17,9,minecraft:stone_bricks
20,17,9,minecraft:stone_bricks
21,17,9,minecraft:stone_bricks
9,17,10,minecraft:stone_bricks
21,17,10,minecraft:stone_bricks
9,17,11,minecraft:stone_bricks
21,17,11,minecraft:stone_bricks
9,17,12,minecraft:stone_bricks
21,17,12,minecraft:stone_bricks
9,17,13,minecraft:stone_bricks
21,17,13,minecraft:stone_bricks
9,17,14,minecraft:stone_bricks
21,17,14,minecraft:stone_bricks
9,17,15,minecraft:cut_copper
21,17,15,minecraft:cut_copper
9,17,16,minecraft:stone_bricks
21,17,16,minecraft:stone_bricks
9,17,17,minecraft:stone_bricks
21,17,17,minecraft:stone_bricks
9,17,18,minecraft:stone_bricks
21,17,18,minecraft:stone_bricks
9,17,19,minecraft:stone_bricks
13,17,19,"minecraft:stone_brick_stairs[facing=north,half=bottom,shape=straight,waterlogged=false]"
14,17,19,"minecraft:stone_brick_stairs[facing=north,half=bottom,shape=straight,waterlogged=false]"
15,17,19,"minecraft:cut_copper_stairs[facing=north,half=bottom,shape=straight,waterlogged=false]"
16,17,19,"minecraft:stone_brick_stairs[facing=north,half=bottom,shape=straight,waterlogged=false]"
17,17,19,"minecraft:stone_brick_stairs[facing=north,half=bottom,shape=straight,waterlogged=false]"
21,17,19,minecraft:stone_bricks
9,17,20,minecraft:stone_bricks
21,17,20,minecraft:stone_bricks
9,17,21,minecraft:stone_bricks
10,17,21,minecraft:stone_bricks
11,17,21,minecraft:stone_bricks
12,17,21,minecraft:stone_bricks
18,17,21,minecraft:stone_bricks
19,17,21,minecraft:stone_bricks
20,17,21,minecraft:stone_bricks
21,17,21,minecraft:stone_bricks
9,18,9,minecraft:stone_bricks
10,18,9,minecraft:stone_bricks
11,18,9,minecraft:stone_bricks
12,18,9,minecraft:stone_bricks
13,18,9,minecraft:stone_bricks
14,18,9,minecraft:stone_bricks
15,18,9,minecraft:cut_copper
16,18,9,minecraft:stone_bricks
17,18,9,minecraft:stone_bricks
18,18,9,minecraft:stone_bricks
19,18,9,minecraft:stone_bricks
20,18,9,minecraft:stone_bricks
21,18,9,minecraft:stone_bricks
9,18,10,minecraft:stone_bricks
21,18,10,minecraft:stone_bricks
9,18,11,minecraft:stone_bricks
21,18,11,minecraft:stone_bricks
9,18,12,minecraft:stone_bricks
21,18,12,minecraft:stone_bricks
9,18,13,minecraft:stone_bricks
21,18,13,minecraft:stone_bricks
9,18,14,minecraft:stone_bricks
21,18,14,minecraft:stone_bricks
9,18,15,minecraft:cut_copper
21,18,15,minecraft:cut_copper
9,18,16,minecraft:stone_bricks
21,18,16,minecraft:stone_bricks
9,18,17,minecraft:stone_bricks
21,18,17,minecraft:stone_bricks
9,18,18,minecraft:stone_bricks
13,18,18,"minecraft:stone_brick_stairs[facing=north,half=bottom,shape=straight,waterlogged=false]"
14,18,18,"minecraft:stone_brick_stairs[facing=north,half=bottom,shape=straight,waterlogged=false]"
15,18,18,"minecraft:cut_copper_stairs[facing=north,half=bottom,shape=straight,waterlogged=false]"
16,18,18,"minecraft:stone_brick_stairs[facing=north,half=bottom,shape=straight,waterlogged=false]"
17,18,18,"minecraft:stone_brick_stairs[facing=north,half=bottom,shape=straight,waterlogged=false]"
21,18,18,minecraft:stone_bricks
9,18,19,minecraft:stone_bricks
21,18,19,minecraft:stone_bricks
9,18,20,minecraft:stone_bricks
21,18,20,minecraft:stone_bricks
9,18,21,minecraft:stone_bricks
10,18,21,minecraft:stone_bricks
11,18,21,minecraft:stone_bricks
12,18,21,minecraft:stone_bricks
13,18,21,minecraft:stone_bricks
14,18,21,minecraft:stone_bricks
15,18,21,minecraft:cut_copper
16,18,21,minecraft:stone_bricks
17,18,21,minecraft:stone_bricks
18,18,21,minecraft:stone_bricks
19,18,21,minecraft:stone_bricks
20,18,21,minecraft:stone_bricks
21,18,21,minecraft:stone_bricks
9,19,9,minecraft:stone_bricks
10,19,9,minecraft:stone_bricks
11,19,9,minecraft:stone_bricks
12,19,9,minecraft:stone_bricks
13,19,9,minecraft:stone_bricks
14,19,9,minecraft:stone_bricks
15,19,9,minecraft:cut_copper
16,19,9,minecraft:stone_bricks
17,19,9,minecraft:stone_bricks
18,19,9,minecraft:stone_bricks
19,19,9,minecraft:stone_bricks
20,19,9,minecraft:stone_bricks
21,19,9,minecraft:stone_bricks
9,19,10,minecraft:stone_bricks
21,19,10,minecraft:stone_bricks
9,19,11,minecraft:stone_bricks
21,19,11,minecraft:stone_bricks
9,19,12,minecraft:stone_bricks
21,19,12,minecraft:stone_bricks
9,19,13,minecraft:stone_bricks
21,19,13,minecraft:stone_bricks
9,19,14,minecraft:stone_bricks
21,19,14,minecraft:stone_bricks
9,19,15,minecraft:cut_copper
21,19,15,minecraft:cut_copper
9,19,16,minecraft:stone_bricks
21,19,16,minecraft:stone_bricks
9,19,17,minecraft:stone_bricks
13,19,17,"minecraft:stone_brick_stairs[facing=north,half=bottom,shape=straight,waterlogged=false]"
14,19,17,"minecraft:stone_brick_stairs[facing=north,half=bottom,shape=straight,waterlogged=false]"
15,19,17,"minecraft:cut_copper_stairs[facing=north,half=bottom,shape=straight,waterlogged=false]"
16,19,17,"minecraft:stone_brick_stairs[facing=north,half=bottom,shape=straight,waterlogged=false]"
17,19,17,"minecraft:stone_brick_stairs[facing=north,half=bottom,shape=straight,waterlogged=false]"
21,19,17,minecraft:stone_bricks
9,19,18,minecraft:stone_bricks
21,19,18,minecraft:stone_bricks
9,19,19,minecraft:stone_bricks
21,19,19,minecraft:stone_bricks
9,19,20,minecraft:stone_bricks
21,19,20,minecraft:stone_bricks
9,19,21,minecraft:stone_bricks
10,19,21,minecraft:stone_bricks
11,19,21,minecraft:stone_bricks
12,19,21,minecraft:stone_bricks
13,19,21,minecraft:stone_bricks
14,19,21,minecraft:stone_bricks
15,19,21,minecraft:cut_copper
16,19,21,minecraft:stone_bricks
17,19,21,minecraft:stone_bricks
18,19,21,minecraft:stone_bricks
19,19,21,minecraft:stone_bricks
20,19,21,minecraft:stone_bricks
21,19,21,minecraft:stone_bricks
9,20,9,minecraft:stone_bricks
10,20,9,minecraft:stone_bricks
11,20,9,minecraft:stone_bricks
12,20,9,minecraft:stone_bricks
13,20,9,minecraft:stone_bricks
14,20,9,minecraft:stone_bricks
15,20,9,minecraft:cut_copper
16,20,9,minecraft:stone_bricks
17,20,9,minecraft:stone_bricks
18,20,9,minecraft:stone_bricks
19,20,9,minecraft:stone_bricks
20,20,9,minecraft:stone_bricks
21,20,9,minecraft:stone_bricks
9,20,10,minecraft:stone_bricks
21,20,10,minecraft:stone_bricks
9,20,11,minecraft:stone_bricks
21,20,11,minecraft:stone_bricks
9,20,12,minecraft:stone_bricks
21,20,12,minecraft:stone_bricks
9,20,13,minecraft:stone_bricks
21,20,13,minecraft:stone_bricks
9,20,14,minecraft:stone_bricks
21,20,14,minecraft:stone_bricks
9,20,15,minecraft:cut_copper
21,20,15,minecraft:cut_copper
9,20,16,minecraft:stone_bricks
13,20,16,"minecraft:stone_brick_stairs[facing=north,half=bottom,shape=straight,waterlogged=false]"
14,20,16,"minecraft:stone_brick_stairs[facing=north,half=bottom,shape=straight,waterlogged=false]"
15,20,16,"minecraft:cut_copper_stairs[facing=north,half=bottom,shape=straight,waterlogged=false]"
16,20,16,"minecraft:stone_brick_stairs[facing=north,half=bottom,shape=straight,waterlogged=false]"
17,20,16,"minecraft:stone_brick_stairs[facing=north,half=bottom,shape=straight,waterlogged=false]"
21,20,16,minecraft:stone_bricks
9,20,17,minecraft:stone_bricks
21,20,17,minecraft:stone_bricks
9,20,18,minecraft:stone_bricks
21,20,18,minecraft:stone_bricks
9,20,19,minecraft:stone_bricks
21,20,19,minecraft:stone_bricks
9,20,20,minecraft:stone_bricks
21,20,20,minecraft:stone_bricks
9,20,21,minecraft:stone_bricks
10,20,21,minecraft:stone_bricks
11,20,21,minecraft:stone_bricks
12,20,21,minecraft:stone_bricks
13,20,21,minecraft:stone_bricks
14,20,21,minecraft:stone_bricks
15,20,21,minecraft:cut_copper
16,20,21,minecraft:stone_bricks
17,20,21,minecraft:stone_bricks
18,20,21,minecraft:stone_bricks
19,20,21,minecraft:stone_bricks
20,20,21,minecraft:stone_bricks
21,20,21,minecraft:stone_bricks
9,21,9,minecraft:smooth_stone
10,21,9,minecraft:smooth_stone
11,21,9,minecraft:smooth_stone
12,21,9,minecraft:smooth_stone
13,21,9,minecraft:smooth_stone
14,21,9,minecraft:smooth_stone
15,21,9,minecraft:cut_copper
16,21,9,minecraft:smooth_stone
17,21,9,minecraft:smooth_stone
18,21,9,minecraft:smooth_stone
19,21,9,minecraft:smooth_stone
20,21,9,minecraft:smooth_stone
21,21,9,minecraft:smooth_stone
9,21,10,minecraft:smooth_stone
10,21,10,minecraft:smooth_stone
11,21,10,minecraft:smooth_stone
12,21,10,minecraft:smooth_stone
13,21,10,minecraft:smooth_stone
14,21,10,minecraft:smooth_stone
15,21,10,minecraft:cut_copper
16,21,10,minecraft:smooth_stone
17,21,10,minecraft:smooth_stone
18,21,10,minecraft:smooth_stone
19,21,10,minecraft:smooth_stone
20,21,10,minecraft:smooth_stone
21,21,10,minecraft:smooth_stone
9,21,11,minecraft:smooth_stone
10,21,11,minecraft:smooth_stone
11,21,11,minecraft:smooth_stone
12,21,11,minecraft:smooth_stone
13,21,11,minecraft:smooth_stone
14,21,11,minecraft:smooth_stone
15,21,11,minecraft:cut_copper
16,21,11,minecraft:smooth_stone
17,21,11,minecraft:smooth_stone
18,21,11,minecraft:smooth_stone
19,21,11,minecraft:smooth_stone
20,21,11,minecraft:smooth_stone
21,21,11,minecraft:smooth_stone
9,21,12,minecraft:smooth_stone
10,21,12,minecraft:smooth_stone
11,21,12,minecraft:smooth_stone
12,21,12,minecraft:smooth_stone
13,21,12,minecraft:smooth_stone
14,21,12,minecraft:smooth_stone
15,21,12,minecraft:smooth_stone
16,21,12,minecraft:smooth_stone
17,21,12,minecraft:smooth_stone
18,21,12,minecraft:smooth_stone
19,21,12,minecraft:smooth_stone
20,21,12,minecraft:smooth_stone
21,21,12,minecraft:smooth_stone
9,21,13,minecraft:smooth_stone
10,21,13,minecraft:smooth_stone
11,21,13,minecraft:smooth_stone
12,21,13,minecraft:smooth_stone
13,21,13,minecraft:smooth_stone
14,21,13,minecraft:smooth_stone
15,21,13,minecraft:smooth_stone
16,21,13,minecraft:smooth_stone
17,21,13,minecraft:smooth_stone
18,21,13,minecraft:smooth_stone
19,21,13,minecraft:smooth_stone
20,21,13,minecraft:smooth_stone
21,21,13,minecraft:smooth_stone
9,21,14,minecraft:smooth_stone
10,21,14,minecraft:smooth_stone
11,21,14,minecraft:smooth_stone
12,21,14,minecraft:smooth_stone
13,21,14,minecraft:smooth_stone
14,21,14,minecraft:smooth_stone
15,21,14,minecraft:smooth_stone
16,21,14,minecraft:smooth_stone
17,21,14,minecraft:smooth_stone
18,21,14,minecraft:smooth_stone
19,21,14,minecraft:smooth_stone
20,21,14,minecraft:smooth_stone
21,21,14,minecraft:smooth_stone
9,21,15,minecraft:cut_copper
10,21,15,minecraft:cut_copper
11,21,15,minecraft:cut_copper
12,21,15,minecraft:smooth_stone
13,21,15,"minecraft:stone_brick_stairs[facing=north,half=bottom,shape=straight,waterlogged=false]"
14,21,15,"minecraft:stone_brick_stairs[facing=north,half=bottom,shape=straight,waterlogged=false]"
15,21,15,"minecraft:cut_copper_stairs[facing=north,half=bottom,shape=straight,waterlogged=false]"
16,21,15,"minecraft:stone_brick_stairs[facing=north,half=bottom,shape=straight,waterlogged=false]"
17,21,15,"minecraft:stone_brick_stairs[facing=north,half=bottom,shape=straight,waterlogged=false]"
18,21,15,minecraft:smooth_stone
19,21,15,minecraft:cut_copper
20,21,15,minecraft:cut_copper
21,21,15,minecraft:cut_copper
9,21,16,minecraft:smooth_stone
10,21,16,minecraft:smooth_stone
11,21,16,minecraft:smooth_stone
12,21,16,minecraft:smooth_stone
18,21,16,minecraft:smooth_stone
19,21,16,minecraft:smooth_stone
20,21,16,minecraft:smooth_stone
21,21,16,minecraft:smooth_stone
9,21,17,minecraft:smooth_stone
10,21,17,minecraft:smooth_stone
11,21,17,minecraft:smooth_stone
12,21,17,minecraft:smooth_stone
18,21,17,minecraft:smooth_stone
19,21,17,minecraft:smooth_stone
20,21,17,minecraft:smooth_stone
21,21,17,minecraft:smooth_stone
9,21,18,minecraft:smooth_stone
10,21,18,minecraft:smooth_stone
11,21,18,minecraft:smooth_stone
12,21,18,minecraft:smooth_stone
13,21,18,minecraft:smooth_stone
14,21,18,minecraft:smooth_stone
15,21,18,minecraft:smooth_stone
16,21,18,minecraft:smooth_stone
17,21,18,minecraft:smooth_stone
18,21,18,minecraft:smooth_stone
19,21,18,minecraft:smooth_stone
20,21,18,minecraft:smooth_stone
21,21,18,minecraft:smooth_stone
9,21,19,minecraft:smooth_stone
10,21,19,minecraft:smooth_stone
11,21,19,minecraft:smooth_stone
12,21,19,minecraft:smooth_stone
13,21,19,minecraft:smooth_stone
14,21,19,minecraft:smooth_stone
15,21,19,minecraft:cut_copper
16,21,19,minecraft:smooth_stone
17,21,19,minecraft:smooth_stone
18,21,19,minecraft:smooth_stone
19,21,19,minecraft:smooth_stone
20,21,19,minecraft:smooth_stone
21,21,19,minecraft:smooth_stone
9,21,20,minecraft:smooth_stone
10,21,20,minecraft:smooth_stone
11,21,20,minecraft:smooth_stone
12,21,20,minecraft:smooth_stone
13,21,20,minecraft:smooth_stone
14,21,20,minecraft:smooth_stone
15,21,20,minecraft:cut_copper
16,21,20,minecraft:smooth_stone
17,21,20,minecraft:smooth_stone
18,21,20,minecraft:smooth_stone
19,21,20,minecraft:smooth_stone
20,21,20,minecraft:smooth_stone
21,21,20,minecraft:smooth_stone
9,21,21,minecraft:smooth_stone
10,21,21,minecraft:smooth_stone
11,21,21,minecraft:smooth_stone
12,21,21,minecraft:smooth_stone
13,21,21,minecraft:smooth_stone
14,21,21,minecraft:smooth_stone
15,21,21,minecraft:cut_copper
16,21,21,minecraft:smooth_stone
17,21,21,minecraft:smooth_stone
18,21,21,minecraft:smooth_stone
19,21,21,minecraft:smooth_stone
20,21,21,minecraft:smooth_stone
21,21,21,minecraft:smooth_stone
11,22,11,minecraft:deepslate_tiles
12,22,11,minecraft:deepslate_tiles
13,22,11,minecraft:deepslate_tiles
14,22,11,minecraft:deepslate_tiles
15,22,11,minecraft:cut_copper
16,22,11,minecraft:deepslate_tiles
17,22,11,minecraft:deepslate_tiles
18,22,11,minecraft:deepslate_tiles
19,22,11,minecraft:deepslate_tiles
11,22,12,minecraft:deepslate_tiles
19,22,12,minecraft:deepslate_tiles
11,22,13,minecraft:deepslate_tiles
19,22,13,minecraft:deepslate_tiles
11,22,14,minecraft:deepslate_tiles
19,22,14,minecraft:deepslate_tiles
11,22,15,minecraft:cut_copper
19,22,15,minecraft:cut_copper
11,22,16,minecraft:deepslate_tiles
19,22,16,minecraft:deepslate_tiles
11,22,17,minecraft:deepslate_tiles
19,22,17,minecraft:deepslate_tiles
11,22,18,minecraft:deepslate_tiles
19,22,18,minecraft:deepslate_tiles
11,22,19,minecraft:deepslate_tiles
12,22,19,minecraft:deepslate_tiles
13,22,19,"minecraft:stone_brick_stairs[facing=north,half=bottom,shape=straight,waterlogged=false]"
14,22,19,"minecraft:stone_brick_stairs[facing=north,half=bottom,shape=straight,waterlogged=false]"
15,22,19,"minecraft:cut_copper_stairs[facing=north,half=bottom,shape=straight,waterlogged=false]"
16,22,19,"minecraft:stone_brick_stairs[facing=north,half=bottom,shape=straight,waterlogged=false]"
17,22,19,"minecraft:stone_brick_stairs[facing=north,half=bottom,shape=straight,waterlogged=false]"
18,22,19,minecraft:deepslate_tiles
19,22,19,minecraft:deepslate_tiles
11,23,11,minecraft:stone_bricks
12,23,11,minecraft:stone_bricks
13,23,11,minecraft:stone_bricks
14,23,11,minecraft:stone_bricks
15,23,11,minecraft:cut_copper
16,23,11,minecraft:stone_bricks
17,23,11,minecraft:stone_bricks
18,23,11,minecraft:stone_bricks
19,23,11,minecraft:stone_bricks
11,23,12,minecraft:stone_bricks
19,23,12,minecraft:stone_bricks
11,23,13,minecraft:stone_bricks
19,23,13,minecraft:stone_bricks
11,23,14,minecraft:stone_bricks
19,23,14,minecraft:stone_bricks
11,23,15,minecraft:cut_copper
19,23,15,minecraft:cut_copper
11,23,16,minecraft:stone_bricks
19,23,16,minecraft:stone_bricks
11,23,17,minecraft:stone_bricks
19,23,17,minecraft:stone_bricks
11,23,18,minecraft:stone_bricks
13,23,18,"minecraft:stone_brick_stairs[facing=north,half=bottom,shape=straight,waterlogged=false]"
14,23,18,"minecraft:stone_brick_stairs[facing=north,half=bottom,shape=straight,waterlogged=false]"
15,23,18,"minecraft:cut_copper_stairs[facing=north,half=bottom,shape=straight,waterlogged=false]"
16,23,18,"minecraft:stone_brick_stairs[facing=north,half=bottom,shape=straight,waterlogged=false]"
17,23,18,"minecraft:stone_brick_stairs[facing=north,half=bottom,shape=straight,waterlogged=false]"
19,23,18,minecraft:stone_bricks
11,23,19,minecraft:stone_bricks
12,23,19,minecraft:stone_bricks
18,23,19,minecraft:stone_bricks
19,23,19,minecraft:stone_bricks
11,24,11,minecraft:stone_bricks
12,24,11,minecraft:stone_bricks
13,24,11,minecraft:stone_bricks
14,24,11,minecraft:stone_bricks
15,24,11,minecraft:cut_copper
16,24,11,minecraft:stone_bricks
17,24,11,minecraft:stone_bricks
18,24,11,minecraft:stone_bricks
19,24,11,minecraft:stone_bricks
11,24,12,minecraft:stone_bricks
19,24,12,minecraft:stone_bricks
11,24,13,minecraft:stone_bricks
19,24,13,minecraft:stone_bricks
11,24,14,minecraft:stone_bricks
19,24,14,minecraft:stone_bricks
11,24,15,minecraft:cut_copper
19,24,15,minecraft:cut_copper
11,24,16,minecraft:stone_bricks
19,24,16,minecraft:stone_bricks
11,24,17,minecraft:stone_bricks
13,24,17,"minecraft:stone_brick_stairs[facing=north,half=bottom,shape=straight,waterlogged=false]"
14,24,17,"minecraft:stone_brick_stairs[facing=north,half=bottom,shape=straight,waterlogged=false]"
15,24,17,"minecraft:cut_copper_stairs[facing=north,half=bottom,shape=straight,waterlogged=false]"
16,24,17,"minecraft:stone_brick_stairs[facing=north,half=bottom,shape=straight,waterlogged=false]"
17,24,17,"minecraft:stone_brick_stairs[facing=north,half=bottom,shape=straight,waterlogged=false]"
19,24,17,minecraft:stone_bricks
11,24,18,minecraft:stone_bricks
19,24,18,minecraft:stone_bricks
11,24,19,minecraft:stone_bricks
12,24,19,minecraft:stone_bricks
18,24,19,minecraft:stone_bricks
19,24,19,minecraft:stone_bricks
11,25,11,minecraft:stone_bricks
12,25,11,minecraft:stone_bricks
13,25,11,minecraft:stone_bricks
14,25,11,minecraft:stone_bricks
15,25,11,minecraft:cut_copper
16,25,11,minecraft:stone_bricks
17,25,11,minecraft:stone_bricks
18,25,11,minecraft:stone_bricks
19,25,11,minecraft:stone_bricks
11,25,12,minecraft:stone_bricks
19,25,12,minecraft:stone_bricks
11,25,13,minecraft:stone_bricks
19,25,13,minecraft:stone_bricks
11,25,14,minecraft:stone_bricks
19,25,14,minecraft:stone_bricks
11,25,15,minecraft:cut_copper
19,25,15,minecraft:cut_copper
11,25,16,minecraft:stone_bricks
13,25,16,"minecraft:stone_brick_stairs[facing=north,half=bottom,shape=straight,waterlogged=false]"
14,25,16,"minecraft:stone_brick_stairs[facing=north,half=bottom,shape=straight,waterlogged=false]"
15,25,16,"minecraft:cut_copper_stairs[facing=north,half=bottom,shape=straight,waterlogged=false]"
16,25,16,"minecraft:stone_brick_stairs[facing=north,half=bottom,shape=straight,waterlogged=false]"
17,25,16,"minecraft:stone_brick_stairs[facing=north,half=bottom,shape=straight,waterlogged=false]"
19,25,16,minecraft:stone_bricks
11,25,17,minecraft:stone_bricks
19,25,17,minecraft:stone_bricks
11,25,18,minecraft:stone_bricks
19,25,18,minecraft:stone_bricks
11,25,19,minecraft:stone_bricks
12,25,19,minecraft:stone_bricks
13,25,19,minecraft:stone_bricks
14,25,19,minecraft:stone_bricks
15,25,19,minecraft:cut_copper
16,25,19,minecraft:stone_bricks
17,25,19,minecraft:stone_bricks
18,25,19,minecraft:stone_bricks
19,25,19,minecraft:stone_bricks
11,26,11,minecraft:stone_bricks
12,26,11,minecraft:stone_bricks
13,26,11,minecraft:stone_bricks
14,26,11,minecraft:stone_bricks
15,26,11,minecraft:cut_copper
16,26,11,minecraft:stone_bricks
17,26,11,minecraft:stone_bricks
18,26,11,minecraft:stone_bricks
19,26,11,minecraft:stone_bricks
11,26,12,minecraft:stone_bricks
19,26,12,minecraft:stone_bricks
11,26,13,minecraft:stone_bricks
19,26,13,minecraft:stone_bricks
11,26,14,minecraft:stone_bricks
19,26,14,minecraft:stone_bricks
11,26,15,minecraft:cut_copper
13,26,15,"minecraft:stone_brick_stairs[facing=north,half=bottom,shape=straight,waterlogged=false]"
14,26,15,"minecraft:stone_brick_stairs[facing=north,half=bottom,shape=straight,waterlogged=false]"
15,26,15,"minecraft:cut_copper_stairs[facing=north,half=bottom,shape=straight,waterlogged=false]"
16,26,15,"minecraft:stone_brick_stairs[facing=north,half=bottom,shape=straight,waterlogged=false]"
17,26,15,"minecraft:stone_brick_stairs[facing=north,half=bottom,shape=straight,waterlogged=false]"
19,26,15,minecraft:cut_copper
11,26,16,minecraft:stone_bricks
19,26,16,minecraft:stone_bricks
11,26,17,minecraft:stone_bricks
19,26,17,minecraft:stone_bricks
11,26,18,minecraft:stone_bricks
19,26,18,minecraft:stone_bricks
11,26,19,minecraft:stone_bricks
12,26,19,minecraft:stone_bricks
13,26,19,minecraft:stone_bricks
14,26,19,minecraft:stone_bricks
15,26,19,minecraft:cut_copper
16,26,19,minecraft:stone_bricks
17,26,19,minecraft:stone_bricks
18,26,19,minecraft:stone_bricks
19,26,19,minecraft:stone_bricks
11,27,11,minecraft:stone_bricks
12,27,11,minecraft:stone_bricks
13,27,11,minecraft:stone_bricks
14,27,11,minecraft:stone_bricks
15,27,11,minecraft:cut_copper
16,27,11,minecraft:stone_bricks
17,27,11,minecraft:stone_bricks
18,27,11,minecraft:stone_bricks
19,27,11,minecraft:stone_bricks
11,27,12,minecraft:stone_bricks
19,27,12,minecraft:stone_bricks
11,27,13,minecraft:stone_bricks
19,27,13,minecraft:stone_bricks
11,27,14,minecraft:stone_bricks
13,27,14,"minecraft:stone_brick_stairs[facing=north,half=bottom,shape=straight,waterlogged=false]"
14,27,14,"minecraft:stone_brick_stairs[facing=north,half=bottom,shape=straight,waterlogged=false]"
15,27,14,"minecraft:cut_copper_stairs[facing=north,half=bottom,shape=straight,waterlogged=false]"
16,27,14,"minecraft:stone_brick_stairs[facing=north,half=bottom,shape=straight,waterlogged=false]"
17,27,14,"minecraft:stone_brick_stairs[facing=north,half=bottom,shape=straight,waterlogged=false]"
19,27,14,minecraft:stone_bricks
11,27,15,minecraft:cut_copper
19,27,15,minecraft:cut_copper
11,27,16,minecraft:stone_bricks
19,27,16,minecraft:stone_bricks
11,27,17,minecraft:stone_bricks
19,27,17,minecraft:stone_bricks
11,27,18,minecraft:stone_bricks
19,27,18,minecraft:stone_bricks
11,27,19,minecraft:stone_bricks
12,27,19,minecraft:stone_bricks
13,27,19,minecraft:stone_bricks
14,27,19,minecraft:stone_bricks
15,27,19,minecraft:cut_copper
16,27,19,minecraft:stone_bricks
17,27,19,minecraft:stone_bricks
18,27,19,minecraft:stone_bricks
19,27,19,minecraft:stone_bricks
11,28,11,minecraft:smooth_stone
12,28,11,minecraft:smooth_stone
13,28,11,minecraft:smooth_stone
14,28,11,minecraft:smooth_stone
15,28,11,minecraft:cut_copper
16,28,11,minecraft:smooth_stone
17,28,11,minecraft:smooth_stone
18,28,11,minecraft:smooth_stone
19,28,11,minecraft:smooth_stone
11,28,12,minecraft:smooth_stone
12,28,12,minecraft:smooth_stone
13,28,12,minecraft:smooth_stone
14,28,12,minecraft:smooth_stone
15,28,12,minecraft:cut_copper
16,28,12,minecraft:smooth_stone
17,28,12,minecraft:smooth_stone
18,28,12,minecraft:smooth_stone
19,28,12,minecraft:smooth_stone
11,28,13,minecraft:smooth_stone
12,28,13,minecraft:smooth_stone
13,28,13,"minecraft:stone_brick_stairs[facing=north,half=bottom,shape=straight,waterlogged=false]"
14,28,13,"minecraft:stone_brick_stairs[facing=north,half=bottom,shape=straight,waterlogged=false]"
15,28,13,"minecraft:cut_copper_stairs[facing=north,half=bottom,shape=straight,waterlogged=false]"
16,28,13,"minecraft:stone_brick_stairs[facing=north,half=bottom,shape=straight,waterlogged=false]"
17,28,13,"minecraft:stone_brick_stairs[facing=north,half=bottom,shape=straight,waterlogged=false]"
18,28,13,minecraft:smooth_stone
19,28,13,minecraft:smooth_stone
11,28,14,minecraft:smooth_stone
12,28,14,minecraft:smooth_stone
18,28,14,minecraft:smooth_stone
19,28,14,minecraft:smooth_stone
11,28,15,minecraft:cut_copper
12,28,15,minecraft:cut_copper
18,28,15,minecraft:cut_copper
19,28,15,minecraft:cut_copper
11,28,16,minecraft:smooth_stone
12,28,16,minecraft:smooth_stone
13,28,16,minecraft:smooth_stone
14,28,16,minecraft:smooth_stone
15,28,16,minecraft:smooth_stone
16,28,16,minecraft:smooth_stone
17,28,16,minecraft:smooth_stone
18,28,16,minecraft:smooth_stone
19,28,16,minecraft:smooth_stone
11,28,17,minecraft:smooth_stone
12,28,17,minecraft:smooth_stone
13,28,17,minecraft:smooth_stone
14,28,17,minecraft:smooth_stone
15,28,17,minecraft:smooth_stone
16,28,17,minecraft:smooth_stone
17,28,17,minecraft:smooth_stone
18,28,17,minecraft:smooth_stone
19,28,17,minecraft:smooth_stone
11,28,18,minecraft:smooth_stone
12,28,18,minecraft:smooth_stone
13,28,18,minecraft:smooth_stone
14,28,18,minecraft:smooth_stone
15,28,18,minecraft:cut_copper
16,28,18,minecraft:smooth_stone
17,28,18,minecraft:smooth_stone
18,28,18,minecraft:smooth_stone
19,28,18,minecraft:smooth_stone
11,28,19,minecraft:smooth_stone
12,28,19,minecraft:smooth_stone
13,28,19,minecraft:smooth_stone
14,28,19,minecraft:smooth_stone
15,28,19,minecraft:cut_copper
16,28,19,minecraft:smooth_stone
17,28,19,minecraft:smooth_stone
18,28,19,minecraft:smooth_stone
19,28,19,minecraft:smooth_stone
12,29,12,minecraft:oxidized_cut_copper
13,29,12,minecraft:oxidized_cut_copper
14,29,12,minecraft:oxidized_cut_copper
15,29,12,minecraft:oxidized_cut_copper
16,29,12,minecraft:oxidized_cut_copper
17,29,12,minecraft:oxidized_cut_copper
18,29,12,minecraft:oxidized_cut_copper
12,29,13,minecraft:oxidized_cut_copper
13,29,13,minecraft:copper_grate
14,29,13,minecraft:copper_grate
15,29,13,minecraft:copper_grate
16,29,13,minecraft:copper_grate
17,29,13,minecraft:copper_grate
18,29,13,minecraft:oxidized_cut_copper
12,29,14,minecraft:oxidized_cut_copper
13,29,14,minecraft:copper_grate
14,29,14,minecraft:copper_grate
15,29,14,minecraft:copper_grate
16,29,14,minecraft:copper_grate
17,29,14,minecraft:copper_grate
18,29,14,minecraft:oxidized_cut_copper
12,29,15,minecraft:oxidized_cut_copper
13,29,15,minecraft:copper_grate
14,29,15,minecraft:copper_grate
15,29,15,minecraft:sea_lantern
16,29,15,minecraft:copper_grate
17,29,15,minecraft:copper_grate
18,29,15,minecraft:oxidized_cut_copper
12,29,16,minecraft:oxidized_cut_copper
13,29,16,minecraft:copper_grate
14,29,16,minecraft:copper_grate
15,29,16,minecraft:copper_grate
16,29,16,minecraft:copper_grate
17,29,16,minecraft:copper_grate
18,29,16,minecraft:oxidized_cut_copper
12,29,17,minecraft:oxidized_cut_copper
13,29,17,minecraft:copper_grate
14,29,17,minecraft:copper_grate
15,29,17,minecraft:copper_grate
16,29,17,minecraft:copper_grate
17,29,17,minecraft:copper_grate
18,29,17,minecraft:oxidized_cut_copper
12,29,18,minecraft:oxidized_cut_copper
13,29,18,minecraft:oxidized_cut_copper
14,29,18,minecraft:oxidized_cut_copper
15,29,18,minecraft:oxidized_cut_copper
16,29,18,minecraft:oxidized_cut_copper
17,29,18,minecraft:oxidized_cut_copper
18,29,18,minecraft:oxidized_cut_copper
15,30,12,minecraft:quartz_pillar[axis=y]
12,30,15,minecraft:quartz_pillar[axis=y]
18,30,15,minecraft:quartz_pillar[axis=y]
15,30,18,minecraft:quartz_pillar[axis=y]
15,31,12,minecraft:quartz_pillar[axis=y]
12,31,15,minecraft:quartz_pillar[axis=y]
18,31,15,minecraft:quartz_pillar[axis=y]
15,31,18,minecraft:quartz_pillar[axis=y]
15,32,12,minecraft:quartz_pillar[axis=y]
12,32,15,minecraft:quartz_pillar[axis=y]
18,32,15,minecraft:quartz_pillar[axis=y]
15,32,18,minecraft:quartz_pillar[axis=y]
15,33,12,minecraft:quartz_pillar[axis=y]
12,33,15,minecraft:quartz_pillar[axis=y]
18,33,15,minecraft:quartz_pillar[axis=y]
15,33,18,minecraft:quartz_pillar[axis=y]
15,34,12,minecraft:quartz_pillar[axis=y]
12,34,15,minecraft:quartz_pillar[axis=y]
18,34,15,minecraft:quartz_pillar[axis=y]
15,34,18,minecraft:quartz_pillar[axis=y]
14,35,12,minecraft:oxidized_cut_copper
15,35,12,minecraft:oxidized_cut_copper
16,35,12,minecraft:oxidized_cut_copper
13,35,13,minecraft:oxidized_cut_copper
17,35,13,minecraft:oxidized_cut_copper
12,35,14,minecraft:oxidized_cut_copper
18,35,14,minecraft:oxidized_cut_copper
12,35,15,minecraft:oxidized_cut_copper
18,35,15,minecraft:oxidized_cut_copper
12,35,16,minecraft:oxidized_cut_copper
18,35,16,minecraft:oxidized_cut_copper
13,35,17,minecraft:oxidized_cut_copper
17,35,17,minecraft:oxidized_cut_copper
14,35,18,minecraft:oxidized_cut_copper
15,35,18,minecraft:oxidized_cut_copper
16,35,18,minecraft:oxidized_cut_copper
