x,y,z,block
0,0,0,minecraft:polished_deepslate
1,0,0,minecraft:polished_deepslate
2,0,0,minecraft:polished_deepslate
3,0,0,minecraft:polished_deepslate
4,0,0,minecraft:polished_deepslate
5,0,0,minecraft:polished_deepslate
6,0,0,minecraft:polished_deepslate
7,0,0,minecraft:polished_deepslate
8,0,0,minecraft:polished_deepslate
9,0,0,minecraft:polished_deepslate
10,0,0,minecraft:polished_deepslate
11,0,0,minecraft:polished_deepslate
12,0,0,minecraft:polished_deepslate
13,0,0,minecraft:polished_deepslate
14,0,0,minecraft:polished_deepslate
15,0,0,minecraft:polished_deepslate
16,0,0,minecraft:polished_deepslate
17,0,0,minecraft:polished_deepslate
18,0,0,minecraft:polished_deepslate
19,0,0,minecraft:polished_deepslate
20,0,0,minecraft:polished_deepslate
21,0,0,minecraft:polished_deepslate
22,0,0,minecraft:polished_deepslate
23,0,0,minecraft:polished_deepslate
24,0,0,minecraft:polished_deepslate
25,0,0,minecraft:polished_deepslate
26,0,0,minecraft:polished_deepslate
27,0,0,minecraft:polished_deepslate
28,0,0,minecraft:polished_deepslate
29,0,0,minecraft:polished_deepslate
30,0,0,minecraft:polished_deepslate
31,0,0,minecraft:polished_deepslate
32,0,0,minecraft:polished_deepslate
33,0,0,minecraft:polished_deepslate
34,0,0,minecraft:polished_deepslate
35,0,0,minecraft:polished_deepslate
36,0,0,minecraft:polished_deepslate
0,0,1,minecraft:polished_deepslate
1,0,1,minecraft:polished_deepslate
2,0,1,minecraft:polished_deepslate
3,0,1,minecraft:polished_deepslate
4,0,1,minecraft:polished_deepslate
5,0,1,minecraft:polished_deepslate
6,0,1,minecraft:polished_deepslate
7,0,1,minecraft:polished_deepslate
8,0,1,minecraft:polished_deepslate
9,0,1,minecraft:polished_deepslate
10,0,1,minecraft:polished_deepslate
11,0,1,minecraft:polished_deepslate
12,0,1,minecraft:polished_deepslate
13,0,1,minecraft:polished_deepslate
14,0,1,minecraft:polished_deepslate
15,0,1,minecraft:polished_deepslate
16,0,1,minecraft:polished_deepslate
17,0,1,minecraft:polished_deepslate
18,0,1,minecraft:polished_deepslate
19,0,1,minecraft:polished_deepslate
20,0,1,minecraft:polished_deepslate
21,0,1,minecraft:polished_deepslate
22,0,1,minecraft:polished_deepslate
23,0,1,minecraft:polished_deepslate
24,0,1,minecraft:polished_deepslate
25,0,1,minecraft:polished_deepslate
26,0,1,minecraft:polished_deepslate
27,0,1,minecraft:polished_deepslate
28,0,1,minecraft:polished_deepslate
29,0,1,minecraft:polished_deepslate
30,0,1,minecraft:polished_deepslate
31,0,1,minecraft:polished_deepslate
32,0,1,minecraft:polished_deepslate
33,0,1,minecraft:polished_deepslate
34,0,1,minecraft:polished_deepslate
35,0,1,minecraft:polished_deepslate
36,0,1,minecraft:polished_deepslate
0,0,2,minecraft:polished_deepslate
1,0,2,minecraft:polished_deepslate
2,0,2,minecraft:polished_deepslate
3,0,2,minecraft:polished_deepslate
4,0,2,minecraft:polished_deepslate
5,0,2,minecraft:polished_deepslate
6,0,2,minecraft:polished_deepslate
7,0,2,minecraft:polished_deepslate
8,0,2,minecraft:polished_deepslate
9,0,2,minecraft:polished_deepslate
10,0,2,minecraft:polished_deepslate
11,0,2,minecraft:polished_deepslate
12,0,2,minecraft:polished_deepslate
13,0,2,minecraft:polished_deepslate
14,0,2,minecraft:polished_deepslate
15,0,2,minecraft:polished_deepslate
16,0,2,minecraft:polished_deepslate
17,0,2,minecraft:polished_deepslate
18,0,2,minecraft:polished_deepslate
19,0,2,minecraft:polished_deepslate
20,0,2,minecraft:polished_deepslate
21,0,2,minecraft:polished_deepslate
22,0,2,minecraft:polished_deepslate
23,0,2,minecraft:polished_deepslate
24,0,2,minecraft:polished_deepslate
25,0,2,minecraft:polished_deepslate
26,0,2,minecraft:polished_deepslate
27,0,2,minecraft:polished_deepslate
28,0,2,minecraft:polished_deepslate
29,0,2,minecraft:polished_deepslate
30,0,2,minecraft:polished_deepslate
31,0,2,minecraft:polished_deepslate
32,0,2,minecraft:polished_deepslate
33,0,2,minecraft:polished_deepslate
34,0,2,minecraft:polished_deepslate
35,0,2,minecraft:polished_deepslate
36,0,2,minecraft:polished_deepslate
0,0,3,minecraft:polished_deepslate
1,0,3,minecraft:polished_deepslate
2,0,3,minecraft:polished_deepslate
3,0,3,minecraft:polished_deepslate
4,0,3,minecraft:polished_deepslate
5,0,3,minecraft:polished_deepslate
6,0,3,minecraft:polished_deepslate
7,0,3,minecraft:polished_deepslate
8,0,3,minecraft:polished_deepslate
9,0,3,minecraft:polished_deepslate
10,0,3,minecraft:polished_deepslate
11,0,3,minecraft:polished_deepslate
12,0,3,minecraft:polished_deepslate
13,0,3,minecraft:polished_deepslate
14,0,3,minecraft:polished_deepslate
15,0,3,minecraft:polished_deepslate
16,0,3,minecraft:polished_deepslate
17,0,3,minecraft:polished_deepslate
18,0,3,minecraft:polished_deepslate
19,0,3,minecraft:polished_deepslate
20,0,3,minecraft:polished_deepslate
21,0,3,minecraft:polished_deepslate
22,0,3,minecraft:polished_deepslate
23,0,3,minecraft:polished_deepslate
24,0,3,minecraft:polished_deepslate
25,0,3,minecraft:polished_deepslate
26,0,3,minecraft:polished_deepslate
27,0,3,minecraft:polished_deepslate
28,0,3,minecraft:polished_deepslate
29,0,3,minecraft:polished_deepslate
30,0,3,minecraft:polished_deepslate
31,0,3,minecraft:polished_deepslate
32,0,3,minecraft:polished_deepslate
33,0,3,minecraft:polished_deepslate
34,0,3,minecraft:polished_deepslate
35,0,3,minecraft:polished_deepslate
36,0,3,minecraft:polished_deepslate
0,0,4,minecraft:polished_deepslate
1,0,4,minecraft:polished_deepslate
2,0,4,minecraft:polished_deepslate
3,0,4,minecraft:polished_deepslate
4,0,4,minecraft:polished_deepslate
5,0,4,minecraft:polished_deepslate
6,0,4,minecraft:polished_deepslate
7,0,4,minecraft:polished_deepslate
8,0,4,minecraft:polished_deepslate
9,0,4,minecraft:polished_deepslate
10,0,4,minecraft:polished_deepslate
11,0,4,minecraft:polished_deepslate
12,0,4,minecraft:polished_deepslate
13,0,4,minecraft:polished_deepslate
14,0,4,minecraft:polished_deepslate
15,0,4,minecraft:polished_deepslate
16,0,4,minecraft:polished_deepslate
17,0,4,minecraft:polished_deepslate
18,0,4,minecraft:polished_deepslate
19,0,4,minecraft:polished_deepslate
20,0,4,minecraft:polished_deepslate
21,0,4,minecraft:polished_deepslate
22,0,4,minecraft:polished_deepslate
23,0,4,minecraft:polished_deepslate
24,0,4,minecraft:polished_deepslate
25,0,4,minecraft:polished_deepslate
26,0,4,minecraft:polished_deepslate
27,0,4,minecraft:polished_deepslate
28,0,4,minecraft:polished_deepslate
29,0,4,minecraft:polished_deepslate
30,0,4,minecraft:polished_deepslate
31,0,4,minecraft:polished_deepslate
32,0,4,minecraft:polished_deepslate
33,0,4,minecraft:polished_deepslate
34,0,4,minecraft:polished_deepslate
35,0,4,minecraft:polished_deepslate
36,0,4,minecraft:polished_deepslate
0,0,5,minecraft:polished_deepslate
1,0,5,minecraft:polished_deepslate
2,0,5,minecraft:polished_deepslate
3,0,5,minecraft:polished_deepslate
4,0,5,minecraft:polished_deepslate
5,0,5,minecraft:polished_deepslate
6,0,5,minecraft:polished_deepslate
7,0,5,minecraft:polished_deepslate
8,0,5,minecraft:polished_deepslate
9,0,5,minecraft:polished_deepslate
10,0,5,minecraft:polished_deepslate
11,0,5,minecraft:polished_deepslate
12,0,5,minecraft:polished_deepslate
13,0,5,minecraft:polished_deepslate
14,0,5,minecraft:polished_deepslate
15,0,5,minecraft:polished_deepslate
16,0,5,minecraft:polished_deepslate
17,0,5,minecraft:polished_deepslate
18,0,5,minecraft:polished_deepslate
19,0,5,minecraft:polished_deepslate
20,0,5,minecraft:polished_deepslate
21,0,5,minecraft:polished_deepslate
22,0,5,minecraft:polished_deepslate
23,0,5,minecraft:polished_deepslate
24,0,5,minecraft:polished_deepslate
25,0,5,minecraft:polished_deepslate
26,0,5,minecraft:polished_deepslate
27,0,5,minecraft:polished_deepslate
28,0,5,minecraft:polished_deepslate
29,0,5,minecraft:polished_deepslate
30,0,5,minecraft:polished_deepslate
31,0,5,minecraft:polished_deepslate
32,0,5,minecraft:polished_deepslate
33,0,5,minecraft:polished_deepslate
34,0,5,minecraft:polished_deepslate
35,0,5,minecraft:polished_deepslate
36,0,5,minecraft:polished_deepslate
0,0,6,minecraft:polished_deepslate
1,0,6,minecraft:polished_deepslate
2,0,6,minecraft:polished_deepslate
3,0,6,minecraft:polished_deepslate
4,0,6,minecraft:polished_deepslate
5,0,6,minecraft:polished_deepslate
6,0,6,minecraft:polished_deepslate
7,0,6,minecraft:polished_deepslate
8,0,6,minecraft:polished_deepslate
9,0,6,minecraft:polished_deepslate
10,0,6,minecraft:polished_deepslate
11,0,6,minecraft:polished_deepslate
12,0,6,minecraft:polished_deepslate
13,0,6,minecraft:polished_deepslate
14,0,6,minecraft:polished_deepslate
15,0,6,minecraft:polished_deepslate
16,0,6,minecraft:polished_deepslate
17,0,6,minecraft:polished_deepslate
18,0,6,minecraft:polished_deepslate
19,0,6,minecraft:polished_deepslate
20,0,6,minecraft:polished_deepslate
21,0,6,minecraft:polished_deepslate
22,0,6,minecraft:polished_deepslate
23,0,6,minecraft:polished_deepslate
24,0,6,minecraft:polished_deepslate
25,0,6,minecraft:polished_deepslate
26,0,6,minecraft:polished_deepslate
27,0,6,minecraft:polished_deepslate
28,0,6,minecraft:polished_deepslate
29,0,6,minecraft:polished_deepslate
30,0,6,minecraft:polished_deepslate
31,0,6,minecraft:polished_deepslate
32,0,6,minecraft:polished_deepslate
33,0,6,minecraft:polished_deepslate
34,0,6,minecraft:polished_deepslate
35,0,6,minecraft:polished_deepslate
36,0,6,minecraft:polished_deepslate
0,0,7,minecraft:polished_deepslate
1,0,7,minecraft:polished_deepslate
2,0,7,minecraft:polished_deepslate
3,0,7,minecraft:polished_deepslate
4,0,7,minecraft:polished_deepslate
5,0,7,minecraft:polished_deepslate
6,0,7,minecraft:polished_deepslate
7,0,7,minecraft:polished_deepslate
8,0,7,minecraft:polished_deepslate
9,0,7,minecraft:polished_deepslate
10,0,7,minecraft:polished_deepslate
11,0,7,minecraft:polished_deepslate
12,0,7,minecraft:polished_deepslate
13,0,7,minecraft:polished_deepslate
14,0,7,minecraft:polished_deepslate
15,0,7,minecraft:polished_deepslate
16,0,7,minecraft:polished_deepslate
17,0,7,minecraft:polished_deepslate
18,0,7,minecraft:polished_deepslate
19,0,7,minecraft:polished_deepslate
20,0,7,minecraft:polished_deepslate
21,0,7,minecraft:polished_deepslate
22,0,7,minecraft:polished_deepslate
23,0,7,minecraft:polished_deepslate
24,0,7,minecraft:polished_deepslate
25,0,7,minecraft:polished_deepslate
26,0,7,minecraft:polished_deepslate
27,0,7,minecraft:polished_deepslate
28,0,7,minecraft:polished_deepslate
29,0,7,minecraft:polished_deepslate
30,0,7,minecraft:polished_deepslate
31,0,7,minecraft:polished_deepslate
32,0,7,minecraft:polished_deepslate
33,0,7,minecraft:polished_deepslate
34,0,7,minecraft:polished_deepslate
35,0,7,minecraft:polished_deepslate
36,0,7,minecraft:polished_deepslate
0,0,8,minecraft:polished_deepslate
1,0,8,minecraft:polished_deepslate
2,0,8,minecraft:polished_deepslate
3,0,8,minecraft:polished_deepslate
4,0,8,minecraft:polished_deepslate
5,0,8,minecraft:polished_deepslate
6,0,8,minecraft:polished_deepslate
7,0,8,minecraft:polished_deepslate
8,0,8,minecraft:polished_deepslate
9,0,8,minecraft:polished_deepslate
10,0,8,minecraft:polished_deepslate
11,0,8,minecraft:polished_deepslate
12,0,8,minecraft:polished_deepslate
13,0,8,minecraft:polished_deepslate
14,0,8,minecraft:polished_deepslate
15,0,8,minecraft:polished_deepslate
16,0,8,minecraft:polished_deepslate
17,0,8,minecraft:polished_deepslate
18,0,8,minecraft:polished_deepslate
19,0,8,minecraft:polished_deepslate
20,0,8,minecraft:polished_deepslate
21,0,8,minecraft:polished_deepslate
22,0,8,minecraft:polished_deepslate
23,0,8,minecraft:polished_deepslate
24,0,8,minecraft:polished_deepslate
25,0,8,minecraft:polished_deepslate
26,0,8,minecraft:polished_deepslate
27,0,8,minecraft:polished_deepslate
28,0,8,minecraft:polished_deepslate
29,0,8,minecraft:polished_deepslate
30,0,8,minecraft:polished_deepslate
31,0,8,minecraft:polished_deepslate
32,0,8,minecraft:polished_deepslate
33,0,8,minecraft:polished_deepslate
34,0,8,minecraft:polished_deepslate
35,0,8,minecraft:polished_deepslate
36,0,8,minecraft:polished_deepslate
0,0,9,minecraft:polished_deepslate
1,0,9,minecraft:polished_deepslate
2,0,9,minecraft:polished_deepslate
3,0,9,minecraft:polished_deepslate
4,0,9,minecraft:polished_deepslate
5,0,9,minecraft:polished_deepslate
6,0,9,minecraft:polished_deepslate
7,0,9,minecraft:polished_deepslate
8,0,9,minecraft:polished_deepslate
9,0,9,minecraft:polished_deepslate
10,0,9,minecraft:polished_deepslate
11,0,9,minecraft:polished_deepslate
12,0,9,minecraft:polished_deepslate
13,0,9,minecraft:polished_deepslate
14,0,9,minecraft:polished_deepslate
15,0,9,minecraft:polished_deepslate
16,0,9,minecraft:polished_deepslate
17,0,9,minecraft:polished_deepslate
18,0,9,minecraft:polished_deepslate
19,0,9,minecraft:polished_deepslate
20,0,9,minecraft:polished_deepslate
21,0,9,minecraft:polished_deepslate
22,0,9,minecraft:polished_deepslate
23,0,9,minecraft:polished_deepslate
24,0,9,minecraft:polished_deepslate
25,0,9,minecraft:polished_deepslate
26,0,9,minecraft:polished_deepslate
27,0,9,minecraft:polished_deepslate
28,0,9,minecraft:polished_deepslate
29,0,9,minecraft:polished_deepslate
30,0,9,minecraft:polished_deepslate
31,0,9,minecraft:polished_deepslate
32,0,9,minecraft:polished_deepslate
33,0,9,minecraft:polished_deepslate
34,0,9,minecraft:polished_deepslate
35,0,9,minecraft:polished_deepslate
36,0,9,minecraft:polished_deepslate
0,0,10,minecraft:polished_deepslate
1,0,10,minecraft:polished_deepslate
2,0,10,minecraft:polished_deepslate
3,0,10,minecraft:polished_deepslate
4,0,10,minecraft:polished_deepslate
5,0,10,minecraft:polished_deepslate
6,0,10,minecraft:polished_deepslate
7,0,10,minecraft:polished_deepslate
8,0,10,minecraft:polished_deepslate
9,0,10,minecraft:polished_deepslate
10,0,10,minecraft:polished_deepslate
11,0,10,minecraft:polished_deepslate
12,0,10,minecraft:polished_deepslate
13,0,10,minecraft:polished_deepslate
14,0,10,minecraft:polished_deepslate
15,0,10,minecraft:polished_deepslate
16,0,10,minecraft:polished_deepslate
17,0,10,minecraft:polished_deepslate
18,0,10,minecraft:polished_deepslate
19,0,10,minecraft:polished_deepslate
20,0,10,minecraft:polished_deepslate
21,0,10,minecraft:polished_deepslate
22,0,10,minecraft:polished_deepslate
23,0,10,minecraft:polished_deepslate
24,0,10,minecraft:polished_deepslate
25,0,10,minecraft:polished_deepslate
26,0,10,minecraft:polished_deepslate
27,0,10,minecraft:polished_deepslate
28,0,10,minecraft:polished_deepslate
29,0,10,minecraft:polished_deepslate
30,0,10,minecraft:polished_deepslate
31,0,10,minecraft:polished_deepslate
32,0,10,minecraft:polished_deepslate
33,0,10,minecraft:polished_deepslate
34,0,10,minecraft:polished_deepslate
35,0,10,minecraft:polished_deepslate
36,0,10,minecraft:polished_deepslate
0,0,11,minecraft:polished_deepslate
1,0,11,minecraft:polished_deepslate
2,0,11,minecraft:polished_deepslate
3,0,11,minecraft:polished_deepslate
4,0,11,minecraft:polished_deepslate
5,0,11,minecraft:polished_deepslate
6,0,11,minecraft:polished_deepslate
7,0,11,minecraft:polished_deepslate
8,0,11,minecraft:polished_deepslate
9,0,11,minecraft:polished_deepslate
10,0,11,minecraft:polished_deepslate
11,0,11,minecraft:polished_deepslate
12,0,11,minecraft:polished_deepslate
13,0,11,minecraft:polished_deepslate
14,0,11,minecraft:polished_deepslate
15,0,11,minecraft:polished_deepslate
16,0,11,minecraft:polished_deepslate
17,0,11,minecraft:polished_deepslate
18,0,11,minecraft:polished_deepslate
19,0,11,minecraft:polished_deepslate
20,0,11,minecraft:polished_deepslate
21,0,11,minecraft:polished_deepslate
22,0,11,minecraft:polished_deepslate
23,0,11,minecraft:polished_deepslate
24,0,11,minecraft:polished_deepslate
25,0,11,minecraft:polished_deepslate
26,0,11,minecraft:polished_deepslate
27,0,11,minecraft:polished_deepslate
28,0,11,minecraft:polished_deepslate
29,0,11,minecraft:polished_deepslate
30,0,11,minecraft:polished_deepslate
31,0,11,minecraft:polished_deepslate
32,0,11,minecraft:polished_deepslate
33,0,11,minecraft:polished_deepslate
34,0,11,minecraft:polished_deepslate
35,0,11,minecraft:polished_deepslate
36,0,11,minecraft:polished_deepslate
0,0,12,minecraft:polished_deepslate
1,0,12,minecraft:polished_deepslate
2,0,12,minecraft:polished_deepslate
3,0,12,minecraft:polished_deepslate
4,0,12,minecraft:polished_deepslate
5,0,12,minecraft:polished_deepslate
6,0,12,minecraft:polished_deepslate
7,0,12,minecraft:polished_deepslate
8,0,12,minecraft:polished_deepslate
9,0,12,minecraft:polished_deepslate
10,0,12,minecraft:polished_deepslate
11,0,12,minecraft:polished_deepslate
12,0,12,minecraft:polished_deepslate
13,0,12,minecraft:polished_deepslate
14,0,12,minecraft:polished_deepslate
15,0,12,minecraft:polished_deepslate
16,0,12,minecraft:polished_deepslate
17,0,12,minecraft:polished_deepslate
18,0,12,minecraft:polished_deepslate
19,0,12,minecraft:polished_deepslate
20,0,12,minecraft:polished_deepslate
21,0,12,minecraft:polished_deepslate
22,0,12,minecraft:polished_deepslate
23,0,12,minecraft:polished_deepslate
24,0,12,minecraft:polished_deepslate
25,0,12,minecraft:polished_deepslate
26,0,12,minecraft:polished_deepslate
27,0,12,minecraft:polished_deepslate
28,0,12,minecraft:polished_deepslate
29,0,12,minecraft:polished_deepslate
30,0,12,minecraft:polished_deepslate
31,0,12,minecraft:polished_deepslate
32,0,12,minecraft:polished_deepslate
33,0,12,minecraft:polished_deepslate
34,0,12,minecraft:polished_deepslate
35,0,12,minecraft:polished_deepslate
36,0,12,minecraft:polished_deepslate
0,0,13,minecraft:polished_deepslate
1,0,13,minecraft:polished_deepslate
2,0,13,minecraft:polished_deepslate
3,0,13,minecraft:polished_deepslate
4,0,13,minecraft:polished_deepslate
5,0,13,minecraft:polished_deepslate
6,0,13,minecraft:polished_deepslate
7,0,13,minecraft:polished_deepslate
8,0,13,minecraft:polished_deepslate
9,0,13,minecraft:polished_deepslate
10,0,13,minecraft:polished_deepslate
11,0,13,minecraft:polished_deepslate
12,0,13,minecraft:polished_deepslate
13,0,13,minecraft:polished_deepslate
14,0,13,minecraft:polished_deepslate
15,0,13,minecraft:polished_deepslate
16,0,13,minecraft:polished_deepslate
17,0,13,minecraft:polished_deepslate
18,0,13,minecraft:polished_deepslate
19,0,13,minecraft:polished_deepslate
20,0,13,minecraft:polished_deepslate
21,0,13,minecraft:polished_deepslate
22,0,13,minecraft:polished_deepslate
23,0,13,minecraft:polished_deepslate
24,0,13,minecraft:polished_deepslate
25,0,13,minecraft:polished_deepslate
26,0,13,minecraft:polished_deepslate
27,0,13,minecraft:polished_deepslate
28,0,13,minecraft:polished_deepslate
29,0,13,minecraft:polished_deepslate
30,0,13,minecraft:polished_deepslate
31,0,13,minecraft:polished_deepslate
32,0,13,minecraft:polished_deepslate
33,0,13,minecraft:polished_deepslate
34,0,13,minecraft:polished_deepslate
35,0,13,minecraft:polished_deepslate
36,0,13,minecraft:polished_deepslate
0,0,14,minecraft:polished_deepslate
1,0,14,minecraft:polished_deepslate
2,0,14,minecraft:polished_deepslate
3,0,14,minecraft:polished_deepslate
4,0,14,minecraft:polished_deepslate
5,0,14,minecraft:polished_deepslate
6,0,14,minecraft:polished_deepslate
7,0,14,minecraft:polished_deepslate
8,0,14,minecraft:polished_deepslate
9,0,14,minecraft:polished_deepslate
10,0,14,minecraft:polished_deepslate
11,0,14,minecraft:polished_deepslate
12,0,14,minecraft:polished_deepslate
13,0,14,minecraft:polished_deepslate
14,0,14,minecraft:polished_deepslate
15,0,14,minecraft:polished_deepslate
16,0,14,minecraft:polished_deepslate
17,0,14,minecraft:polished_deepslate
18,0,14,minecraft:polished_deepslate
19,0,14,minecraft:polished_deepslate
20,0,14,minecraft:polished_deepslate
21,0,14,minecraft:polished_deepslate
22,0,14,minecraft:polished_deepslate
23,0,14,minecraft:polished_deepslate
24,0,14,minecraft:polished_deepslate
25,0,14,minecraft:polished_deepslate
26,0,14,minecraft:polished_deepslate
27,0,14,minecraft:polished_deepslate
28,0,14,minecraft:polished_deepslate
29,0,14,minecraft:polished_deepslate
30,0,14,minecraft:polished_deepslate
31,0,14,minecraft:polished_deepslate
32,0,14,minecraft:polished_deepslate
33,0,14,minecraft:polished_deepslate
34,0,14,minecraft:polished_deepslate
35,0,14,minecraft:polished_deepslate
36,0,14,minecraft:polished_deepslate
0,0,15,minecraft:polished_deepslate
1,0,15,minecraft:polished_deepslate
2,0,15,minecraft:polished_deepslate
3,0,15,minecraft:polished_deepslate
4,0,15,minecraft:polished_deepslate
5,0,15,minecraft:polished_deepslate
6,0,15,minecraft:polished_deepslate
7,0,15,minecraft:polished_deepslate
8,0,15,minecraft:polished_deepslate
9,0,15,minecraft:polished_deepslate
10,0,15,minecraft:polished_deepslate
11,0,15,minecraft:polished_deepslate
12,0,15,minecraft:polished_deepslate
13,0,15,minecraft:polished_deepslate
14,0,15,minecraft:polished_deepslate
15,0,15,minecraft:polished_deepslate
16,0,15,minecraft:polished_deepslate
17,0,15,minecraft:polished_deepslate
18,0,15,minecraft:polished_deepslate
19,0,15,minecraft:polished_deepslate
20,0,15,minecraft:polished_deepslate
21,0,15,minecraft:polished_deepslate
22,0,15,minecraft:polished_deepslate
23,0,15,minecraft:polished_deepslate
24,0,15,minecraft:polished_deepslate
25,0,15,minecraft:polished_deepslate
26,0,15,minecraft:polished_deepslate
27,0,15,minecraft:polished_deepslate
28,0,15,minecraft:polished_deepslate
29,0,15,minecraft:polished_deepslate
30,0,15,minecraft:polished_deepslate
31,0,15,minecraft:polished_deepslate
32,0,15,minecraft:polished_deepslate
33,0,15,minecraft:polished_deepslate
34,0,15,minecraft:polished_deepslate
35,0,15,minecraft:polished_deepslate
36,0,15,minecraft:polished_deepslate
0,0,16,minecraft:polished_deepslate
1,0,16,minecraft:polished_deepslate
2,0,16,minecraft:polished_deepslate
3,0,16,minecraft:polished_deepslate
4,0,16,minecraft:polished_deepslate
5,0,16,minecraft:polished_deepslate
6,0,16,minecraft:polished_deepslate
7,0,16,minecraft:polished_deepslate
8,0,16,minecraft:polished_deepslate
9,0,16,minecraft:polished_deepslate
10,0,16,minecraft:polished_deepslate
11,0,16,minecraft:polished_deepslate
12,0,16,minecraft:polished_deepslate
13,0,16,minecraft:polished_deepslate
14,0,16,minecraft:polished_deepslate
15,0,16,minecraft:polished_deepslate
16,0,16,minecraft:polished_deepslate
17,0,16,minecraft:polished_deepslate
18,0,16,minecraft:polished_deepslate
19,0,16,minecraft:polished_deepslate
20,0,16,minecraft:polished_deepslate
21,0,16,minecraft:polished_deepslate
22,0,16,minecraft:polished_deepslate
23,0,16,minecraft:polished_deepslate
24,0,16,minecraft:polished_deepslate
25,0,16,minecraft:polished_deepslate
26,0,16,minecraft:polished_deepslate
27,0,16,minecraft:polished_deepslate
28,0,16,minecraft:polished_deepslate
29,0,16,minecraft:polished_deepslate
30,0,16,minecraft:polished_deepslate
31,0,16,minecraft:polished_deepslate
32,0,16,minecraft:polished_deepslate
33,0,16,minecraft:polished_deepslate
34,0,16,minecraft:polished_deepslate
35,0,16,minecraft:polished_deepslate
36,0,16,minecraft:polished_deepslate
0,0,17,minecraft:polished_deepslate
1,0,17,minecraft:polished_deepslate
2,0,17,minecraft:polished_deepslate
3,0,17,minecraft:polished_deepslate
4,0,17,minecraft:polished_deepslate
5,0,17,minecraft:polished_deepslate
6,0,17,minecraft:polished_deepslate
7,0,17,minecraft:polished_deepslate
8,0,17,minecraft:polished_deepslate
9,0,17,minecraft:polished_deepslate
10,0,17,minecraft:polished_deepslate
11,0,17,minecraft:polished_deepslate
12,0,17,minecraft:polished_deepslate
13,0,17,minecraft:polished_deepslate
14,0,17,minecraft:polished_deepslate
15,0,17,minecraft:polished_deepslate
16,0,17,minecraft:polished_deepslate
17,0,17,minecraft:polished_deepslate
18,0,17,minecraft:polished_deepslate
19,0,17,minecraft:polished_deepslate
20,0,17,minecraft:polished_deepslate
21,0,17,minecraft:polished_deepslate
22,0,17,minecraft:polished_deepslate
23,0,17,minecraft:polished_deepslate
24,0,17,minecraft:polished_deepslate
25,0,17,minecraft:polished_deepslate
26,0,17,minecraft:polished_deepslate
27,0,17,minecraft:polished_deepslate
28,0,17,minecraft:polished_deepslate
29,0,17,minecraft:polished_deepslate
30,0,17,minecraft:polished_deepslate
31,0,17,minecraft:polished_deepslate
32,0,17,minecraft:polished_deepslate
33,0,17,minecraft:polished_deepslate
34,0,17,minecraft:polished_deepslate
35,0,17,minecraft:polished_deepslate
36,0,17,minecraft:polished_deepslate
0,0,18,minecraft:polished_deepslate
1,0,18,minecraft:polished_deepslate
2,0,18,minecraft:polished_deepslate
3,0,18,minecraft:polished_deepslate
4,0,18,minecraft:polished_deepslate
5,0,18,minecraft:polished_deepslate
6,0,18,minecraft:polished_deepslate
7,0,18,minecraft:polished_deepslate
8,0,18,minecraft:polished_deepslate
9,0,18,minecraft:polished_deepslate
10,0,18,minecraft:polished_deepslate
11,0,18,minecraft:polished_deepslate
12,0,18,minecraft:polished_deepslate
13,0,18,minecraft:polished_deepslate
14,0,18,minecraft:polished_deepslate
15,0,18,minecraft:polished_deepslate
16,0,18,minecraft:polished_deepslate
17,0,18,minecraft:polished_deepslate
18,0,18,minecraft:polished_deepslate
19,0,18,minecraft:polished_deepslate
20,0,18,minecraft:polished_deepslate
21,0,18,minecraft:polished_deepslate
22,0,18,minecraft:polished_deepslate
23,0,18,minecraft:polished_deepslate
24,0,18,minecraft:polished_deepslate
25,0,18,minecraft:polished_deepslate
26,0,18,minecraft:polished_deepslate
27,0,18,minecraft:polished_deepslate
28,0,18,minecraft:polished_deepslate
29,0,18,minecraft:polished_deepslate
30,0,18,minecraft:polished_deepslate
31,0,18,minecraft:polished_deepslate
32,0,18,minecraft:polished_deepslate
33,0,18,minecraft:polished_deepslate
34,0,18,minecraft:polished_deepslate
35,0,18,minecraft:polished_deepslate
36,0,18,minecraft:polished_deepslate
0,0,19,minecraft:polished_deepslate
1,0,19,minecraft:polished_deepslate
2,0,19,minecraft:polished_deepslate
3,0,19,minecraft:polished_deepslate
4,0,19,minecraft:polished_deepslate
5,0,19,minecraft:polished_deepslate
6,0,19,minecraft:polished_deepslate
7,0,19,minecraft:polished_deepslate
8,0,19,minecraft:polished_deepslate
9,0,19,minecraft:polished_deepslate
10,0,19,minecraft:polished_deepslate
11,0,19,minecraft:polished_deepslate
12,0,19,minecraft:polished_deepslate
13,0,19,minecraft:polished_deepslate
14,0,19,minecraft:polished_deepslate
15,0,19,minecraft:polished_deepslate
16,0,19,minecraft:polished_deepslate
17,0,19,minecraft:polished_deepslate
18,0,19,minecraft:polished_deepslate
19,0,19,minecraft:polished_deepslate
20,0,19,minecraft:polished_deepslate
21,0,19,minecraft:polished_deepslate
22,0,19,minecraft:polished_deepslate
23,0,19,minecraft:polished_deepslate
24,0,19,minecraft:polished_deepslate
25,0,19,minecraft:polished_deepslate
26,0,19,minecraft:polished_deepslate
27,0,19,minecraft:polished_deepslate
28,0,19,minecraft:polished_deepslate
29,0,19,minecraft:polished_deepslate
30,0,19,minecraft:polished_deepslate
31,0,19,minecraft:polished_deepslate
32,0,19,minecraft:polished_deepslate
33,0,19,minecraft:polished_deepslate
34,0,19,minecraft:polished_deepslate
35,0,19,minecraft:polished_deepslate
36,0,19,minecraft:polished_deepslate
0,0,20,minecraft:polished_deepslate
1,0,20,minecraft:polished_deepslate
2,0,20,minecraft:polished_deepslate
3,0,20,minecraft:polished_deepslate
4,0,20,minecraft:polished_deepslate
5,0,20,minecraft:polished_deepslate
6,0,20,minecraft:polished_deepslate
7,0,20,minecraft:polished_deepslate
8,0,20,minecraft:polished_deepslate
9,0,20,minecraft:polished_deepslate
10,0,20,minecraft:polished_deepslate
11,0,20,minecraft:polished_deepslate
12,0,20,minecraft:polished_deepslate
13,0,20,minecraft:polished_deepslate
14,0,20,minecraft:polished_deepslate
15,0,20,minecraft:polished_deepslate
16,0,20,minecraft:polished_deepslate
17,0,20,minecraft:polished_deepslate
18,0,20,minecraft:polished_deepslate
19,0,20,minecraft:polished_deepslate
20,0,20,minecraft:polished_deepslate
21,0,20,minecraft:polished_deepslate
22,0,20,minecraft:polished_deepslate
23,0,20,minecraft:polished_deepslate
24,0,20,minecraft:polished_deepslate
25,0,20,minecraft:polished_deepslate
26,0,20,minecraft:polished_deepslate
27,0,20,minecraft:polished_deepslate
28,0,20,minecraft:polished_deepslate
29,0,20,minecraft:polished_deepslate
30,0,20,minecraft:polished_deepslate
31,0,20,minecraft:polished_deepslate
32,0,20,minecraft:polished_deepslate
33,0,20,minecraft:polished_deepslate
34,0,20,minecraft:polished_deepslate
35,0,20,minecraft:polished_deepslate
36,0,20,minecraft:polished_deepslate
0,0,21,minecraft:polished_deepslate
1,0,21,minecraft:polished_deepslate
2,0,21,minecraft:polished_deepslate
3,0,21,minecraft:polished_deepslate
4,0,21,minecraft:polished_deepslate
5,0,21,minecraft:polished_deepslate
6,0,21,minecraft:polished_deepslate
7,0,21,minecraft:polished_deepslate
8,0,21,minecraft:polished_deepslate
9,0,21,minecraft:polished_deepslate
10,0,21,minecraft:polished_deepslate
11,0,21,minecraft:polished_deepslate
12,0,21,minecraft:polished_deepslate
13,0,21,minecraft:polished_deepslate
14,0,21,minecraft:polished_deepslate
15,0,21,minecraft:polished_deepslate
16,0,21,minecraft:polished_deepslate
17,0,21,minecraft:polished_deepslate
18,0,21,minecraft:polished_deepslate
19,0,21,minecraft:polished_deepslate
20,0,21,minecraft:polished_deepslate
21,0,21,minecraft:polished_deepslate
22,0,21,minecraft:polished_deepslate
23,0,21,minecraft:polished_deepslate
24,0,21,minecraft:polished_deepslate
25,0,21,minecraft:polished_deepslate
26,0,21,minecraft:polished_deepslate
27,0,21,minecraft:polished_deepslate
28,0,21,minecraft:polished_deepslate
29,0,21,minecraft:polished_deepslate
30,0,21,minecraft:polished_deepslate
31,0,21,minecraft:polished_deepslate
32,0,21,minecraft:polished_deepslate
33,0,21,minecraft:polished_deepslate
34,0,21,minecraft:polished_deepslate
35,0,21,minecraft:polished_deepslate
36,0,21,minecraft:polished_deepslate
0,0,22,minecraft:polished_deepslate
1,0,22,minecraft:polished_deepslate
2,0,22,minecraft:polished_deepslate
3,0,22,minecraft:polished_deepslate
4,0,22,minecraft:polished_deepslate
5,0,22,minecraft:polished_deepslate
6,0,22,minecraft:polished_deepslate
7,0,22,minecraft:polished_deepslate
8,0,22,minecraft:polished_deepslate
9,0,22,minecraft:polished_deepslate
10,0,22,minecraft:polished_deepslate
11,0,22,minecraft:polished_deepslate
12,0,22,minecraft:polished_deepslate
13,0,22,minecraft:polished_deepslate
14,0,22,minecraft:polished_deepslate
15,0,22,minecraft:polished_deepslate
16,0,22,minecraft:polished_deepslate
17,0,22,minecraft:polished_deepslate
18,0,22,minecraft:polished_deepslate
19,0,22,minecraft:polished_deepslate
20,0,22,minecraft:polished_deepslate
21,0,22,minecraft:polished_deepslate
22,0,22,minecraft:polished_deepslate
23,0,22,minecraft:polished_deepslate
24,0,22,minecraft:polished_deepslate
25,0,22,minecraft:polished_deepslate
26,0,22,minecraft:polished_deepslate
27,0,22,minecraft:polished_deepslate
28,0,22,minecraft:polished_deepslate
29,0,22,minecraft:polished_deepslate
30,0,22,minecraft:polished_deepslate
31,0,22,minecraft:polished_deepslate
32,0,22,minecraft:polished_deepslate
33,0,22,minecraft:polished_deepslate
34,0,22,minecraft:polished_deepslate
35,0,22,minecraft:polished_deepslate
36,0,22,minecraft:polished_deepslate
0,0,23,minecraft:polished_deepslate
1,0,23,minecraft:polished_deepslate
2,0,23,minecraft:polished_deepslate
3,0,23,minecraft:polished_deepslate
4,0,23,minecraft:polished_deepslate
5,0,23,minecraft:polished_deepslate
6,0,23,minecraft:polished_deepslate
7,0,23,minecraft:polished_deepslate
8,0,23,minecraft:polished_deepslate
9,0,23,minecraft:polished_deepslate
10,0,23,minecraft:polished_deepslate
11,0,23,minecraft:polished_deepslate
12,0,23,minecraft:polished_deepslate
13,0,23,minecraft:polished_deepslate
14,0,23,minecraft:polished_deepslate
15,0,23,minecraft:polished_deepslate
16,0,23,minecraft:polished_deepslate
17,0,23,minecraft:polished_deepslate
18,0,23,minecraft:polished_deepslate
19,0,23,minecraft:polished_deepslate
20,0,23,minecraft:polished_deepslate
21,0,23,minecraft:polished_deepslate
22,0,23,minecraft:polished_deepslate
23,0,23,minecraft:polished_deepslate
24,0,23,minecraft:polished_deepslate
25,0,23,minecraft:polished_deepslate
26,0,23,minecraft:polished_deepslate
27,0,23,minecraft:polished_deepslate
28,0,23,minecraft:polished_deepslate
29,0,23,minecraft:polished_deepslate
30,0,23,minecraft:polished_deepslate
31,0,23,minecraft:polished_deepslate
32,0,23,minecraft:polished_deepslate
33,0,23,minecraft:polished_deepslate
34,0,23,minecraft:polished_deepslate
35,0,23,minecraft:polished_deepslate
36,0,23,minecraft:polished_deepslate
0,0,24,minecraft:polished_deepslate
1,0,24,minecraft:polished_deepslate
2,0,24,minecraft:polished_deepslate
3,0,24,minecraft:polished_deepslate
4,0,24,minecraft:polished_deepslate
5,0,24,minecraft:polished_deepslate
6,0,24,minecraft:polished_deepslate
7,0,24,minecraft:polished_deepslate
8,0,24,minecraft:polished_deepslate
9,0,24,minecraft:polished_deepslate
10,0,24,minecraft:polished_deepslate
11,0,24,minecraft:polished_deepslate
12,0,24,minecraft:polished_deepslate
13,0,24,minecraft:polished_deepslate
14,0,24,minecraft:polished_deepslate
15,0,24,minecraft:polished_deepslate
16,0,24,minecraft:polished_deepslate
17,0,24,minecraft:polished_deepslate
18,0,24,minecraft:polished_deepslate
19,0,24,minecraft:polished_deepslate
20,0,24,minecraft:polished_deepslate
21,0,24,minecraft:polished_deepslate
22,0,24,minecraft:polished_deepslate
23,0,24,minecraft:polished_deepslate
24,0,24,minecraft:polished_deepslate
25,0,24,minecraft:polished_deepslate
26,0,24,minecraft:polished_deepslate
27,0,24,minecraft:polished_deepslate
28,0,24,minecraft:polished_deepslate
29,0,24,minecraft:polished_deepslate
30,0,24,minecraft:polished_deepslate
31,0,24,minecraft:polished_deepslate
32,0,24,minecraft:polished_deepslate
33,0,24,minecraft:polished_deepslate
34,0,24,minecraft:polished_deepslate
35,0,24,minecraft:polished_deepslate
36,0,24,minecraft:polished_deepslate
0,0,25,minecraft:polished_deepslate
1,0,25,minecraft:polished_deepslate
2,0,25,minecraft:polished_deepslate
3,0,25,minecraft:polished_deepslate
4,0,25,minecraft:polished_deepslate
5,0,25,minecraft:polished_deepslate
6,0,25,minecraft:polished_deepslate
7,0,25,minecraft:polished_deepslate
8,0,25,minecraft:polished_deepslate
9,0,25,minecraft:polished_deepslate
10,0,25,minecraft:polished_deepslate
11,0,25,minecraft:polished_deepslate
12,0,25,minecraft:polished_deepslate
13,0,25,minecraft:polished_deepslate
14,0,25,minecraft:polished_deepslate
15,0,25,minecraft:polished_deepslate
16,0,25,minecraft:polished_deepslate
17,0,25,minecraft:polished_deepslate
18,0,25,minecraft:polished_deepslate
19,0,25,minecraft:polished_deepslate
20,0,25,minecraft:polished_deepslate
21,0,25,minecraft:polished_deepslate
22,0,25,minecraft:polished_deepslate
23,0,25,minecraft:polished_deepslate
24,0,25,minecraft:polished_deepslate
25,0,25,minecraft:polished_deepslate
26,0,25,minecraft:polished_deepslate
27,0,25,minecraft:polished_deepslate
28,0,25,minecraft:polished_deepslate
29,0,25,minecraft:polished_deepslate
30,0,25,minecraft:polished_deepslate
31,0,25,minecraft:polished_deepslate
32,0,25,minecraft:polished_deepslate
33,0,25,minecraft:polished_deepslate
34,0,25,minecraft:polished_deepslate
35,0,25,minecraft:polished_deepslate
36,0,25,minecraft:polished_deepslate
0,0,26,minecraft:polished_deepslate
1,0,26,minecraft:polished_deepslate
2,0,26,minecraft:polished_deepslate
3,0,26,minecraft:polished_deepslate
4,0,26,minecraft:polished_deepslate
5,0,26,minecraft:polished_deepslate
6,0,26,minecraft:polished_deepslate
7,0,26,minecraft:polished_deepslate
8,0,26,minecraft:polished_deepslate
9,0,26,minecraft:polished_deepslate
10,0,26,minecraft:polished_deepslate
11,0,26,minecraft:polished_deepslate
12,0,26,minecraft:polished_deepslate
13,0,26,minecraft:polished_deepslate
14,0,26,minecraft:polished_deepslate
15,0,26,minecraft:polished_deepslate
16,0,26,minecraft:polished_deepslate
17,0,26,minecraft:polished_deepslate
18,0,26,minecraft:polished_deepslate
19,0,26,minecraft:polished_deepslate
20,0,26,minecraft:polished_deepslate
21,0,26,minecraft:polished_deepslate
22,0,26,minecraft:polished_deepslate
23,0,26,minecraft:polished_deepslate
24,0,26,minecraft:polished_deepslate
25,0,26,minecraft:polished_deepslate
26,0,26,minecraft:polished_deepslate
27,0,26,minecraft:polished_deepslate
28,0,26,minecraft:polished_deepslate
29,0,26,minecraft:polished_deepslate
30,0,26,minecraft:polished_deepslate
31,0,26,minecraft:polished_deepslate
32,0,26,minecraft:polished_deepslate
33,0,26,minecraft:polished_deepslate
34,0,26,minecraft:polished_deepslate
35,0,26,minecraft:polished_deepslate
36,0,26,minecraft:polished_deepslate
0,0,27,minecraft:polished_deepslate
1,0,27,minecraft:polished_deepslate
2,0,27,minecraft:polished_deepslate
3,0,27,minecraft:polished_deepslate
4,0,27,minecraft:polished_deepslate
5,0,27,minecraft:polished_deepslate
6,0,27,minecraft:polished_deepslate
7,0,27,minecraft:polished_deepslate
8,0,27,minecraft:polished_deepslate
9,0,27,minecraft:polished_deepslate
10,0,27,minecraft:polished_deepslate
11,0,27,minecraft:polished_deepslate
12,0,27,minecraft:polished_deepslate
13,0,27,minecraft:polished_deepslate
14,0,27,minecraft:polished_deepslate
15,0,27,minecraft:polished_deepslate
16,0,27,minecraft:polished_deepslate
17,0,27,minecraft:polished_deepslate
18,0,27,minecraft:polished_deepslate
19,0,27,minecraft:polished_deepslate
20,0,27,minecraft:polished_deepslate
21,0,27,minecraft:polished_deepslate
22,0,27,minecraft:polished_deepslate
23,0,27,minecraft:polished_deepslate
24,0,27,minecraft:polished_deepslate
25,0,27,minecraft:polished_deepslate
26,0,27,minecraft:polished_deepslate
27,0,27,minecraft:polished_deepslate
28,0,27,minecraft:polished_deepslate
29,0,27,minecraft:polished_deepslate
30,0,27,minecraft:polished_deepslate
31,0,27,minecraft:polished_deepslate
32,0,27,minecraft:polished_deepslate
33,0,27,minecraft:polished_deepslate
34,0,27,minecraft:polished_deepslate
35,0,27,minecraft:polished_deepslate
36,0,27,minecraft:polished_deepslate
0,0,28,minecraft:polished_deepslate
1,0,28,minecraft:polished_deepslate
2,0,28,minecraft:polished_deepslate
3,0,28,minecraft:polished_deepslate
4,0,28,minecraft:polished_deepslate
5,0,28,minecraft:polished_deepslate
6,0,28,minecraft:polished_deepslate
7,0,28,minecraft:polished_deepslate
8,0,28,minecraft:polished_deepslate
9,0,28,minecraft:polished_deepslate
10,0,28,minecraft:polished_deepslate
11,0,28,minecraft:polished_deepslate
12,0,28,minecraft:polished_deepslate
13,0,28,minecraft:polished_deepslate
14,0,28,minecraft:polished_deepslate
15,0,28,minecraft:polished_deepslate
16,0,28,minecraft:polished_deepslate
17,0,28,minecraft:polished_deepslate
18,0,28,minecraft:polished_deepslate
19,0,28,minecraft:polished_deepslate
20,0,28,minecraft:polished_deepslate
21,0,28,minecraft:polished_deepslate
22,0,28,minecraft:polished_deepslate
23,0,28,minecraft:polished_deepslate
24,0,28,minecraft:polished_deepslate
25,0,28,minecraft:polished_deepslate
26,0,28,minecraft:polished_deepslate
27,0,28,minecraft:polished_deepslate
28,0,28,minecraft:polished_deepslate
29,0,28,minecraft:polished_deepslate
30,0,28,minecraft:polished_deepslate
31,0,28,minecraft:polished_deepslate
32,0,28,minecraft:polished_deepslate
33,0,28,minecraft:polished_deepslate
34,0,28,minecraft:polished_deepslate
35,0,28,minecraft:polished_deepslate
36,0,28,minecraft:polished_deepslate
0,0,29,minecraft:polished_deepslate
1,0,29,minecraft:polished_deepslate
2,0,29,minecraft:polished_deepslate
3,0,29,minecraft:polished_deepslate
4,0,29,minecraft:polished_deepslate
5,0,29,minecraft:polished_deepslate
6,0,29,minecraft:polished_deepslate
7,0,29,minecraft:polished_deepslate
8,0,29,minecraft:polished_deepslate
9,0,29,minecraft:polished_deepslate
10,0,29,minecraft:polished_deepslate
11,0,29,minecraft:polished_deepslate
12,0,29,minecraft:polished_deepslate
13,0,29,minecraft:polished_deepslate
14,0,29,minecraft:polished_deepslate
15,0,29,minecraft:polished_deepslate
16,0,29,minecraft:polished_deepslate
17,0,29,minecraft:polished_deepslate
18,0,29,minecraft:polished_deepslate
19,0,29,minecraft:polished_deepslate
20,0,29,minecraft:polished_deepslate
21,0,29,minecraft:polished_deepslate
22,0,29,minecraft:polished_deepslate
23,0,29,minecraft:polished_deepslate
24,0,29,minecraft:polished_deepslate
25,0,29,minecraft:polished_deepslate
26,0,29,minecraft:polished_deepslate
27,0,29,minecraft:polished_deepslate
28,0,29,minecraft:polished_deepslate
29,0,29,minecraft:polished_deepslate
30,0,29,minecraft:polished_deepslate
31,0,29,minecraft:polished_deepslate
32,0,29,minecraft:polished_deepslate
33,0,29,minecraft:polished_deepslate
34,0,29,minecraft:polished_deepslate
35,0,29,minecraft:polished_deepslate
36,0,29,minecraft:polished_deepslate
0,0,30,minecraft:polished_deepslate
1,0,30,minecraft:polished_deepslate
2,0,30,minecraft:polished_deepslate
3,0,30,minecraft:polished_deepslate
4,0,30,minecraft:polished_deepslate
5,0,30,minecraft:polished_deepslate
6,0,30,minecraft:polished_deepslate
7,0,30,minecraft:polished_deepslate
8,0,30,minecraft:polished_deepslate
9,0,30,minecraft:polished_deepslate
10,0,30,minecraft:polished_deepslate
11,0,30,minecraft:polished_deepslate
12,0,30,minecraft:polished_deepslate
13,0,30,minecraft:polished_deepslate
14,0,30,minecraft:polished_deepslate
15,0,30,minecraft:polished_deepslate
16,0,30,minecraft:polished_deepslate
17,0,30,minecraft:polished_deepslate
18,0,30,minecraft:polished_deepslate
19,0,30,minecraft:polished_deepslate
20,0,30,minecraft:polished_deepslate
21,0,30,minecraft:polished_deepslate
22,0,30,minecraft:polished_deepslate
23,0,30,minecraft:polished_deepslate
24,0,30,minecraft:polished_deepslate
25,0,30,minecraft:polished_deepslate
26,0,30,minecraft:polished_deepslate
27,0,30,minecraft:polished_deepslate
28,0,30,minecraft:polished_deepslate
29,0,30,minecraft:polished_deepslate
30,0,30,minecraft:polished_deepslate
31,0,30,minecraft:polished_deepslate
32,0,30,minecraft:polished_deepslate
33,0,30,minecraft:polished_deepslate
34,0,30,minecraft:polished_deepslate
35,0,30,minecraft:polished_deepslate
36,0,30,minecraft:polished_deepslate
0,0,31,minecraft:polished_deepslate
1,0,31,minecraft:polished_deepslate
2,0,31,minecraft:polished_deepslate
3,0,31,minecraft:polished_deepslate
4,0,31,minecraft:polished_deepslate
5,0,31,minecraft:polished_deepslate
6,0,31,minecraft:polished_deepslate
7,0,31,minecraft:polished_deepslate
8,0,31,minecraft:polished_deepslate
9,0,31,minecraft:polished_deepslate
10,0,31,minecraft:polished_deepslate
11,0,31,minecraft:polished_deepslate
12,0,31,minecraft:polished_deepslate
13,0,31,minecraft:polished_deepslate
14,0,31,minecraft:polished_deepslate
15,0,31,minecraft:polished_deepslate
16,0,31,minecraft:polished_deepslate
17,0,31,minecraft:polished_deepslate
18,0,31,minecraft:polished_deepslate
19,0,31,minecraft:polished_deepslate
20,0,31,minecraft:polished_deepslate
21,0,31,minecraft:polished_deepslate
22,0,31,minecraft:polished_deepslate
23,0,31,minecraft:polished_deepslate
24,0,31,minecraft:polished_deepslate
25,0,31,minecraft:polished_deepslate
26,0,31,minecraft:polished_deepslate
27,0,31,minecraft:polished_deepslate
28,0,31,minecraft:polished_deepslate
29,0,31,minecraft:polished_deepslate
30,0,31,minecraft:polished_deepslate
31,0,31,minecraft:polished_deepslate
32,0,31,minecraft:polished_deepslate
33,0,31,minecraft:polished_deepslate
34,0,31,minecraft:polished_deepslate
35,0,31,minecraft:polished_deepslate
36,0,31,minecraft:polished_deepslate
0,0,32,minecraft:polished_deepslate
1,0,32,minecraft:polished_deepslate
2,0,32,minecraft:polished_deepslate
3,0,32,minecraft:polished_deepslate
4,0,32,minecraft:polished_deepslate
5,0,32,minecraft:polished_deepslate
6,0,32,minecraft:polished_deepslate
7,0,32,minecraft:polished_deepslate
8,0,32,minecraft:polished_deepslate
9,0,32,minecraft:polished_deepslate
10,0,32,minecraft:polished_deepslate
11,0,32,minecraft:polished_deepslate
12,0,32,minecraft:polished_deepslate
13,0,32,minecraft:polished_deepslate
14,0,32,minecraft:polished_deepslate
15,0,32,minecraft:polished_deepslate
16,0,32,minecraft:polished_deepslate
17,0,32,minecraft:polished_deepslate
18,0,32,minecraft:polished_deepslate
19,0,32,minecraft:polished_deepslate
20,0,32,minecraft:polished_deepslate
21,0,32,minecraft:polished_deepslate
22,0,32,minecraft:polished_deepslate
23,0,32,minecraft:polished_deepslate
24,0,32,minecraft:polished_deepslate
25,0,32,minecraft:polished_deepslate
26,0,32,minecraft:polished_deepslate
27,0,32,minecraft:polished_deepslate
28,0,32,minecraft:polished_deepslate
29,0,32,minecraft:polished_deepslate
30,0,32,minecraft:polished_deepslate
31,0,32,minecraft:polished_deepslate
32,0,32,minecraft:polished_deepslate
33,0,32,minecraft:polished_deepslate
34,0,32,minecraft:polished_deepslate
35,0,32,minecraft:polished_deepslate
36,0,32,minecraft:polished_deepslate
0,0,33,minecraft:polished_deepslate
1,0,33,minecraft:polished_deepslate
2,0,33,minecraft:polished_deepslate
3,0,33,minecraft:polished_deepslate
4,0,33,minecraft:polished_deepslate
5,0,33,minecraft:polished_deepslate
6,0,33,minecraft:polished_deepslate
7,0,33,minecraft:polished_deepslate
8,0,33,minecraft:polished_deepslate
9,0,33,minecraft:polished_deepslate
10,0,33,minecraft:polished_deepslate
11,0,33,minecraft:polished_deepslate
12,0,33,minecraft:polished_deepslate
13,0,33,minecraft:polished_deepslate
14,0,33,minecraft:polished_deepslate
15,0,33,minecraft:polished_deepslate
16,0,33,minecraft:polished_deepslate
17,0,33,minecraft:polished_deepslate
18,0,33,minecraft:polished_deepslate
19,0,33,minecraft:polished_deepslate
20,0,33,minecraft:polished_deepslate
21,0,33,minecraft:polished_deepslate
22,0,33,minecraft:polished_deepslate
23,0,33,minecraft:polished_deepslate
24,0,33,minecraft:polished_deepslate
25,0,33,minecraft:polished_deepslate
26,0,33,minecraft:polished_deepslate
27,0,33,minecraft:polished_deepslate
28,0,33,minecraft:polished_deepslate
29,0,33,minecraft:polished_deepslate
30,0,33,minecraft:polished_deepslate
31,0,33,minecraft:polished_deepslate
32,0,33,minecraft:polished_deepslate
33,0,33,minecraft:polished_deepslate
34,0,33,minecraft:polished_deepslate
35,0,33,minecraft:polished_deepslate
36,0,33,minecraft:polished_deepslate
0,0,34,minecraft:polished_deepslate
1,0,34,minecraft:polished_deepslate
2,0,34,minecraft:polished_deepslate
3,0,34,minecraft:polished_deepslate
4,0,34,minecraft:polished_deepslate
5,0,34,minecraft:polished_deepslate
6,0,34,minecraft:polished_deepslate
7,0,34,minecraft:polished_deepslate
8,0,34,minecraft:polished_deepslate
9,0,34,minecraft:polished_deepslate
10,0,34,minecraft:polished_deepslate
11,0,34,minecraft:polished_deepslate
12,0,34,minecraft:polished_deepslate
13,0,34,minecraft:polished_deepslate
14,0,34,minecraft:polished_deepslate
15,0,34,minecraft:polished_deepslate
16,0,34,minecraft:polished_deepslate
17,0,34,minecraft:polished_deepslate
18,0,34,minecraft:polished_deepslate
19,0,34,minecraft:polished_deepslate
20,0,34,minecraft:polished_deepslate
21,0,34,minecraft:polished_deepslate
22,0,34,minecraft:polished_deepslate
23,0,34,minecraft:polished_deepslate
24,0,34,minecraft:polished_deepslate
25,0,34,minecraft:polished_deepslate
26,0,34,minecraft:polished_deepslate
27,0,34,minecraft:polished_deepslate
28,0,34,minecraft:polished_deepslate
29,0,34,minecraft:polished_deepslate
30,0,34,minecraft:polished_deepslate
31,0,34,minecraft:polished_deepslate
32,0,34,minecraft:polished_deepslate
33,0,34,minecraft:polished_deepslate
34,0,34,minecraft:polished_deepslate
35,0,34,minecraft:polished_deepslate
36,0,34,minecraft:polished_deepslate
0,0,35,minecraft:polished_deepslate
1,0,35,minecraft:polished_deepslate
2,0,35,minecraft:polished_deepslate
3,0,35,minecraft:polished_deepslate
4,0,35,minecraft:polished_deepslate
5,0,35,minecraft:polished_deepslate
6,0,35,minecraft:polished_deepslate
7,0,35,minecraft:polished_deepslate
8,0,35,minecraft:polished_deepslate
9,0,35,minecraft:polished_deepslate
10,0,35,minecraft:polished_deepslate
11,0,35,minecraft:polished_deepslate
12,0,35,minecraft:polished_deepslate
13,0,35,minecraft:polished_deepslate
14,0,35,minecraft:polished_deepslate
15,0,35,minecraft:polished_deepslate
16,0,35,minecraft:polished_deepslate
17,0,35,minecraft:polished_deepslate
18,0,35,minecraft:polished_deepslate
19,0,35,minecraft:polished_deepslate
20,0,35,minecraft:polished_deepslate
21,0,35,minecraft:polished_deepslate
22,0,35,minecraft:polished_deepslate
23,0,35,minecraft:polished_deepslate
24,0,35,minecraft:polished_deepslate
25,0,35,minecraft:polished_deepslate
26,0,35,minecraft:polished_deepslate
27,0,35,minecraft:polished_deepslate
28,0,35,minecraft:polished_deepslate
29,0,35,minecraft:polished_deepslate
30,0,35,minecraft:polished_deepslate
31,0,35,minecraft:polished_deepslate
32,0,35,minecraft:polished_deepslate
33,0,35,minecraft:polished_deepslate
34,0,35,minecraft:polished_deepslate
35,0,35,minecraft:polished_deepslate
36,0,35,minecraft:polished_deepslate
0,0,36,minecraft:polished_deepslate
1,0,36,minecraft:polished_deepslate
2,0,36,minecraft:polished_deepslate
3,0,36,minecraft:polished_deepslate
4,0,36,minecraft:polished_deepslate
5,0,36,minecraft:polished_deepslate
6,0,36,minecraft:polished_deepslate
7,0,36,minecraft:polished_deepslate
8,0,36,minecraft:polished_deepslate
9,0,36,minecraft:polished_deepslate
10,0,36,minecraft:polished_deepslate
11,0,36,minecraft:polished_deepslate
12,0,36,minecraft:polished_deepslate
13,0,36,minecraft:polished_deepslate
14,0,36,minecraft:polished_deepslate
15,0,36,minecraft:polished_deepslate
16,0,36,"minecraft:stone_brick_stairs[facing=north,half=bottom,shape=straight,waterlogged=false]"
17,0,36,"minecraft:stone_brick_stairs[facing=north,half=bottom,shape=straight,waterlogged=false]"
18,0,36,"minecraft:cut_copper_stairs[facing=north,half=bottom,shape=straight,waterlogged=false]"
19,0,36,"minecraft:stone_brick_stairs[facing=north,half=bottom,shape=straight,waterlogged=false]"
20,0,36,"minecraft:stone_brick_stairs[facing=north,half=bottom,shape=straight,waterlogged=false]"
21,0,36,minecraft:polished_deepslate
22,0,36,minecraft:polished_deepslate
23,0,36,minecraft:polished_deepslate
24,0,36,minecraft:polished_deepslate
25,0,36,minecraft:polished_deepslate
26,0,36,minecraft:polished_deepslate
27,0,36,minecraft:polished_deepslate
28,0,36,minecraft:polished_deepslate
29,0,36,minecraft:polished_deepslate
30,0,36,minecraft:polished_deepslate
31,0,36,minecraft:polished_deepslate
32,0,36,minecraft:polished_deepslate
33,0,36,minecraft:polished_deepslate
34,0,36,minecraft:polished_deepslate
35,0,36,minecraft:polished_deepslate
36,0,36,minecraft:polished_deepslate
1,1,1,minecraft:deepslate_tiles
2,1,1,minecraft:deepslate_tiles
3,1,1,minecraft:deepslate_tiles
4,1,1,minecraft:deepslate_tiles
5,1,1,minecraft:deepslate_tiles
6,1,1,minecraft:deepslate_tiles
7,1,1,minecraft:deepslate_tiles
8,1,1,minecraft:deepslate_tiles
9,1,1,minecraft:deepslate_tiles
10,1,1,minecraft:deepslate_tiles
11,1,1,minecraft:deepslate_tiles
12,1,1,minecraft:deepslate_tiles
13,1,1,minecraft:deepslate_tiles
14,1,1,minecraft:deepslate_tiles
15,1,1,minecraft:deepslate_tiles
16,1,1,minecraft:deepslate_tiles
17,1,1,minecraft:deepslate_tiles
18,1,1,minecraft:cut_copper
19,1,1,minecraft:deepslate_tiles
20,1,1,minecraft:deepslate_tiles
21,1,1,minecraft:deepslate_tiles
22,1,1,minecraft:deepslate_tiles
23,1,1,minecraft:deepslate_tiles
24,1,1,minecraft:deepslate_tiles
25,1,1,minecraft:deepslate_tiles
26,1,1,minecraft:deepslate_tiles
27,1,1,minecraft:deepslate_tiles
28,1,1,minecraft:deepslate_tiles
29,1,1,minecraft:deepslate_tiles
30,1,1,minecraft:deepslate_tiles
31,1,1,minecraft:deepslate_tiles
32,1,1,minecraft:deepslate_tiles
33,1,1,minecraft:deepslate_tiles
34,1,1,minecraft:deepslate_tiles
35,1,1,minecraft:deepslate_tiles
1,1,2,minecraft:deepslate_tiles
35,1,2,minecraft:deepslate_tiles
1,1,3,minecraft:deepslate_tiles
35,1,3,minecraft:deepslate_tiles
1,1,4,minecraft:deepslate_tiles
35,1,4,minecraft:deepslate_tiles
1,1,5,minecraft:deepslate_tiles
35,1,5,minecraft:deepslate_tiles
1,1,6,minecraft:deepslate_tiles
35,1,6,minecraft:deepslate_tiles
1,1,7,minecraft:deepslate_tiles
35,1,7,minecraft:deepslate_tiles
1,1,8,minecraft:deepslate_tiles
35,1,8,minecraft:deepslate_tiles
1,1,9,minecraft:deepslate_tiles
35,1,9,minecraft:deepslate_tiles
1,1,10,minecraft:deepslate_tiles
35,1,10,minecraft:deepslate_tiles
1,1,11,minecraft:deepslate_tiles
35,1,11,minecraft:deepslate_tiles
1,1,12,minecraft:deepslate_tiles
35,1,12,minecraft:deepslate_tiles
1,1,13,minecraft:deepslate_tiles
35,1,13,minecraft:deepslate_tiles
1,1,14,minecraft:deepslate_tiles
35,1,14,minecraft:deepslate_tiles
1,1,15,minecraft:deepslate_tiles
35,1,15,minecraft:deepslate_tiles
1,1,16,minecraft:deepslate_tiles
35,1,16,minecraft:deepslate_tiles
1,1,17,minecraft:deepslate_tiles
35,1,17,minecraft:deepslate_tiles
1,1,18,minecraft:cut_copper
35,1,18,minecraft:cut_copper
1,1,19,minecraft:deepslate_tiles
35,1,19,minecraft:deepslate_tiles
1,1,20,minecraft:deepslate_tiles
35,1,20,minecraft:deepslate_tiles
1,1,21,minecraft:deepslate_tiles
35,1,21,minecraft:deepslate_tiles
1,1,22,minecraft:deepslate_tiles
35,1,22,minecraft:deepslate_tiles
1,1,23,minecraft:deepslate_tiles
35,1,23,minecraft:deepslate_tiles
1,1,24,minecraft:deepslate_tiles
35,1,24,minecraft:deepslate_tiles
1,1,25,minecraft:deepslate_tiles
35,1,25,minecraft:deepslate_tiles
1,1,26,minecraft:deepslate_tiles
35,1,26,minecraft:deepslate_tiles
1,1,27,minecraft:deepslate_tiles
35,1,27,minecraft:deepslate_tiles
1,1,28,minecraft:deepslate_tiles
35,1,28,minecraft:deepslate_tiles
1,1,29,minecraft:deepslate_tiles
35,1,29,minecraft:deepslate_tiles
1,1,30,minecraft:deepslate_tiles
35,1,30,minecraft:deepslate_tiles
1,1,31,minecraft:deepslate_tiles
35,1,31,minecraft:deepslate_tiles
1,1,32,minecraft:deepslate_tiles
35,1,32,minecraft:deepslate_tiles
1,1,33,minecraft:deepslate_tiles
35,1,33,minecraft:deepslate_tiles
1,1,34,minecraft:deepslate_tiles
35,1,34,minecraft:deepslate_tiles
1,1,35,minecraft:deepslate_tiles
2,1,35,minecraft:deepslate_tiles
3,1,35,minecraft:deepslate_tiles
4,1,35,minecraft:deepslate_tiles
5,1,35,minecraft:deepslate_tiles
6,1,35,minecraft:deepslate_tiles
7,1,35,minecraft:deepslate_tiles
8,1,35,minecraft:deepslate_tiles
9,1,35,minecraft:deepslate_tiles
10,1,35,minecraft:deepslate_tiles
11,1,35,minecraft:deepslate_tiles
12,1,35,minecraft:deepslate_tiles
13,1,35,minecraft:deepslate_tiles
14,1,35,minecraft:deepslate_tiles
15,1,35,minecraft:deepslate_tiles
16,1,35,"minecraft:stone_brick_stairs[facing=north,half=bottom,shape=straight,waterlogged=false]"
17,1,35,"minecraft:stone_brick_stairs[facing=north,half=bottom,shape=straight,waterlogged=false]"
18,1,35,"minecraft:cut_copper_stairs[facing=north,half=bottom,shape=straight,waterlogged=false]"
19,1,35,"minecraft:stone_brick_stairs[facing=north,half=bottom,shape=straight,waterlogged=false]"
20,1,35,"minecraft:stone_brick_stairs[facing=north,half=bottom,shape=straight,waterlogged=false]"
21,1,35,minecraft:deepslate_tiles
22,1,35,minecraft:deepslate_tiles
23,1,35,minecraft:deepslate_tiles
24,1,35,minecraft:deepslate_tiles
25,1,35,minecraft:deepslate_tiles
26,1,35,minecraft:deepslate_tiles
27,1,35,minecraft:deepslate_tiles
28,1,35,minecraft:deepslate_tiles
29,1,35,minecraft:deepslate_tiles
30,1,35,minecraft:deepslate_tiles
31,1,35,minecraft:deepslate_tiles
32,1,35,minecraft:deepslate_tiles
33,1,35,minecraft:deepslate_tiles
34,1,35,minecraft:deepslate_tiles
35,1,35,minecraft:deepslate_tiles
1,2,1,minecraft:stone_bricks
2,2,1,minecraft:stone_bricks
3,2,1,minecraft:stone_bricks
4,2,1,minecraft:stone_bricks
5,2,1,minecraft:stone_bricks
6,2,1,minecraft:stone_bricks
7,2,1,minecraft:stone_bricks
8,2,1,minecraft:stone_bricks
9,2,1,minecraft:stone_bricks
10,2,1,minecraft:stone_bricks
11,2,1,minecraft:stone_bricks
12,2,1,minecraft:stone_bricks
13,2,1,minecraft:stone_bricks
14,2,1,minecraft:stone_bricks
15,2,1,minecraft:stone_bricks
16,2,1,minecraft:stone_bricks
17,2,1,minecraft:stone_bricks
18,2,1,minecraft:cut_copper
19,2,1,minecraft:stone_bricks
20,2,1,minecraft:stone_bricks
21,2,1,minecraft:stone_bricks
22,2,1,minecraft:stone_bricks
23,2,1,minecraft:stone_bricks
24,2,1,minecraft:stone_bricks
25,2,1,minecraft:stone_bricks
26,2,1,minecraft:stone_bricks
27,2,1,minecraft:stone_bricks
28,2,1,minecraft:stone_bricks
29,2,1,minecraft:stone_bricks
30,2,1,minecraft:stone_bricks
31,2,1,minecraft:stone_bricks
32,2,1,minecraft:stone_bricks
33,2,1,minecraft:stone_bricks
34,2,1,minecraft:stone_bricks
35,2,1,minecraft:stone_bricks
1,2,2,minecraft:stone_bricks
35,2,2,minecraft:stone_bricks
1,2,3,minecraft:stone_bricks
35,2,3,minecraft:stone_bricks
1,2,4,minecraft:stone_bricks
35,2,4,minecraft:stone_bricks
1,2,5,minecraft:stone_bricks
35,2,5,minecraft:stone_bricks
1,2,6,minecraft:stone_bricks
35,2,6,minecraft:stone_bricks
1,2,7,minecraft:stone_bricks
35,2,7,minecraft:stone_bricks
1,2,8,minecraft:stone_bricks
35,2,8,minecraft:stone_bricks
1,2,9,minecraft:stone_bricks
35,2,9,minecraft:stone_bricks
1,2,10,minecraft:stone_bricks
35,2,10,minecraft:stone_bricks
1,2,11,minecraft:stone_bricks
35,2,11,minecraft:stone_bricks
1,2,12,minecraft:stone_bricks
35,2,12,minecraft:stone_bricks
1,2,13,minecraft:stone_bricks
35,2,13,minecraft:stone_bricks
1,2,14,minecraft:stone_bricks
35,2,14,minecraft:stone_bricks
1,2,15,minecraft:stone_bricks
35,2,15,minecraft:stone_bricks
1,2,16,minecraft:stone_bricks
35,2,16,minecraft:stone_bricks
1,2,17,minecraft:stone_bricks
35,2,17,minecraft:stone_bricks
1,2,18,minecraft:cut_copper
35,2,18,minecraft:cut_copper
1,2,19,minecraft:stone_bricks
35,2,19,minecraft:stone_bricks
1,2,20,minecraft:stone_bricks
35,2,20,minecraft:stone_bricks
1,2,21,minecraft:stone_bricks
35,2,21,minecraft:stone_bricks
1,2,22,minecraft:stone_bricks
35,2,22,minecraft:stone_bricks
1,2,23,minecraft:stone_bricks
35,2,23,minecraft:stone_bricks
1,2,24,minecraft:stone_bricks
35,2,24,minecraft:stone_bricks
1,2,25,minecraft:stone_bricks
35,2,25,minecraft:stone_bricks
1,2,26,minecraft:stone_bricks
35,2,26,minecraft:stone_bricks
1,2,27,minecraft:stone_bricks
35,2,27,minecraft:stone_bricks
1,2,28,minecraft:stone_bricks
35,2,28,minecraft:stone_bricks
1,2,29,minecraft:stone_bricks
35,2,29,minecraft:stone_bricks
1,2,30,minecraft:stone_bricks
35,2,30,minecraft:stone_bricks
1,2,31,minecraft:stone_bricks
35,2,31,minecraft:stone_bricks
1,2,32,minecraft:stone_bricks
35,2,32,minecraft:stone_bricks
1,2,33,minecraft:stone_bricks
35,2,33,minecraft:stone_bricks
1,2,34,minecraft:stone_bricks
16,2,34,"minecraft:stone_brick_stairs[facing=north,half=bottom,shape=straight,waterlogged=false]"
17,2,34,"minecraft:stone_brick_stairs[facing=north,half=bottom,shape=straight,waterlogged=false]"
18,2,34,"minecraft:cut_copper_stairs[facing=north,half=bottom,shape=straight,waterlogged=false]"
19,2,34,"minecraft:stone_brick_stairs[facing=north,half=bottom,shape=straight,waterlogged=false]"
20,2,34,"minecraft:stone_brick_stairs[facing=north,half=bottom,shape=straight,waterlogged=false]"
35,2,34,minecraft:stone_bricks
1,2,35,minecraft:stone_bricks
2,2,35,minecraft:stone_bricks
3,2,35,minecraft:stone_bricks
4,2,35,minecraft:stone_bricks
5,2,35,minecraft:stone_bricks
6,2,35,minecraft:stone_bricks
7,2,35,minecraft:stone_bricks
8,2,35,minecraft:stone_bricks
9,2,35,minecraft:stone_bricks
10,2,35,minecraft:stone_bricks
11,2,35,minecraft:stone_bricks
12,2,35,minecraft:stone_bricks
13,2,35,minecraft:stone_bricks
14,2,35,minecraft:stone_bricks
15,2,35,minecraft:stone_bricks
16,2,35,minecraft:stone_bricks
17,2,35,minecraft:stone_bricks
18,2,35,minecraft:cut_copper
19,2,35,minecraft:stone_bricks
20,2,35,minecraft:stone_bricks
21,2,35,minecraft:stone_bricks
22,2,35,minecraft:stone_bricks
23,2,35,minecraft:stone_bricks
24,2,35,minecraft:stone_bricks
25,2,35,minecraft:stone_bricks
26,2,35,minecraft:stone_bricks
27,2,35,minecraft:stone_bricks
28,2,35,minecraft:stone_bricks
29,2,35,minecraft:stone_bricks
30,2,35,minecraft:stone_bricks
31,2,35,minecraft:stone_bricks
32,2,35,minecraft:stone_bricks
33,2,35,minecraft:stone_bricks
34,2,35,minecraft:stone_bricks
35,2,35,minecraft:stone_bricks
1,3,1,minecraft:stone_bricks
2,3,1,minecraft:stone_bricks
3,3,1,minecraft:stone_bricks
4,3,1,minecraft:stone_bricks
5,3,1,minecraft:stone_bricks
6,3,1,minecraft:stone_bricks
7,3,1,minecraft:stone_bricks
8,3,1,minecraft:stone_bricks
9,3,1,minecraft:stone_bricks
10,3,1,minecraft:stone_bricks
11,3,1,minecraft:stone_bricks
12,3,1,minecraft:stone_bricks
13,3,1,minecraft:stone_bricks
14,3,1,minecraft:stone_bricks
15,3,1,minecraft:stone_bricks
16,3,1,minecraft:stone_bricks
17,3,1,minecraft:stone_bricks
18,3,1,minecraft:cut_copper
19,3,1,minecraft:stone_bricks
20,3,1,minecraft:stone_bricks
21,3,1,minecraft:stone_bricks
22,3,1,minecraft:stone_bricks
23,3,1,minecraft:stone_bricks
24,3,1,minecraft:stone_bricks
25,3,1,minecraft:stone_bricks
26,3,1,minecraft:stone_bricks
27,3,1,minecraft:stone_bricks
28,3,1,minecraft:stone_bricks
29,3,1,minecraft:stone_bricks
30,3,1,minecraft:stone_bricks
31,3,1,minecraft:stone_bricks
32,3,1,minecraft:stone_bricks
33,3,1,minecraft:stone_bricks
34,3,1,minecraft:stone_bricks
35,3,1,minecraft:stone_bricks
1,3,2,minecraft:stone_bricks
35,3,2,minecraft:stone_bricks
1,3,3,minecraft:stone_bricks
35,3,3,minecraft:stone_bricks
1,3,4,minecraft:stone_bricks
35,3,4,minecraft:stone_bricks
1,3,5,minecraft:stone_bricks
35,3,5,minecraft:stone_bricks
1,3,6,minecraft:stone_bricks
35,3,6,minecraft:stone_bricks
1,3,7,minecraft:stone_bricks
35,3,7,minecraft:stone_bricks
1,3,8,minecraft:stone_bricks
35,3,8,minecraft:stone_bricks
1,3,9,minecraft:stone_bricks
35,3,9,minecraft:stone_bricks
1,3,10,minecraft:stone_bricks
35,3,10,minecraft:stone_bricks
1,3,11,minecraft:stone_bricks
35,3,11,minecraft:stone_bricks
1,3,12,minecraft:stone_bricks
35,3,12,minecraft:stone_bricks
1,3,13,minecraft:stone_bricks
35,3,13,minecraft:stone_bricks
1,3,14,minecraft:stone_bricks
35,3,14,minecraft:stone_bricks
1,3,15,minecraft:stone_bricks
35,3,15,minecraft:stone_bricks
1,3,16,minecraft:stone_bricks
35,3,16,minecraft:stone_bricks
1,3,17,minecraft:stone_bricks
35,3,17,minecraft:stone_bricks
1,3,18,minecraft:cut_copper
35,3,18,minecraft:cut_copper
1,3,19,minecraft:stone_bricks
35,3,19,minecraft:stone_bricks
1,3,20,minecraft:stone_bricks
35,3,20,minecraft:stone_bricks
1,3,21,minecraft:stone_bricks
35,3,21,minecraft:stone_bricks
1,3,22,minecraft:stone_bricks
35,3,22,minecraft:stone_bricks
1,3,23,minecraft:stone_bricks
35,3,23,minecraft:stone_bricks
1,3,24,minecraft:stone_bricks
35,3,24,minecraft:stone_bricks
1,3,25,minecraft:stone_bricks
35,3,25,minecraft:stone_bricks
1,3,26,minecraft:stone_bricks
35,3,26,minecraft:stone_bricks
1,3,27,minecraft:stone_bricks
35,3,27,minecraft:stone_bricks
1,3,28,minecraft:stone_bricks
35,3,28,minecraft:stone_bricks
1,3,29,minecraft:stone_bricks
35,3,29,minecraft:stone_bricks
1,3,30,minecraft:stone_bricks
35,3,30,minecraft:stone_bricks
1,3,31,minecraft:stone_bricks
35,3,31,minecraft:stone_bricks
1,3,32,minecraft:stone_bricks
35,3,32,minecraft:stone_bricks
1,3,33,minecraft:stone_bricks
16,3,33,"minecraft:stone_brick_stairs[facing=north,half=bottom,shape=straight,waterlogged=false]"
17,3,33,"minecraft:stone_brick_stairs[facing=north,half=bottom,shape=straight,waterlogged=false]"
18,3,33,"minecraft:cut_copper_stairs[facing=north,half=bottom,shape=straight,waterlogged=false]"
19,3,33,"minecraft:stone_brick_stairs[facing=north,half=bottom,shape=straight,waterlogged=false]"
20,3,33,"minecraft:stone_brick_stairs[facing=north,half=bottom,shape=straight,waterlogged=false]"
35,3,33,minecraft:stone_bricks
1,3,34,minecraft:stone_bricks
35,3,34,minecraft:stone_bricks
1,3,35,minecraft:stone_bricks
2,3,35,minecraft:stone_bricks
3,3,35,minecraft:stone_bricks
4,3,35,minecraft:stone_bricks
5,3,35,minecraft:stone_bricks
6,3,35,minecraft:stone_bricks
7,3,35,minecraft:stone_bricks
8,3,35,minecraft:stone_bricks
9,3,35,minecraft:stone_bricks
10,3,35,minecraft:stone_bricks
11,3,35,minecraft:stone_bricks
12,3,35,minecraft:stone_bricks
13,3,35,minecraft:stone_bricks
14,3,35,minecraft:stone_bricks
15,3,35,minecraft:stone_bricks
16,3,35,minecraft:stone_bricks
17,3,35,minecraft:stone_bricks
18,3,35,minecraft:cut_copper
19,3,35,minecraft:stone_bricks
20,3,35,minecraft:stone_bricks
21,3,35,minecraft:stone_bricks
22,3,35,minecraft:stone_bricks
23,3,35,minecraft:stone_bricks
24,3,35,minecraft:stone_bricks
25,3,35,minecraft:stone_bricks
26,3,35,minecraft:stone_bricks
27,3,35,minecraft:stone_bricks
28,3,35,minecraft:stone_bricks
29,3,35,minecraft:stone_bricks
30,3,35,minecraft:stone_bricks
31,3,35,minecraft:stone_bricks
32,3,35,minecraft:stone_bricks
33,3,35,minecraft:stone_bricks
34,3,35,minecraft:stone_bricks
35,3,35,minecraft:stone_bricks
1,4,1,minecraft:smooth_stone
2,4,1,minecraft:smooth_stone
3,4,1,minecraft:smooth_stone
4,4,1,minecraft:smooth_stone
5,4,1,minecraft:smooth_stone
6,4,1,minecraft:smooth_stone
7,4,1,minecraft:smooth_stone
8,4,1,minecraft:smooth_stone
9,4,1,minecraft:smooth_stone
10,4,1,minecraft:smooth_stone
11,4,1,minecraft:smooth_stone
12,4,1,minecraft:smooth_stone
13,4,1,minecraft:smooth_stone
14,4,1,minecraft:smooth_stone
15,4,1,minecraft:smooth_stone
16,4,1,minecraft:smooth_stone
17,4,1,minecraft:smooth_stone
18,4,1,minecraft:cut_copper
19,4,1,minecraft:smooth_stone
20,4,1,minecraft:smooth_stone
21,4,1,minecraft:smooth_stone
22,4,1,minecraft:smooth_stone
23,4,1,minecraft:smooth_stone
24,4,1,minecraft:smooth_stone
25,4,1,minecraft:smooth_stone
26,4,1,minecraft:smooth_stone
27,4,1,minecraft:smooth_stone
28,4,1,minecraft:smooth_stone
29,4,1,minecraft:smooth_stone
30,4,1,minecraft:smooth_stone
31,4,1,minecraft:smooth_stone
32,4,1,minecraft:smooth_stone
33,4,1,minecraft:smooth_stone
34,4,1,minecraft:smooth_stone
35,4,1,minecraft:smooth_stone
1,4,2,minecraft:smooth_stone
2,4,2,minecraft:smooth_stone
3,4,2,minecraft:smooth_stone
4,4,2,minecraft:smooth_stone
5,4,2,minecraft:smooth_stone
6,4,2,minecraft:smooth_stone
7,4,2,minecraft:smooth_stone
8,4,2,minecraft:smooth_stone
9,4,2,minecraft:smooth_stone
10,4,2,minecraft:smooth_stone
11,4,2,minecraft:smooth_stone
12,4,2,minecraft:smooth_stone
13,4,2,minecraft:smooth_stone
14,4,2,minecraft:smooth_stone
15,4,2,minecraft:smooth_stone
16,4,2,minecraft:smooth_stone
17,4,2,minecraft:smooth_stone
18,4,2,minecraft:cut_copper
19,4,2,minecraft:smooth_stone
20,4,2,minecraft:smooth_stone
21,4,2,minecraft:smooth_stone
22,4,2,minecraft:smooth_stone
23,4,2,minecraft:smooth_stone
24,4,2,minecraft:smooth_stone
25,4,2,minecraft:smooth_stone
26,4,2,minecraft:smooth_stone
27,4,2,minecraft:smooth_stone
28,4,2,minecraft:smooth_stone
29,4,2,minecraft:smooth_stone
30,4,2,minecraft:smooth_stone
31,4,2,minecraft:smooth_stone
32,4,2,minecraft:smooth_stone
33,4,2,minecraft:smooth_stone
34,4,2,minecraft:smooth_stone
35,4,2,minecraft:smooth_stone
1,4,3,minecraft:smooth_stone
2,4,3,minecraft:smooth_stone
3,4,3,minecraft:smooth_stone
4,4,3,minecraft:smooth_stone
5,4,3,minecraft:smooth_stone
6,4,3,minecraft:smooth_stone
7,4,3,minecraft:smooth_stone
8,4,3,minecraft:smooth_stone
9,4,3,minecraft:smooth_stone
10,4,3,minecraft:smooth_stone
11,4,3,minecraft:smooth_stone
12,4,3,minecraft:smooth_stone
13,4,3,minecraft:smooth_stone
14,4,3,minecraft:smooth_stone
15,4,3,minecraft:smooth_stone
16,4,3,minecraft:smooth_stone
17,4,3,minecraft:smooth_stone
18,4,3,minecraft:cut_copper
19,4,3,minecraft:smooth_stone
20,4,3,minecraft:smooth_stone
21,4,3,minecraft:smooth_stone
22,4,3,minecraft:smooth_stone
23,4,3,minecraft:smooth_stone
24,4,3,minecraft:smooth_stone
25,4,3,minecraft:smooth_stone
26,4,3,minecraft:smooth_stone
27,4,3,minecraft:smooth_stone
28,4,3,minecraft:smooth_stone
29,4,3,minecraft:smooth_stone
30,4,3,minecraft:smooth_stone
31,4,3,minecraft:smooth_stone
32,4,3,minecraft:smooth_stone
33,4,3,minecraft:smooth_stone
34,4,3,minecraft:smooth_stone
35,4,3,minecraft:smooth_stone
1,4,4,minecraft:smooth_stone
2,4,4,minecraft:smooth_stone
3,4,4,minecraft:smooth_stone
4,4,4,minecraft:smooth_stone
5,4,4,minecraft:smooth_stone
6,4,4,minecraft:smooth_stone
7,4,4,minecraft:smooth_stone
8,4,4,minecraft:smooth_stone
9,4,4,minecraft:smooth_stone
10,4,4,minecraft:smooth_stone
11,4,4,minecraft:smooth_stone
12,4,4,minecraft:smooth_stone
13,4,4,minecraft:smooth_stone
14,4,4,minecraft:smooth_stone
15,4,4,minecraft:smooth_stone
16,4,4,minecraft:smooth_stone
17,4,4,minecraft:smooth_stone
18,4,4,minecraft:cut_copper
19,4,4,minecraft:smooth_stone
20,4,4,minecraft:smooth_stone
21,4,4,minecraft:smooth_stone
22,4,4,minecraft:smooth_stone
23,4,4,minecraft:smooth_stone
24,4,4,minecraft:smooth_stone
25,4,4,minecraft:smooth_stone
26,4,4,minecraft:smooth_stone
27,4,4,minecraft:smooth_stone
28,4,4,minecraft:smooth_stone
29,4,4,minecraft:smooth_stone
30,4,4,minecraft:smooth_stone
31,4,4,minecraft:smooth_stone
32,4,4,minecraft:smooth_stone
33,4,4,minecraft:smooth_stone
34,4,4,minecraft:smooth_stone
35,4,4,minecraft:smooth_stone
1,4,5,minecraft:smooth_stone
2,4,5,minecraft:smooth_stone
3,4,5,minecraft:smooth_stone
4,4,5,minecraft:smooth_stone
5,4,5,minecraft:smooth_stone
6,4,5,minecraft:smooth_stone
7,4,5,minecraft:smooth_stone
8,4,5,minecraft:smooth_stone
9,4,5,minecraft:smooth_stone
10,4,5,minecraft:smooth_stone
11,4,5,minecraft:smooth_stone
12,4,5,minecraft:smooth_stone
13,4,5,minecraft:smooth_stone
14,4,5,minecraft:smooth_stone
15,4,5,minecraft:smooth_stone
16,4,5,minecraft:smooth_stone
17,4,5,minecraft:smooth_stone
18,4,5,minecraft:cut_copper
19,4,5,minecraft:smooth_stone
20,4,5,minecraft:smooth_stone
21,4,5,minecraft:smooth_stone
22,4,5,minecraft:smooth_stone
23,4,5,minecraft:smooth_stone
24,4,5,minecraft:smooth_stone
25,4,5,minecraft:smooth_stone
26,4,5,minecraft:smooth_stone
27,4,5,minecraft:smooth_stone
28,4,5,minecraft:smooth_stone
29,4,5,minecraft:smooth_stone
30,4,5,minecraft:smooth_stone
31,4,5,minecraft:smooth_stone
32,4,5,minecraft:smooth_stone
33,4,5,minecraft:smooth_stone
34,4,5,minecraft:smooth_stone
35,4,5,minecraft:smooth_stone
1,4,6,minecraft:smooth_stone
2,4,6,minecraft:smooth_stone
3,4,6,minecraft:smooth_stone
4,4,6,minecraft:smooth_stone
5,4,6,minecraft:smooth_stone
6,4,6,minecraft:smooth_stone
7,4,6,minecraft:smooth_stone
8,4,6,minecraft:smooth_stone
9,4,6,minecraft:smooth_stone
10,4,6,minecraft:smooth_stone
11,4,6,minecraft:smooth_stone
12,4,6,minecraft:smooth_stone
13,4,6,minecraft:smooth_stone
14,4,6,minecraft:smooth_stone
15,4,6,minecraft:smooth_stone
16,4,6,minecraft:smooth_stone
17,4,6,minecraft:smooth_stone
18,4,6,minecraft:cut_copper
19,4,6,minecraft:smooth_stone
20,4,6,minecraft:smooth_stone
21,4,6,minecraft:smooth_stone
22,4,6,minecraft:smooth_stone
23,4,6,minecraft:smooth_stone
24,4,6,minecraft:smooth_stone
25,4,6,minecraft:smooth_stone
26,4,6,minecraft:smooth_stone
27,4,6,minecraft:smooth_stone
28,4,6,minecraft:smooth_stone
29,4,6,minecraft:smooth_stone
30,4,6,minecraft:smooth_stone
31,4,6,minecraft:smooth_stone
32,4,6,minecraft:smooth_stone
33,4,6,minecraft:smooth_stone
34,4,6,minecraft:smooth_stone
35,4,6,minecraft:smooth_stone
1,4,7,minecraft:smooth_stone
2,4,7,minecraft:smooth_stone
3,4,7,minecraft:smooth_stone
4,4,7,minecraft:smooth_stone
5,4,7,minecraft:smooth_stone
6,4,7,minecraft:smooth_stone
7,4,7,minecraft:smooth_stone
8,4,7,minecraft:smooth_stone
9,4,7,minecraft:smooth_stone
10,4,7,minecraft:smooth_stone
11,4,7,minecraft:smooth_stone
12,4,7,minecraft:smooth_stone
13,4,7,minecraft:smooth_stone
14,4,7,minecraft:smooth_stone
15,4,7,minecraft:smooth_stone
16,4,7,minecraft:smooth_stone
17,4,7,minecraft:smooth_stone
18,4,7,minecraft:cut_copper
19,4,7,minecraft:smooth_stone
20,4,7,minecraft:smooth_stone
21,4,7,minecraft:smooth_stone
22,4,7,minecraft:smooth_stone
23,4,7,minecraft:smooth_stone
24,4,7,minecraft:smooth_stone
25,4,7,minecraft:smooth_stone
26,4,7,minecraft:smooth_stone
27,4,7,minecraft:smooth_stone
28,4,7,minecraft:smooth_stone
29,4,7,minecraft:smooth_stone
30,4,7,minecraft:smooth_stone
31,4,7,minecraft:smooth_stone
32,4,7,minecraft:smooth_stone
33,4,7,minecraft:smooth_stone
34,4,7,minecraft:smooth_stone
35,4,7,minecraft:smooth_stone
1,4,8,minecraft:smooth_stone
2,4,8,minecraft:smooth_stone
3,4,8,minecraft:smooth_stone
4,4,8,minecraft:smooth_stone
5,4,8,minecraft:smooth_stone
6,4,8,minecraft:smooth_stone
7,4,8,minecraft:smooth_stone
8,4,8,minecraft:smooth_stone
9,4,8,minecraft:smooth_stone
10,4,8,minecraft:smooth_stone
11,4,8,minecraft:smooth_stone
12,4,8,minecraft:smooth_stone
13,4,8,minecraft:smooth_stone
14,4,8,minecraft:smooth_stone
15,4,8,minecraft:smooth_stone
16,4,8,minecraft:smooth_stone
17,4,8,minecraft:smooth_stone
18,4,8,minecraft:smooth_stone
19,4,8,minecraft:smooth_stone
20,4,8,minecraft:smooth_stone
21,4,8,minecraft:smooth_stone
22,4,8,minecraft:smooth_stone
23,4,8,minecraft:smooth_stone
24,4,8,minecraft:smooth_stone
25,4,8,minecraft:smooth_stone
26,4,8,minecraft:smooth_stone
27,4,8,minecraft:smooth_stone
28,4,8,minecraft:smooth_stone
29,4,8,minecraft:smooth_stone
30,4,8,minecraft:smooth_stone
31,4,8,minecraft:smooth_stone
32,4,8,minecraft:smooth_stone
33,4,8,minecraft:smooth_stone
34,4,8,minecraft:smooth_stone
35,4,8,minecraft:smooth_stone
1,4,9,minecraft:smooth_stone
2,4,9,minecraft:smooth_stone
3,4,9,minecraft:smooth_stone
4,4,9,minecraft:smooth_stone
5,4,9,minecraft:smooth_stone
6,4,9,minecraft:smooth_stone
7,4,9,minecraft:smooth_stone
8,4,9,minecraft:smooth_stone
9,4,9,minecraft:smooth_stone
10,4,9,minecraft:smooth_stone
11,4,9,minecraft:smooth_stone
12,4,9,minecraft:smooth_stone
13,4,9,minecraft:smooth_stone
14,4,9,minecraft:smooth_stone
15,4,9,minecraft:smooth_stone
16,4,9,minecraft:smooth_stone
17,4,9,minecraft:smooth_stone
18,4,9,minecraft:smooth_stone
19,4,9,minecraft:smooth_stone
20,4,9,minecraft:smooth_stone
21,4,9,minecraft:smooth_stone
22,4,9,minecraft:smooth_stone
23,4,9,minecraft:smooth_stone
24,4,9,minecraft:smooth_stone
25,4,9,minecraft:smooth_stone
26,4,9,minecraft:smooth_stone
27,4,9,minecraft:smooth_stone
28,4,9,minecraft:smooth_stone
29,4,9,minecraft:smooth_stone
30,4,9,minecraft:smooth_stone
31,4,9,minecraft:smooth_stone
32,4,9,minecraft:smooth_stone
33,4,9,minecraft:smooth_stone
34,4,9,minecraft:smooth_stone
35,4,9,minecraft:smooth_stone
1,4,10,minecraft:smooth_stone
2,4,10,minecraft:smooth_stone
3,4,10,minecraft:smooth_stone
4,4,10,minecraft:smooth_stone
5,4,10,minecraft:smooth_stone
6,4,10,minecraft:smooth_stone
7,4,10,minecraft:smooth_stone
8,4,10,minecraft:smooth_stone
9,4,10,minecraft:smooth_stone
10,4,10,minecraft:smooth_stone
11,4,10,minecraft:smooth_stone
12,4,10,minecraft:smooth_stone
13,4,10,minecraft:smooth_stone
14,4,10,minecraft:smooth_stone
15,4,10,minecraft:smooth_stone
16,4,10,minecraft:smooth_stone
17,4,10,minecraft:smooth_stone
18,4,10,minecraft:smooth_stone
19,4,10,minecraft:smooth_stone
20,4,10,minecraft:smooth_stone
21,4,10,minecraft:smooth_stone
22,4,10,minecraft:smooth_stone
23,4,10,minecraft:smooth_stone
24,4,10,minecraft:smooth_stone
25,4,10,minecraft:smooth_stone
26,4,10,minecraft:smooth_stone
27,4,10,minecraft:smooth_stone
28,4,10,minecraft:smooth_stone
29,4,10,minecraft:smooth_stone
30,4,10,minecraft:smooth_stone
31,4,10,minecraft:smooth_stone
32,4,10,minecraft:smooth_stone
33,4,10,minecraft:smooth_stone
34,4,10,minecraft:smooth_stone
35,4,10,minecraft:smooth_stone
1,4,11,minecraft:smooth_stone
2,4,11,minecraft:smooth_stone
3,4,11,minecraft:smooth_stone
4,4,11,minecraft:smooth_stone
5,4,11,minecraft:smooth_stone
6,4,11,minecraft:smooth_stone
7,4,11,minecraft:smooth_stone
8,4,11,minecraft:smooth_stone
9,4,11,minecraft:smooth_stone
10,4,11,minecraft:smooth_stone
11,4,11,minecraft:smooth_stone
12,4,11,minecraft:smooth_stone
13,4,11,minecraft:smooth_stone
14,4,11,minecraft:smooth_stone
15,4,11,minecraft:smooth_stone
16,4,11,minecraft:smooth_stone
17,4,11,minecraft:smooth_stone
18,4,11,minecraft:smooth_stone
19,4,11,minecraft:smooth_stone
20,4,11,minecraft:smooth_stone
21,4,11,minecraft:smooth_stone
22,4,11,minecraft:smooth_stone
23,4,11,minecraft:smooth_stone
24,4,11,minecraft:smooth_stone
25,4,11,minecraft:smooth_stone
26,4,11,minecraft:smooth_stone
27,4,11,minecraft:smooth_stone
28,4,11,minecraft:smooth_stone
29,4,11,minecraft:smooth_stone
30,4,11,minecraft:smooth_stone
31,4,11,minecraft:smooth_stone
32,4,11,minecraft:smooth_stone
33,4,11,minecraft:smooth_stone
34,4,11,minecraft:smooth_stone
35,4,11,minecraft:smooth_stone
1,4,12,minecraft:smooth_stone
2,4,12,minecraft:smooth_stone
3,4,12,minecraft:smooth_stone
4,4,12,minecraft:smooth_stone
5,4,12,minecraft:smooth_stone
6,4,12,minecraft:smooth_stone
7,4,12,minecraft:smooth_stone
8,4,12,minecraft:smooth_stone
9,4,12,minecraft:smooth_stone
10,4,12,minecraft:smooth_stone
11,4,12,minecraft:smooth_stone
12,4,12,minecraft:smooth_stone
13,4,12,minecraft:smooth_stone
14,4,12,minecraft:smooth_stone
15,4,12,minecraft:smooth_stone
16,4,12,minecraft:smooth_stone
17,4,12,minecraft:smooth_stone
18,4,12,minecraft:smooth_stone
19,4,12,minecraft:smooth_stone
20,4,12,minecraft:smooth_stone
21,4,12,minecraft:smooth_stone
22,4,12,minecraft:smooth_stone
23,4,12,minecraft:smooth_stone
24,4,12,minecraft:smooth_stone
25,4,12,minecraft:smooth_stone
26,4,12,minecraft:smooth_stone
27,4,12,minecraft:smooth_stone
28,4,12,minecraft:smooth_stone
29,4,12,minecraft:smooth_stone
30,4,12,minecraft:smooth_stone
31,4,12,minecraft:smooth_stone
32,4,12,minecraft:smooth_stone
33,4,12,minecraft:smooth_stone
34,4,12,minecraft:smooth_stone
35,4,12,minecraft:smooth_stone
1,4,13,minecraft:smooth_stone
2,4,13,minecraft:smooth_stone
3,4,13,minecraft:smooth_stone
4,4,13,minecraft:smooth_stone
5,4,13,minecraft:smooth_stone
6,4,13,minecraft:smooth_stone
7,4,13,minecraft:smooth_stone
8,4,13,minecraft:smooth_stone
9,4,13,minecraft:smooth_stone
10,4,13,minecraft:smooth_stone
11,4,13,minecraft:smooth_stone
12,4,13,minecraft:smooth_stone
13,4,13,minecraft:smooth_stone
14,4,13,minecraft:smooth_stone
15,4,13,minecraft:smooth_stone
16,4,13,minecraft:smooth_stone
17,4,13,minecraft:smooth_stone
18,4,13,minecraft:smooth_stone
19,4,13,minecraft:smooth_stone
20,4,13,minecraft:smooth_stone
21,4,13,minecraft:smooth_stone
22,4,13,minecraft:smooth_stone
23,4,13,minecraft:smooth_stone
24,4,13,minecraft:smooth_stone
25,4,13,minecraft:smooth_stone
26,4,13,minecraft:smooth_stone
27,4,13,minecraft:smooth_stone
28,4,13,minecraft:smooth_stone
29,4,13,minecraft:smooth_stone
30,4,13,minecraft:smooth_stone
31,4,13,minecraft:smooth_stone
32,4,13,minecraft:smooth_stone
33,4,13,minecraft:smooth_stone
34,4,13,minecraft:smooth_stone
35,4,13,minecraft:smooth_stone
1,4,14,minecraft:smooth_stone
2,4,14,minecraft:smooth_stone
3,4,14,minecraft:smooth_stone
4,4,14,minecraft:smooth_stone
5,4,14,minecraft:smooth_stone
6,4,14,minecraft:smooth_stone
7,4,14,minecraft:smooth_stone
8,4,14,minecraft:smooth_stone
9,4,14,minecraft:smooth_stone
10,4,14,minecraft:smooth_stone
11,4,14,minecraft:smooth_stone
12,4,14,minecraft:smooth_stone
13,4,14,minecraft:smooth_stone
14,4,14,minecraft:smooth_stone
15,4,14,minecraft:smooth_stone
16,4,14,minecraft:smooth_stone
17,4,14,minecraft:smooth_stone
18,4,14,minecraft:smooth_stone
19,4,14,minecraft:smooth_stone
20,4,14,minecraft:smooth_stone
21,4,14,minecraft:smooth_stone
22,4,14,minecraft:smooth_stone
23,4,14,minecraft:smooth_stone
24,4,14,minecraft:smooth_stone
25,4,14,minecraft:smooth_stone
26,4,14,minecraft:smooth_stone
27,4,14,minecraft:smooth_stone
28,4,14,minecraft:smooth_stone
29,4,14,minecraft:smooth_stone
30,4,14,minecraft:smooth_stone
31,4,14,minecraft:smooth_stone
32,4,14,minecraft:smooth_stone
33,4,14,minecraft:smooth_stone
34,4,14,minecraft:smooth_stone
35,4,14,minecraft:smooth_stone
1,4,15,minecraft:smooth_stone
2,4,15,minecraft:smooth_stone
3,4,15,minecraft:smooth_stone
4,4,15,minecraft:smooth_stone
5,4,15,minecraft:smooth_stone
6,4,15,minecraft:smooth_stone
7,4,15,minecraft:smooth_stone
8,4,15,minecraft:smooth_stone
9,4,15,minecraft:smooth_stone
10,4,15,minecraft:smooth_stone
11,4,15,minecraft:smooth_stone
12,4,15,minecraft:smooth_stone
13,4,15,minecraft:smooth_stone
14,4,15,minecraft:smooth_stone
15,4,15,minecraft:smooth_stone
16,4,15,minecraft:smooth_stone
17,4,15,minecraft:smooth_stone
18,4,15,minecraft:smooth_stone
19,4,15,minecraft:smooth_stone
20,4,15,minecraft:smooth_stone
21,4,15,minecraft:smooth_stone
22,4,15,minecraft:smooth_stone
23,4,15,minecraft:smooth_stone
24,4,15,minecraft:smooth_stone
25,4,15,minecraft:smooth_stone
26,4,15,minecraft:smooth_stone
27,4,15,minecraft:smooth_stone
28,4,15,minecraft:smooth_stone
29,4,15,minecraft:smooth_stone
30,4,15,minecraft:smooth_stone
31,4,15,minecraft:smooth_stone
32,4,15,minecraft:smooth_stone
33,4,15,minecraft:smooth_stone
34,4,15,minecraft:smooth_stone
35,4,15,minecraft:smooth_stone
1,4,16,minecraft:smooth_stone
2,4,16,minecraft:smooth_stone
3,4,16,minecraft:smooth_stone
4,4,16,minecraft:smooth_stone
5,4,16,minecraft:smooth_stone
6,4,16,minecraft:smooth_stone
7,4,16,minecraft:smooth_stone
8,4,16,minecraft:smooth_stone
9,4,16,minecraft:smooth_stone
10,4,16,minecraft:smooth_stone
11,4,16,minecraft:smooth_stone
12,4,16,minecraft:smooth_stone
13,4,16,minecraft:smooth_stone
14,4,16,minecraft:smooth_stone
15,4,16,minecraft:smooth_stone
16,4,16,minecraft:smooth_stone
17,4,16,minecraft:smooth_stone
18,4,16,minecraft:smooth_stone
19,4,16,minecraft:smooth_stone
20,4,16,minecraft:smooth_stone
21,4,16,minecraft:smooth_stone
22,4,16,minecraft:smooth_stone
23,4,16,minecraft:smooth_stone
24,4,16,minecraft:smooth_stone
25,4,16,minecraft:smooth_stone
26,4,16,minecraft:smooth_stone
27,4,16,minecraft:smooth_stone
28,4,16,minecraft:smooth_stone
29,4,16,minecraft:smooth_stone
30,4,16,minecraft:smooth_stone
31,4,16,minecraft:smooth_stone
32,4,16,minecraft:smooth_stone
33,4,16,minecraft:smooth_stone
34,4,16,minecraft:smooth_stone
35,4,16,minecraft:smooth_stone
1,4,17,minecraft:smooth_stone
2,4,17,minecraft:smooth_stone
3,4,17,minecraft:smooth_stone
4,4,17,minecraft:smooth_stone
5,4,17,minecraft:smooth_stone
6,4,17,minecraft:smooth_stone
7,4,17,minecraft:smooth_stone
8,4,17,minecraft:smooth_stone
9,4,17,minecraft:smooth_stone
10,4,17,minecraft:smooth_stone
11,4,17,minecraft:smooth_stone
12,4,17,minecraft:smooth_stone
13,4,17,minecraft:smooth_stone
14,4,17,minecraft:smooth_stone
15,4,17,minecraft:smooth_stone
16,4,17,minecraft:smooth_stone
17,4,17,minecraft:smooth_stone
18,4,17,minecraft:smooth_stone
19,4,17,minecraft:smooth_stone
20,4,17,minecraft:smooth_stone
21,4,17,minecraft:smooth_stone
22,4,17,minecraft:smooth_stone
23,4,17,minecraft:smooth_stone
24,4,17,minecraft:smooth_stone
25,4,17,minecraft:smooth_stone
26,4,17,minecraft:smooth_stone
27,4,17,minecraft:smooth_stone
28,4,17,minecraft:smooth_stone
29,4,17,minecraft:smooth_stone
30,4,17,minecraft:smooth_stone
31,4,17,minecraft:smooth_stone
32,4,17,minecraft:smooth_stone
33,4,17,minecraft:smooth_stone
34,4,17,minecraft:smooth_stone
35,4,17,minecraft:smooth_stone
1,4,18,minecraft:cut_copper
2,4,18,minecraft:cut_copper
3,4,18,minecraft:cut_copper
4,4,18,minecraft:cut_copper
5,4,18,minecraft:cut_copper
6,4,18,minecraft:cut_copper
7,4,18,minecraft:cut_copper
8,4,18,minecraft:smooth_stone
9,4,18,minecraft:smooth_stone
10,4,18,minecraft:smooth_stone
11,4,18,minecraft:smooth_stone
12,4,18,minecraft:smooth_stone
13,4,18,minecraft:smooth_stone
14,4,18,minecraft:smooth_stone
15,4,18,minecraft:smooth_stone
16,4,18,minecraft:smooth_stone
17,4,18,minecraft:smooth_stone
18,4,18,minecraft:smooth_stone
19,4,18,minecraft:smooth_stone
20,4,18,minecraft:smooth_stone
21,4,18,minecraft:smooth_stone
22,4,18,minecraft:smooth_stone
23,4,18,minecraft:smooth_stone
24,4,18,minecraft:smooth_stone
25,4,18,minecraft:smooth_stone
26,4,18,minecraft:smooth_stone
27,4,18,minecraft:smooth_stone
28,4,18,minecraft:smooth_stone
29,4,18,minecraft:cut_copper
30,4,18,minecraft:cut_copper
31,4,18,minecraft:cut_copper
32,4,18,minecraft:cut_copper
33,4,18,minecraft:cut_copper
34,4,18,minecraft:cut_copper
35,4,18,minecraft:cut_copper
1,4,19,minecraft:smooth_stone
2,4,19,minecraft:smooth_stone
3,4,19,minecraft:smooth_stone
4,4,19,minecraft:smooth_stone
5,4,19,minecraft:smooth_stone
6,4,19,minecraft:smooth_stone
7,4,19,minecraft:smooth_stone
8,4,19,minecraft:smooth_stone
9,4,19,minecraft:smooth_stone
10,4,19,minecraft:smooth_stone
11,4,19,minecraft:smooth_stone
12,4,19,minecraft:smooth_stone
13,4,19,minecraft:smooth_stone
14,4,19,minecraft:smooth_stone
15,4,19,minecraft:smooth_stone
16,4,19,minecraft:smooth_stone
17,4,19,minecraft:smooth_stone
18,4,19,minecraft:smooth_stone
19,4,19,minecraft:smooth_stone
20,4,19,minecraft:smooth_stone
21,4,19,minecraft:smooth_stone
22,4,19,minecraft:smooth_stone
23,4,19,minecraft:smooth_stone
24,4,19,minecraft:smooth_stone
25,4,19,minecraft:smooth_stone
26,4,19,minecraft:smooth_stone
27,4,19,minecraft:smooth_stone
28,4,19,minecraft:smooth_stone
29,4,19,minecraft:smooth_stone
30,4,19,minecraft:smooth_stone
31,4,19,minecraft:smooth_stone
32,4,19,minecraft:smooth_stone
33,4,19,minecraft:smooth_stone
34,4,19,minecraft:smooth_stone
35,4,19,minecraft:smooth_stone
1,4,20,minecraft:smooth_stone
2,4,20,minecraft:smooth_stone
3,4,20,minecraft:smooth_stone
4,4,20,minecraft:smooth_stone
5,4,20,minecraft:smooth_stone
6,4,20,minecraft:smooth_stone
7,4,20,minecraft:smooth_stone
8,4,20,minecraft:smooth_stone
9,4,20,minecraft:smooth_stone
10,4,20,minecraft:smooth_stone
11,4,20,minecraft:smooth_stone
12,4,20,minecraft:smooth_stone
13,4,20,minecraft:smooth_stone
14,4,20,minecraft:smooth_stone
15,4,20,minecraft:smooth_stone
16,4,20,minecraft:smooth_stone
17,4,20,minecraft:smooth_stone
18,4,20,minecraft:smooth_stone
19,4,20,minecraft:smooth_stone
20,4,20,minecraft:smooth_stone
21,4,20,minecraft:smooth_stone
22,4,20,minecraft:smooth_stone
23,4,20,minecraft:smooth_stone
24,4,20,minecraft:smooth_stone
25,4,20,minecraft:smooth_stone
26,4,20,minecraft:smooth_stone
27,4,20,minecraft:smooth_stone
28,4,20,minecraft:smooth_stone
29,4,20,minecraft:smooth_stone
30,4,20,minecraft:smooth_stone
31,4,20,minecraft:smooth_stone
32,4,20,minecraft:smooth_stone
33,4,20,minecraft:smooth_stone
34,4,20,minecraft:smooth_stone
35,4,20,minecraft:smooth_stone
1,4,21,minecraft:smooth_stone
2,4,21,minecraft:smooth_stone
3,4,21,minecraft:smooth_stone
4,4,21,minecraft:smooth_stone
5,4,21,minecraft:smooth_stone
6,4,21,minecraft:smooth_stone
7,4,21,minecraft:smooth_stone
8,4,21,minecraft:smooth_stone
9,4,21,minecraft:smooth_stone
10,4,21,minecraft:smooth_stone
11,4,21,minecraft:smooth_stone
12,4,21,minecraft:smooth_stone
13,4,21,minecraft:smooth_stone
14,4,21,minecraft:smooth_stone
15,4,21,minecraft:smooth_stone
16,4,21,minecraft:smooth_stone
17,4,21,minecraft:smooth_stone
18,4,21,minecraft:smooth_stone
19,4,21,minecraft:smooth_stone
20,4,21,minecraft:smooth_stone
21,4,21,minecraft:smooth_stone
22,4,21,minecraft:smooth_stone
23,4,21,minecraft:smooth_stone
24,4,21,minecraft:smooth_stone
25,4,21,minecraft:smooth_stone
26,4,21,minecraft:smooth_stone
27,4,21,minecraft:smooth_stone
28,4,21,minecraft:smooth_stone
29,4,21,minecraft:smooth_stone
30,4,21,minecraft:smooth_stone
31,4,21,minecraft:smooth_stone
32,4,21,minecraft:smooth_stone
33,4,21,minecraft:smooth_stone
34,4,21,minecraft:smooth_stone
35,4,21,minecraft:smooth_stone
1,4,22,minecraft:smooth_stone
2,4,22,minecraft:smooth_stone
3,4,22,minecraft:smooth_stone
4,4,22,minecraft:smooth_stone
5,4,22,minecraft:smooth_stone
6,4,22,minecraft:smooth_stone
7,4,22,minecraft:smooth_stone
8,4,22,minecraft:smooth_stone
9,4,22,minecraft:smooth_stone
10,4,22,minecraft:smooth_stone
11,4,22,minecraft:smooth_stone
12,4,22,minecraft:smooth_stone
13,4,22,minecraft:smooth_stone
14,4,22,minecraft:smooth_stone
15,4,22,minecraft:smooth_stone
16,4,22,minecraft:smooth_stone
17,4,22,minecraft:smooth_stone
18,4,22,minecraft:smooth_stone
19,4,22,minecraft:smooth_stone
20,4,22,minecraft:smooth_stone
21,4,22,minecraft:smooth_stone
22,4,22,minecraft:smooth_stone
23,4,22,minecraft:smooth_stone
24,4,22,minecraft:smooth_stone
25,4,22,minecraft:smooth_stone
26,4,22,minecraft:smooth_stone
27,4,22,minecraft:smooth_stone
28,4,22,minecraft:smooth_stone
29,4,22,minecraft:smooth_stone
30,4,22,minecraft:smooth_stone
31,4,22,minecraft:smooth_stone
32,4,22,minecraft:smooth_stone
33,4,22,minecraft:smooth_stone
34,4,22,minecraft:smooth_stone
35,4,22,minecraft:smooth_stone
1,4,23,minecraft:smooth_stone
2,4,23,minecraft:smooth_stone
3,4,23,minecraft:smooth_stone
4,4,23,minecraft:smooth_stone
5,4,23,minecraft:smooth_stone
6,4,23,minecraft:smooth_stone
7,4,23,minecraft:smooth_stone
8,4,23,minecraft:smooth_stone
9,4,23,minecraft:smooth_stone
10,4,23,minecraft:smooth_stone
11,4,23,minecraft:smooth_stone
12,4,23,minecraft:smooth_stone
13,4,23,minecraft:smooth_stone
14,4,23,minecraft:smooth_stone
15,4,23,minecraft:smooth_stone
16,4,23,minecraft:smooth_stone
17,4,23,minecraft:smooth_stone
18,4,23,minecraft:smooth_stone
19,4,23,minecraft:smooth_stone
20,4,23,minecraft:smooth_stone
21,4,23,minecraft:smooth_stone
22,4,23,minecraft:smooth_stone
23,4,23,minecraft:smooth_stone
24,4,23,minecraft:smooth_stone
25,4,23,minecraft:smooth_stone
26,4,23,minecraft:smooth_stone
27,4,23,minecraft:smooth_stone
28,4,23,minecraft:smooth_stone
29,4,23,minecraft:smooth_stone
30,4,23,minecraft:smooth_stone
31,4,23,minecraft:smooth_stone
32,4,23,minecraft:smooth_stone
33,4,23,minecraft:smooth_stone
34,4,23,minecraft:smooth_stone
35,4,23,minecraft:smooth_stone
1,4,24,minecraft:smooth_stone
2,4,24,minecraft:smooth_stone
3,4,24,minecraft:smooth_stone
4,4,24,minecraft:smooth_stone
5,4,24,minecraft:smooth_stone
6,4,24,minecraft:smooth_stone
7,4,24,minecraft:smooth_stone
8,4,24,minecraft:smooth_stone
9,4,24,minecraft:smooth_stone
10,4,24,minecraft:smooth_stone
11,4,24,minecraft:smooth_stone
12,4,24,minecraft:smooth_stone
13,4,24,minecraft:smooth_stone
14,4,24,minecraft:smooth_stone
15,4,24,minecraft:smooth_stone
16,4,24,minecraft:smooth_stone
17,4,24,minecraft:smooth_stone
18,4,24,minecraft:smooth_stone
19,4,24,minecraft:smooth_stone
20,4,24,minecraft:smooth_stone
21,4,24,minecraft:smooth_stone
22,4,24,minecraft:smooth_stone
23,4,24,minecraft:smooth_stone
24,4,24,minecraft:smooth_stone
25,4,24,minecraft:smooth_stone
26,4,24,minecraft:smooth_stone
27,4,24,minecraft:smooth_stone
28,4,24,minecraft:smooth_stone
29,4,24,minecraft:smooth_stone
30,4,24,minecraft:smooth_stone
31,4,24,minecraft:smooth_stone
32,4,24,minecraft:smooth_stone
33,4,24,minecraft:smooth_stone
34,4,24,minecraft:smooth_stone
35,4,24,minecraft:smooth_stone
1,4,25,minecraft:smooth_stone
2,4,25,minecraft:smooth_stone
3,4,25,minecraft:smooth_stone
4,4,25,minecraft:smooth_stone
5,4,25,minecraft:smooth_stone
6,4,25,minecraft:smooth_stone
7,4,25,minecraft:smooth_stone
8,4,25,minecraft:smooth_stone
9,4,25,minecraft:smooth_stone
10,4,25,minecraft:smooth_stone
11,4,25,minecraft:smooth_stone
12,4,25,minecraft:smooth_stone
13,4,25,minecraft:smooth_stone
14,4,25,minecraft:smooth_stone
15,4,25,minecraft:smooth_stone
16,4,25,minecraft:smooth_stone
17,4,25,minecraft:smooth_stone
18,4,25,minecraft:smooth_stone
19,4,25,minecraft:smooth_stone
20,4,25,minecraft:smooth_stone
21,4,25,minecraft:smooth_stone
22,4,25,minecraft:smooth_stone
23,4,25,minecraft:smooth_stone
24,4,25,minecraft:smooth_stone
25,4,25,minecraft:smooth_stone
26,4,25,minecraft:smooth_stone
27,4,25,minecraft:smooth_stone
28,4,25,minecraft:smooth_stone
29,4,25,minecraft:smooth_stone
30,4,25,minecraft:smooth_stone
31,4,25,minecraft:smooth_stone
32,4,25,minecraft:smooth_stone
33,4,25,minecraft:smooth_stone
34,4,25,minecraft:smooth_stone
35,4,25,minecraft:smooth_stone
1,4,26,minecraft:smooth_stone
2,4,26,minecraft:smooth_stone
3,4,26,minecraft:smooth_stone
4,4,26,minecraft:smooth_stone
5,4,26,minecraft:smooth_stone
6,4,26,minecraft:smooth_stone
7,4,26,minecraft:smooth_stone
8,4,26,minecraft:smooth_stone
9,4,26,minecraft:smooth_stone
10,4,26,minecraft:smooth_stone
11,4,26,minecraft:smooth_stone
12,4,26,minecraft:smooth_stone
13,4,26,minecraft:smooth_stone
14,4,26,minecraft:smooth_stone
15,4,26,minecraft:smooth_stone
16,4,26,minecraft:smooth_stone
17,4,26,minecraft:smooth_stone
18,4,26,minecraft:smooth_stone
19,4,26,minecraft:smooth_stone
20,4,26,minecraft:smooth_stone
21,4,26,minecraft:smooth_stone
22,4,26,minecraft:smooth_stone
23,4,26,minecraft:smooth_stone
24,4,26,minecraft:smooth_stone
25,4,26,minecraft:smooth_stone
26,4,26,minecraft:smooth_stone
27,4,26,minecraft:smooth_stone
28,4,26,minecraft:smooth_stone
29,4,26,minecraft:smooth_stone
30,4,26,minecraft:smooth_stone
31,4,26,minecraft:smooth_stone
32,4,26,minecraft:smooth_stone
33,4,26,minecraft:smooth_stone
34,4,26,minecraft:smooth_stone
35,4,26,minecraft:smooth_stone
1,4,27,minecraft:smooth_stone
2,4,27,minecraft:smooth_stone
3,4,27,minecraft:smooth_stone
4,4,27,minecraft:smooth_stone
5,4,27,minecraft:smooth_stone
6,4,27,minecraft:smooth_stone
7,4,27,minecraft:smooth_stone
8,4,27,minecraft:smooth_stone
9,4,27,minecraft:smooth_stone
10,4,27,minecraft:smooth_stone
11,4,27,minecraft:smooth_stone
12,4,27,minecraft:smooth_stone
13,4,27,minecraft:smooth_stone
14,4,27,minecraft:smooth_stone
15,4,27,minecraft:smooth_stone
16,4,27,minecraft:smooth_stone
17,4,27,minecraft:smooth_stone
18,4,27,minecraft:smooth_stone
19,4,27,minecraft:smooth_stone
20,4,27,minecraft:smooth_stone
21,4,27,minecraft:smooth_stone
22,4,27,minecraft:smooth_stone
23,4,27,minecraft:smooth_stone
24,4,27,minecraft:smooth_stone
25,4,27,minecraft:smooth_stone
26,4,27,minecraft:smooth_stone
27,4,27,minecraft:smooth_stone
28,4,27,minecraft:smooth_stone
29,4,27,minecraft:smooth_stone
30,4,27,minecraft:smooth_stone
31,4,27,minecraft:smooth_stone
32,4,27,minecraft:smooth_stone
33,4,27,minecraft:smooth_stone
34,4,27,minecraft:smooth_stone
35,4,27,minecraft:smooth_stone
1,4,28,minecraft:smooth_stone
2,4,28,minecraft:smooth_stone
3,4,28,minecraft:smooth_stone
4,4,28,minecraft:smooth_stone
5,4,28,minecraft:smooth_stone
6,4,28,minecraft:smooth_stone
7,4,28,minecraft:smooth_stone
8,4,28,minecraft:smooth_stone
9,4,28,minecraft:smooth_stone
10,4,28,minecraft:smooth_stone
11,4,28,minecraft:smooth_stone
12,4,28,minecraft:smooth_stone
13,4,28,minecraft:smooth_stone
14,4,28,minecraft:smooth_stone
15,4,28,minecraft:smooth_stone
16,4,28,minecraft:smooth_stone
17,4,28,minecraft:smooth_stone
18,4,28,minecraft:smooth_stone
19,4,28,minecraft:smooth_stone
20,4,28,minecraft:smooth_stone
21,4,28,minecraft:smooth_stone
22,4,28,minecraft:smooth_stone
23,4,28,minecraft:smooth_stone
24,4,28,minecraft:smooth_stone
25,4,28,minecraft:smooth_stone
26,4,28,minecraft:smooth_stone
27,4,28,minecraft:smooth_stone
28,4,28,minecraft:smooth_stone
29,4,28,minecraft:smooth_stone
30,4,28,minecraft:smooth_stone
31,4,28,minecraft:smooth_stone
32,4,28,minecraft:smooth_stone
33,4,28,minecraft:smooth_stone
34,4,28,minecraft:smooth_stone
35,4,28,minecraft:smooth_stone
1,4,29,minecraft:smooth_stone
2,4,29,minecraft:smooth_stone
3,4,29,minecraft:smooth_stone
4,4,29,minecraft:smooth_stone
5,4,29,minecraft:smooth_stone
6,4,29,minecraft:smooth_stone
7,4,29,minecraft:smooth_stone
8,4,29,minecraft:smooth_stone
9,4,29,minecraft:smooth_stone
10,4,29,minecraft:smooth_stone
11,4,29,minecraft:smooth_stone
12,4,29,minecraft:smooth_stone
13,4,29,minecraft:smooth_stone
14,4,29,minecraft:smooth_stone
15,4,29,minecraft:smooth_stone
16,4,29,minecraft:smooth_stone
17,4,29,minecraft:smooth_stone
18,4,29,minecraft:cut_copper
19,4,29,minecraft:smooth_stone
20,4,29,minecraft:smooth_stone
21,4,29,minecraft:smooth_stone
22,4,29,minecraft:smooth_stone
23,4,29,minecraft:smooth_stone
24,4,29,minecraft:smooth_stone
25,4,29,minecraft:smooth_stone
26,4,29,minecraft:smooth_stone
27,4,29,minecraft:smooth_stone
28,4,29,minecraft:smooth_stone
29,4,29,minecraft:smooth_stone
30,4,29,minecraft:smooth_stone
31,4,29,minecraft:smooth_stone
32,4,29,minecraft:smooth_stone
33,4,29,minecraft:smooth_stone
34,4,29,minecraft:smooth_stone
35,4,29,minecraft:smooth_stone
1,4,30,minecraft:smooth_stone
2,4,30,minecraft:smooth_stone
3,4,30,minecraft:smooth_stone
4,4,30,minecraft:smooth_stone
5,4,30,minecraft:smooth_stone
6,4,30,minecraft:smooth_stone
7,4,30,minecraft:smooth_stone
8,4,30,minecraft:smooth_stone
9,4,30,minecraft:smooth_stone
10,4,30,minecraft:smooth_stone
11,4,30,minecraft:smooth_stone
12,4,30,minecraft:smooth_stone
13,4,30,minecraft:smooth_stone
14,4,30,minecraft:smooth_stone
15,4,30,minecraft:smooth_stone
16,4,30,minecraft:smooth_stone
17,4,30,minecraft:smooth_stone
18,4,30,minecraft:cut_copper
19,4,30,minecraft:smooth_stone
20,4,30,minecraft:smooth_stone
21,4,30,minecraft:smooth_stone
22,4,30,minecraft:smooth_stone
23,4,30,minecraft:smooth_stone
24,4,30,minecraft:smooth_stone
25,4,30,minecraft:smooth_stone
26,4,30,minecraft:smooth_stone
27,4,30,minecraft:smooth_stone
28,4,30,minecraft:smooth_stone
29,4,30,minecraft:smooth_stone
30,4,30,minecraft:smooth_stone
31,4,30,minecraft:smooth_stone
32,4,30,minecraft:smooth_stone
33,4,30,minecraft:smooth_stone
34,4,30,minecraft:smooth_stone
35,4,30,minecraft:smooth_stone
1,4,31,minecraft:smooth_stone
2,4,31,minecraft:smooth_stone
3,4,31,minecraft:smooth_stone
4,4,31,minecraft:smooth_stone
5,4,31,minecraft:smooth_stone
6,4,31,minecraft:smooth_stone
7,4,31,minecraft:smooth_stone
8,4,31,minecraft:smooth_stone
9,4,31,minecraft:smooth_stone
10,4,31,minecraft:smooth_stone
11,4,31,minecraft:smooth_stone
12,4,31,minecraft:smooth_stone
13,4,31,minecraft:smooth_stone
14,4,31,minecraft:smooth_stone
15,4,31,minecraft:smooth_stone
16,4,31,minecraft:smooth_stone
17,4,31,minecraft:smooth_stone
18,4,31,minecraft:cut_copper
19,4,31,minecraft:smooth_stone
20,4,31,minecraft:smooth_stone
21,4,31,minecraft:smooth_stone
22,4,31,minecraft:smooth_stone
23,4,31,minecraft:smooth_stone
24,4,31,minecraft:smooth_stone
25,4,31,minecraft:smooth_stone
26,4,31,minecraft:smooth_stone
27,4,31,minecraft:smooth_stone
28,4,31,minecraft:smooth_stone
29,4,31,minecraft:smooth_stone
30,4,31,minecraft:smooth_stone
31,4,31,minecraft:smooth_stone
32,4,31,minecraft:smooth_stone
33,4,31,minecraft:smooth_stone
34,4,31,minecraft:smooth_stone
35,4,31,minecraft:smooth_stone
1,4,32,minecraft:smooth_stone
2,4,32,minecraft:smooth_stone
3,4,32,minecraft:smooth_stone
4,4,32,minecraft:smooth_stone
5,4,32,minecraft:smooth_stone
6,4,32,minecraft:smooth_stone
7,4,32,minecraft:smooth_stone
8,4,32,minecraft:smooth_stone
9,4,32,minecraft:smooth_stone
10,4,32,minecraft:smooth_stone
11,4,32,minecraft:smooth_stone
12,4,32,minecraft:smooth_stone
13,4,32,minecraft:smooth_stone
14,4,32,minecraft:smooth_stone
15,4,32,minecraft:smooth_stone
16,4,32,"minecraft:stone_brick_stairs[facing=north,half=bottom,shape=straight,waterlogged=false]"
17,4,32,"minecraft:stone_brick_stairs[facing=north,half=bottom,shape=straight,waterlogged=false]"
18,4,32,"minecraft:cut_copper_stairs[facing=north,half=bottom,shape=straight,waterlogged=false]"
19,4,32,"minecraft:stone_brick_stairs[facing=north,half=bottom,shape=straight,waterlogged=false]"
20,4,32,"minecraft:stone_brick_stairs[facing=north,half=bottom,shape=straight,waterlogged=false]"
21,4,32,minecraft:smooth_stone
22,4,32,minecraft:smooth_stone
23,4,32,minecraft:smooth_stone
24,4,32,minecraft:smooth_stone
25,4,32,minecraft:smooth_stone
26,4,32,minecraft:smooth_stone
27,4,32,minecraft:smooth_stone
28,4,32,minecraft:smooth_stone
29,4,32,minecraft:smooth_stone
30,4,32,minecraft:smooth_stone
31,4,32,minecraft:smooth_stone
32,4,32,minecraft:smooth_stone
33,4,32,minecraft:smooth_stone
34,4,32,minecraft:smooth_stone
35,4,32,minecraft:smooth_stone
1,4,33,minecraft:smooth_stone
2,4,33,minecraft:smooth_stone
3,4,33,minecraft:smooth_stone
4,4,33,minecraft:smooth_stone
5,4,33,minecraft:smooth_stone
6,4,33,minecraft:smooth_stone
7,4,33,minecraft:smooth_stone
8,4,33,minecraft:smooth_stone
9,4,33,minecraft:smooth_stone
10,4,33,minecraft:smooth_stone
11,4,33,minecraft:smooth_stone
12,4,33,minecraft:smooth_stone
13,4,33,minecraft:smooth_stone
14,4,33,minecraft:smooth_stone
15,4,33,minecraft:smooth_stone
16,4,33,minecraft:smooth_stone
17,4,33,minecraft:smooth_stone
18,4,33,minecraft:cut_copper
19,4,33,minecraft:smooth_stone
20,4,33,minecraft:smooth_stone
21,4,33,minecraft:smooth_stone
22,4,33,minecraft:smooth_stone
23,4,33,minecraft:smooth_stone
24,4,33,minecraft:smooth_stone
25,4,33,minecraft:smooth_stone
26,4,33,minecraft:smooth_stone
27,4,33,minecraft:smooth_stone
28,4,33,minecraft:smooth_stone
29,4,33,minecraft:smooth_stone
30,4,33,minecraft:smooth_stone
31,4,33,minecraft:smooth_stone
32,4,33,minecraft:smooth_stone
33,4,33,minecraft:smooth_stone
34,4,33,minecraft:smooth_stone
35,4,33,minecraft:smooth_stone
1,4,34,minecraft:smooth_stone
2,4,34,minecraft:smooth_stone
3,4,34,minecraft:smooth_stone
4,4,34,minecraft:smooth_stone
5,4,34,minecraft:smooth_stone
6,4,34,minecraft:smooth_stone
7,4,34,minecraft:smooth_stone
8,4,34,minecraft:smooth_stone
9,4,34,minecraft:smooth_stone
10,4,34,minecraft:smooth_stone
11,4,34,minecraft:smooth_stone
12,4,34,minecraft:smooth_stone
13,4,34,minecraft:smooth_stone
14,4,34,minecraft:smooth_stone
15,4,34,minecraft:smooth_stone
16,4,34,minecraft:smooth_stone
17,4,34,minecraft:smooth_stone
18,4,34,minecraft:cut_copper
19,4,34,minecraft:smooth_stone
20,4,34,minecraft:smooth_stone
21,4,34,minecraft:smooth_stone
22,4,34,minecraft:smooth_stone
23,4,34,minecraft:smooth_stone
24,4,34,minecraft:smooth_stone
25,4,34,minecraft:smooth_stone
26,4,34,minecraft:smooth_stone
27,4,34,minecraft:smooth_stone
28,4,34,minecraft:smooth_stone
29,4,34,minecraft:smooth_stone
30,4,34,minecraft:smooth_stone
31,4,34,minecraft:smooth_stone
32,4,34,minecraft:smooth_stone
33,4,34,minecraft:smooth_stone
34,4,34,minecraft:smooth_stone
35,4,34,minecraft:smooth_stone
1,4,35,minecraft:smooth_stone
2,4,35,minecraft:smooth_stone
3,4,35,minecraft:smooth_stone
4,4,35,minecraft:smooth_stone
5,4,35,minecraft:smooth_stone
6,4,35,minecraft:smooth_stone
7,4,35,minecraft:smooth_stone
8,4,35,minecraft:smooth_stone
9,4,35,minecraft:smooth_stone
10,4,35,minecraft:smooth_stone
11,4,35,minecraft:smooth_stone
12,4,35,minecraft:smooth_stone
13,4,35,minecraft:smooth_stone
14,4,35,minecraft:smooth_stone
15,4,35,minecraft:smooth_stone
16,4,35,minecraft:smooth_stone
17,4,35,minecraft:smooth_stone
18,4,35,minecraft:cut_copper
19,4,35,minecraft:smooth_stone
20,4,35,minecraft:smooth_stone
21,4,35,minecraft:smooth_stone
22,4,35,minecraft:smooth_stone
23,4,35,minecraft:smooth_stone
24,4,35,minecraft:smooth_stone
25,4,35,minecraft:smooth_stone
26,4,35,minecraft:smooth_stone
27,4,35,minecraft:smooth_stone
28,4,35,minecraft:smooth_stone
29,4,35,minecraft:smooth_stone
30,4,35,minecraft:smooth_stone
31,4,35,minecraft:smooth_stone
32,4,35,minecraft:smooth_stone
33,4,35,minecraft:smooth_stone
34,4,35,minecraft:smooth_stone
35,4,35,minecraft:smooth_stone
7,5,7,minecraft:deepslate_tiles
8,5,7,minecraft:deepslate_tiles
9,5,7,minecraft:deepslate_tiles
10,5,7,minecraft:deepslate_tiles
11,5,7,minecraft:deepslate_tiles
12,5,7,minecraft:deepslate_tiles
13,5,7,minecraft:deepslate_tiles
14,5,7,minecraft:deepslate_tiles
15,5,7,minecraft:deepslate_tiles
16,5,7,minecraft:deepslate_tiles
17,5,7,minecraft:deepslate_tiles
18,5,7,minecraft:cut_copper
19,5,7,minecraft:deepslate_tiles
20,5,7,minecraft:deepslate_tiles
21,5,7,minecraft:deepslate_tiles
22,5,7,minecraft:deepslate_tiles
23,5,7,minecraft:deepslate_tiles
24,5,7,minecraft:deepslate_tiles
25,5,7,minecraft:deepslate_tiles
26,5,7,minecraft:deepslate_tiles
27,5,7,minecraft:deepslate_tiles
28,5,7,minecraft:deepslate_tiles
29,5,7,minecraft:deepslate_tiles
7,5,8,minecraft:deepslate_tiles
29,5,8,minecraft:deepslate_tiles
7,5,9,minecraft:deepslate_tiles
29,5,9,minecraft:deepslate_tiles
7,5,10,minecraft:deepslate_tiles
29,5,10,minecraft:deepslate_tiles
7,5,11,minecraft:deepslate_tiles
29,5,11,minecraft:deepslate_tiles
7,5,12,minecraft:deepslate_tiles
29,5,12,minecraft:deepslate_tiles
7,5,13,minecraft:deepslate_tiles
29,5,13,minecraft:deepslate_tiles
7,5,14,minecraft:deepslate_tiles
29,5,14,minecraft:deepslate_tiles
7,5,15,minecraft:deepslate_tiles
29,5,15,minecraft:deepslate_tiles
7,5,16,minecraft:deepslate_tiles
29,5,16,minecraft:deepslate_tiles
7,5,17,minecraft:deepslate_tiles
29,5,17,minecraft:deepslate_tiles
7,5,18,minecraft:cut_copper
29,5,18,minecraft:cut_copper
7,5,19,minecraft:deepslate_tiles
29,5,19,minecraft:deepslate_tiles
7,5,20,minecraft:deepslate_tiles
29,5,20,minecraft:deepslate_tiles
7,5,21,minecraft:deepslate_tiles
29,5,21,minecraft:deepslate_tiles
7,5,22,minecraft:deepslate_tiles
29,5,22,minecraft:deepslate_tiles
7,5,23,minecraft:deepslate_tiles
29,5,23,minecraft:deepslate_tiles
7,5,24,minecraft:deepslate_tiles
29,5,24,minecraft:deepslate_tiles
7,5,25,minecraft:deepslate_tiles
29,5,25,minecraft:deepslate_tiles
7,5,26,minecraft:deepslate_tiles
29,5,26,minecraft:deepslate_tiles
7,5,27,minecraft:deepslate_tiles
29,5,27,minecraft:deepslate_tiles
7,5,28,minecraft:deepslate_tiles
29,5,28,minecraft:deepslate_tiles
7,5,29,minecraft:deepslate_tiles
8,5,29,minecraft:deepslate_tiles
9,5,29,minecraft:deepslate_tiles
10,5,29,minecraft:deepslate_tiles
11,5,29,minecraft:deepslate_tiles
12,5,29,minecraft:deepslate_tiles
13,5,29,minecraft:deepslate_tiles
14,5,29,minecraft:deepslate_tiles
15,5,29,minecraft:deepslate_tiles
16,5,29,"minecraft:stone_brick_stairs[facing=north,half=bottom,shape=straight,waterlogged=false]"
17,5,29,"minecraft:stone_brick_stairs[facing=north,half=bottom,shape=straight,waterlogged=false]"
18,5,29,"minecraft:cut_copper_stairs[facing=north,half=bottom,shape=straight,waterlogged=false]"
19,5,29,"minecraft:stone_brick_stairs[facing=north,half=bottom,shape=straight,waterlogged=false]"
20,5,29,"minecraft:stone_brick_stairs[facing=north,half=bottom,shape=straight,waterlogged=false]"
21,5,29,minecraft:deepslate_tiles
22,5,29,minecraft:deepslate_tiles
23,5,29,minecraft:deepslate_tiles
24,5,29,minecraft:deepslate_tiles
25,5,29,minecraft:deepslate_tiles
26,5,29,minecraft:deepslate_tiles
27,5,29,minecraft:deepslate_tiles
28,5,29,minecraft:deepslate_tiles
29,5,29,minecraft:deepslate_tiles
7,6,7,minecraft:stone_bricks
8,6,7,minecraft:stone_bricks
9,6,7,minecraft:stone_bricks
10,6,7,minecraft:stone_bricks
11,6,7,minecraft:stone_bricks
12,6,7,minecraft:stone_bricks
13,6,7,minecraft:stone_bricks
14,6,7,minecraft:stone_bricks
15,6,7,minecraft:stone_bricks
16,6,7,minecraft:stone_bricks
17,6,7,minecraft:stone_bricks
18,6,7,minecraft:cut_copper
19,6,7,minecraft:stone_bricks
20,6,7,minecraft:stone_bricks
21,6,7,minecraft:stone_bricks
22,6,7,minecraft:stone_bricks
23,6,7,minecraft:stone_bricks
24,6,7,minecraft:stone_bricks
25,6,7,minecraft:stone_bricks
26,6,7,minecraft:stone_bricks
27,6,7,minecraft:stone_bricks
28,6,7,minecraft:stone_bricks
29,6,7,minecraft:stone_bricks
7,6,8,minecraft:stone_bricks
29,6,8,minecraft:stone_bricks
7,6,9,minecraft:stone_bricks
29,6,9,minecraft:stone_bricks
7,6,10,minecraft:stone_bricks
29,6,10,minecraft:stone_bricks
7,6,11,minecraft:stone_bricks
29,6,11,minecraft:stone_bricks
7,6,12,minecraft:stone_bricks
29,6,12,minecraft:stone_bricks
7,6,13,minecraft:stone_bricks
29,6,13,minecraft:stone_bricks
7,6,14,minecraft:stone_bricks
29,6,14,minecraft:stone_bricks
7,6,15,minecraft:stone_bricks
29,6,15,minecraft:stone_bricks
7,6,16,minecraft:stone_bricks
29,6,16,minecraft:stone_bricks
7,6,17,minecraft:stone_bricks
29,6,17,minecraft:stone_bricks
7,6,18,minecraft:cut_copper
29,6,18,minecraft:cut_copper
7,6,19,minecraft:stone_bricks
29,6,19,minecraft:stone_bricks
7,6,20,minecraft:stone_bricks
29,6,20,minecraft:stone_bricks
7,6,21,minecraft:stone_bricks
29,6,21,minecraft:stone_bricks
7,6,22,minecraft:stone_bricks
29,6,22,minecraft:stone_bricks
7,6,23,minecraft:stone_bricks
29,6,23,minecraft:stone_bricks
7,6,24,minecraft:stone_bricks
29,6,24,minecraft:stone_bricks
7,6,25,minecraft:stone_bricks
29,6,25,minecraft:stone_bricks
7,6,26,minecraft:stone_bricks
29,6,26,minecraft:stone_bricks
7,6,27,minecraft:stone_bricks
29,6,27,minecraft:stone_bricks
7,6,28,minecraft:stone_bricks
16,6,28,"minecraft:stone_brick_stairs[facing=north,half=bottom,shape=straight,waterlogged=false]"
17,6,28,"minecraft:stone_brick_stairs[facing=north,half=bottom,shape=straight,waterlogged=false]"
18,6,28,"minecraft:cut_copper_stairs[facing=north,half=bottom,shape=straight,waterlogged=false]"
19,6,28,"minecraft:stone_brick_stairs[facing=north,half=bottom,shape=straight,waterlogged=false]"
20,6,28,"minecraft:stone_brick_stairs[facing=north,half=bottom,shape=straight,waterlogged=false]"
29,6,28,minecraft:stone_bricks
7,6,29,minecraft:stone_bricks
8,6,29,minecraft:stone_bricks
9,6,29,minecraft:stone_bricks
10,6,29,minecraft:stone_bricks
11,6,29,minecraft:stone_bricks
12,6,29,minecraft:stone_bricks
13,6,29,minecraft:stone_bricks
14,6,29,minecraft:stone_bricks
15,6,29,minecraft:stone_bricks
16,6,29,minecraft:stone_bricks
17,6,29,minecraft:stone_bricks
18,6,29,minecraft:cut_copper
19,6,29,minecraft:stone_bricks
20,6,29,minecraft:stone_bricks
21,6,29,minecraft:stone_bricks
22,6,29,minecraft:stone_bricks
23,6,29,minecraft:stone_bricks
24,6,29,minecraft:stone_bricks
25,6,29,minecraft:stone_bricks
26,6,29,minecraft:stone_bricks
27,6,29,minecraft:stone_bricks
28,6,29,minecraft:stone_bricks
29,6,29,minecraft:stone_bricks
7,7,7,minecraft:stone_bricks
8,7,7,minecraft:stone_bricks
9,7,7,minecraft:stone_bricks
10,7,7,minecraft:stone_bricks
11,7,7,minecraft:stone_bricks
12,7,7,minecraft:stone_bricks
13,7,7,minecraft:stone_bricks
14,7,7,minecraft:stone_bricks
15,7,7,minecraft:stone_bricks
16,7,7,minecraft:stone_bricks
17,7,7,minecraft:stone_bricks
18,7,7,minecraft:cut_copper
19,7,7,minecraft:stone_bricks
20,7,7,minecraft:stone_bricks
21,7,7,minecraft:stone_bricks
22,7,7,minecraft:stone_bricks
23,7,7,minecraft:stone_bricks
24,7,7,minecraft:stone_bricks
25,7,7,minecraft:stone_bricks
26,7,7,minecraft:stone_bricks
27,7,7,minecraft:stone_bricks
28,7,7,minecraft:stone_bricks
29,7,7,minecraft:stone_bricks
7,7,8,minecraft:stone_bricks
29,7,8,minecraft:stone_bricks
7,7,9,minecraft:stone_bricks
29,7,9,minecraft:stone_bricks
7,7,10,minecraft:stone_bricks
29,7,10,minecraft:stone_bricks
7,7,11,minecraft:stone_bricks
29,7,11,minecraft:stone_bricks
7,7,12,minecraft:stone_bricks
29,7,12,minecraft:stone_bricks
7,7,13,minecraft:stone_bricks
29,7,13,minecraft:stone_bricks
7,7,14,minecraft:stone_bricks
29,7,14,minecraft:stone_bricks
7,7,15,minecraft:stone_bricks
29,7,15,minecraft:stone_bricks
7,7,16,minecraft:stone_bricks
29,7,16,minecraft:stone_bricks
7,7,17,minecraft:stone_bricks
29,7,17,minecraft:stone_bricks
7,7,18,minecraft:cut_copper
29,7,18,minecraft:cut_copper
7,7,19,minecraft:stone_bricks
29,7,19,minecraft:stone_bricks
7,7,20,minecraft:stone_bricks
29,7,20,minecraft:stone_bricks
7,7,21,minecraft:stone_bricks
29,7,21,minecraft:stone_bricks
7,7,22,minecraft:stone_bricks
29,7,22,minecraft:stone_bricks
7,7,23,minecraft:stone_bricks
29,7,23,minecraft:stone_bricks
7,7,24,minecraft:stone_bricks
29,7,24,minecraft:stone_bricks
7,7,25,minecraft:stone_bricks
29,7,25,minecraft:stone_bricks
7,7,26,minecraft:stone_bricks
29,7,26,minecraft:stone_bricks
7,7,27,minecraft:stone_bricks
16,7,27,"minecraft:stone_brick_stairs[facing=north,half=bottom,shape=straight,waterlogged=false]"
17,7,27,"minecraft:stone_brick_stairs[facing=north,half=bottom,shape=straight,waterlogged=false]"
18,7,27,"minecraft:cut_copper_stairs[facing=north,half=bottom,shape=straight,waterlogged=false]"
19,7,27,"minecraft:stone_brick_stairs[facing=north,half=bottom,shape=straight,waterlogged=false]"
20,7,27,"minecraft:stone_brick_stairs[facing=north,half=bottom,shape=straight,waterlogged=false]"
29,7,27,minecraft:stone_bricks
7,7,28,minecraft:stone_bricks
29,7,28,minecraft:stone_bricks
7,7,29,minecraft:stone_bricks
8,7,29,minecraft:stone_bricks
9,7,29,minecraft:stone_bricks
10,7,29,minecraft:stone_bricks
11,7,29,minecraft:stone_bricks
12,7,29,minecraft:stone_bricks
13,7,29,minecraft:stone_bricks
14,7,29,minecraft:stone_bricks
15,7,29,minecraft:stone_bricks
16,7,29,minecraft:stone_bricks
17,7,29,minecraft:stone_bricks
18,7,29,minecraft:cut_copper
19,7,29,minecraft:stone_bricks
20,7,29,minecraft:stone_bricks
21,7,29,minecraft:stone_bricks
22,7,29,minecraft:stone_bricks
23,7,29,minecraft:stone_bricks
24,7,29,minecraft:stone_bricks
25,7,29,minecraft:stone_bricks
26,7,29,minecraft:stone_bricks
27,7,29,minecraft:stone_bricks
28,7,29,minecraft:stone_bricks
29,7,29,minecraft:stone_bricks
7,8,7,minecraft:stone_bricks
8,8,7,minecraft:stone_bricks
9,8,7,minecraft:stone_bricks
10,8,7,minecraft:stone_bricks
11,8,7,minecraft:stone_bricks
12,8,7,minecraft:stone_bricks
13,8,7,minecraft:stone_bricks
14,8,7,minecraft:stone_bricks
15,8,7,minecraft:stone_bricks
16,8,7,minecraft:stone_bricks
17,8,7,minecraft:stone_bricks
18,8,7,minecraft:cut_copper
19,8,7,minecraft:stone_bricks
20,8,7,minecraft:stone_bricks
21,8,7,minecraft:stone_bricks
22,8,7,minecraft:stone_bricks
23,8,7,minecraft:stone_bricks
24,8,7,minecraft:stone_bricks
25,8,7,minecraft:stone_bricks
26,8,7,minecraft:stone_bricks
27,8,7,minecraft:stone_bricks
28,8,7,minecraft:stone_bricks
29,8,7,minecraft:stone_bricks
7,8,8,minecraft:stone_bricks
29,8,8,minecraft:stone_bricks
7,8,9,minecraft:stone_bricks
29,8,9,minecraft:stone_bricks
7,8,10,minecraft:stone_bricks
29,8,10,minecraft:stone_bricks
7,8,11,minecraft:stone_bricks
29,8,11,minecraft:stone_bricks
7,8,12,minecraft:stone_bricks
29,8,12,minecraft:stone_bricks
7,8,13,minecraft:stone_bricks
29,8,13,minecraft:stone_bricks
7,8,14,minecraft:stone_bricks
29,8,14,minecraft:stone_bricks
7,8,15,minecraft:stone_bricks
29,8,15,minecraft:stone_bricks
7,8,16,minecraft:stone_bricks
29,8,16,minecraft:stone_bricks
7,8,17,minecraft:stone_bricks
29,8,17,minecraft:stone_bricks
7,8,18,minecraft:cut_copper
29,8,18,minecraft:cut_copper
7,8,19,minecraft:stone_bricks
29,8,19,minecraft:stone_bricks
7,8,20,minecraft:stone_bricks
29,8,20,minecraft:stone_bricks
7,8,21,minecraft:stone_bricks
29,8,21,minecraft:stone_bricks
7,8,22,minecraft:stone_bricks
29,8,22,minecraft:stone_bricks
7,8,23,minecraft:stone_bricks
29,8,23,minecraft:stone_bricks
7,8,24,minecraft:stone_bricks
29,8,24,minecraft:stone_bricks
7,8,25,minecraft:stone_bricks
29,8,25,minecraft:stone_bricks
7,8,26,minecraft:stone_bricks
16,8,26,"minecraft:stone_brick_stairs[facing=north,half=bottom,shape=straight,waterlogged=false]"
17,8,26,"minecraft:stone_brick_stairs[facing=north,half=bottom,shape=straight,waterlogged=false]"
18,8,26,"minecraft:cut_copper_stairs[facing=north,half=bottom,shape=straight,waterlogged=false]"
19,8,26,"minecraft:stone_brick_stairs[facing=north,half=bottom,shape=straight,waterlogged=false]"
20,8,26,"minecraft:stone_brick_stairs[facing=north,half=bottom,shape=straight,waterlogged=false]"
29,8,26,minecraft:stone_bricks
7,8,27,minecraft:stone_bricks
29,8,27,minecraft:stone_bricks
7,8,28,minecraft:stone_bricks
29,8,28,minecraft:stone_bricks
7,8,29,minecraft:stone_bricks
8,8,29,minecraft:stone_bricks
9,8,29,minecraft:stone_bricks
10,8,29,minecraft:stone_bricks
11,8,29,minecraft:stone_bricks
12,8,29,minecraft:stone_bricks
13,8,29,minecraft:stone_bricks
14,8,29,minecraft:stone_bricks
15,8,29,minecraft:stone_bricks
16,8,29,minecraft:stone_bricks
17,8,29,minecraft:stone_bricks
18,8,29,minecraft:cut_copper
19,8,29,minecraft:stone_bricks
20,8,29,minecraft:stone_bricks
21,8,29,minecraft:stone_bricks
22,8,29,minecraft:stone_bricks
23,8,29,minecraft:stone_bricks
24,8,29,minecraft:stone_bricks
25,8,29,minecraft:stone_bricks
26,8,29,minecraft:stone_bricks
27,8,29,minecraft:stone_bricks
28,8,29,minecraft:stone_bricks
29,8,29,minecraft:stone_bricks
7,9,7,minecraft:stone_bricks
8,9,7,minecraft:stone_bricks
9,9,7,minecraft:stone_bricks
10,9,7,minecraft:stone_bricks
11,9,7,minecraft:stone_bricks
12,9,7,minecraft:stone_bricks
13,9,7,minecraft:stone_bricks
14,9,7,minecraft:stone_bricks
15,9,7,minecraft:stone_bricks
16,9,7,minecraft:stone_bricks
17,9,7,minecraft:stone_bricks
18,9,7,minecraft:cut_copper
19,9,7,minecraft:stone_bricks
20,9,7,minecraft:stone_bricks
21,9,7,minecraft:stone_bricks
22,9,7,minecraft:stone_bricks
23,9,7,minecraft:stone_bricks
24,9,7,minecraft:stone_bricks
25,9,7,minecraft:stone_bricks
26,9,7,minecraft:stone_bricks
27,9,7,minecraft:stone_bricks
28,9,7,minecraft:stone_bricks
29,9,7,minecraft:stone_bricks
7,9,8,minecraft:stone_bricks
29,9,8,minecraft:stone_bricks
7,9,9,minecraft:stone_bricks
29,9,9,minecraft:stone_bricks
7,9,10,minecraft:stone_bricks
29,9,10,minecraft:stone_bricks
7,9,11,minecraft:stone_bricks
29,9,11,minecraft:stone_bricks
7,9,12,minecraft:stone_bricks
29,9,12,minecraft:stone_bricks
7,9,13,minecraft:stone_bricks
29,9,13,minecraft:stone_bricks
7,9,14,minecraft:stone_bricks
29,9,14,minecraft:stone_bricks
7,9,15,minecraft:stone_bricks
29,9,15,minecraft:stone_bricks
7,9,16,minecraft:stone_bricks
29,9,16,minecraft:stone_bricks
7,9,17,minecraft:stone_bricks
29,9,17,minecraft:stone_bricks
7,9,18,minecraft:cut_copper
29,9,18,minecraft:cut_copper
7,9,19,minecraft:stone_bricks
29,9,19,minecraft:stone_bricks
7,9,20,minecraft:stone_bricks
29,9,20,minecraft:stone_bricks
7,9,21,minecraft:stone_bricks
29,9,21,minecraft:stone_bricks
7,9,22,minecraft:stone_bricks
29,9,22,minecraft:stone_bricks
7,9,23,minecraft:stone_bricks
29,9,23,minecraft:stone_bricks
7,9,24,minecraft:stone_bricks
29,9,24,minecraft:stone_bricks
7,9,25,minecraft:stone_bricks
16,9,25,"minecraft:stone_brick_stairs[facing=north,half=bottom,shape=straight,waterlogged=false]"
17,9,25,"minecraft:stone_brick_stairs[facing=north,half=bottom,shape=straight,waterlogged=false]"
18,9,25,"minecraft:cut_copper_stairs[facing=north,half=bottom,shape=straight,waterlogged=false]"
19,9,25,"minecraft:stone_brick_stairs[facing=north,half=bottom,shape=straight,waterlogged=false]"
20,9,25,"minecraft:stone_brick_stairs[facing=north,half=bottom,shape=straight,waterlogged=false]"
29,9,25,minecraft:stone_bricks
7,9,26,minecraft:stone_bricks
29,9,26,minecraft:stone_bricks
7,9,27,minecraft:stone_bricks
29,9,27,minecraft:stone_bricks
7,9,28,minecraft:stone_bricks
29,9,28,minecraft:stone_bricks
7,9,29,minecraft:stone_bricks
8,9,29,minecraft:stone_bricks
9,9,29,minecraft:stone_bricks
10,9,29,minecraft:stone_bricks
11,9,29,minecraft:stone_bricks
12,9,29,minecraft:stone_bricks
13,9,29,minecraft:stone_bricks
14,9,29,minecraft:stone_bricks
15,9,29,minecraft:stone_bricks
16,9,29,minecraft:stone_bricks
17,9,29,minecraft:stone_bricks
18,9,29,minecraft:cut_copper
19,9,29,minecraft:stone_bricks
20,9,29,minecraft:stone_bricks
21,9,29,minecraft:stone_bricks
22,9,29,minecraft:stone_bricks
23,9,29,minecraft:stone_bricks
24,9,29,minecraft:stone_bricks
25,9,29,minecraft:stone_bricks
26,9,29,minecraft:stone_bricks
27,9,29,minecraft:stone_bricks
28,9,29,minecraft:stone_bricks
29,9,29,minecraft:stone_bricks
7,10,7,minecraft:smooth_stone
8,10,7,minecraft:smooth_stone
9,10,7,minecraft:smooth_stone
10,10,7,minecraft:smooth_stone
11,10,7,minecraft:smooth_stone
12,10,7,minecraft:smooth_stone
13,10,7,minecraft:smooth_stone
14,10,7,minecraft:smooth_stone
15,10,7,minecraft:smooth_stone
16,10,7,minecraft:smooth_stone
17,10,7,minecraft:smooth_stone
18,10,7,minecraft:cut_copper
19,10,7,minecraft:smooth_stone
20,10,7,minecraft:smooth_stone
21,10,7,minecraft:smooth_stone
22,10,7,minecraft:smooth_stone
23,10,7,minecraft:smooth_stone
24,10,7,minecraft:smooth_stone
25,10,7,minecraft:smooth_stone
26,10,7,minecraft:smooth_stone
27,10,7,minecraft:smooth_stone
28,10,7,minecraft:smooth_stone
29,10,7,minecraft:smooth_stone
7,10,8,minecraft:smooth_stone
8,10,8,minecraft:smooth_stone
9,10,8,minecraft:smooth_stone
10,10,8,minecraft:smooth_stone
11,10,8,minecraft:smooth_stone
12,10,8,minecraft:smooth_stone
13,10,8,minecraft:smooth_stone
14,10,8,minecraft:smooth_stone
15,10,8,minecraft:smooth_stone
16,10,8,minecraft:smooth_stone
17,10,8,minecraft:smooth_stone
18,10,8,minecraft:cut_copper
19,10,8,minecraft:smooth_stone
20,10,8,minecraft:smooth_stone
21,10,8,minecraft:smooth_stone
22,10,8,minecraft:smooth_stone
23,10,8,minecraft:smooth_stone
24,10,8,minecraft:smooth_stone
25,10,8,minecraft:smooth_stone
26,10,8,minecraft:smooth_stone
27,10,8,minecraft:smooth_stone
28,10,8,minecraft:smooth_stone
29,10,8,minecraft:smooth_stone
7,10,9,minecraft:smooth_stone
8,10,9,minecraft:smooth_stone
9,10,9,minecraft:smooth_stone
10,10,9,minecraft:smooth_stone
11,10,9,minecraft:smooth_stone
12,10,9,minecraft:smooth_stone
13,10,9,minecraft:smooth_stone
14,10,9,minecraft:smooth_stone
15,10,9,minecraft:smooth_stone
16,10,9,minecraft:smooth_stone
17,10,9,minecraft:smooth_stone
18,10,9,minecraft:cut_copper
19,10,9,minecraft:smooth_stone
20,10,9,minecraft:smooth_stone
21,10,9,minecraft:smooth_stone
22,10,9,minecraft:smooth_stone
23,10,9,minecraft:smooth_stone
24,10,9,minecraft:smooth_stone
25,10,9,minecraft:smooth_stone
26,10,9,minecraft:smooth_stone
27,10,9,minecraft:smooth_stone
28,10,9,minecraft:smooth_stone
29,10,9,minecraft:smooth_stone
7,10,10,minecraft:smooth_stone
8,10,10,minecraft:smooth_stone
9,10,10,minecraft:smooth_stone
10,10,10,minecraft:smooth_stone
11,10,10,minecraft:smooth_stone
12,10,10,minecraft:smooth_stone
13,10,10,minecraft:smooth_stone
14,10,10,minecraft:smooth_stone
15,10,10,minecraft:smooth_stone
16,10,10,minecraft:smooth_stone
17,10,10,minecraft:smooth_stone
18,10,10,minecraft:cut_copper
19,10,10,minecraft:smooth_stone
20,10,10,minecraft:smooth_stone
21,10,10,minecraft:smooth_stone
22,10,10,minecraft:smooth_stone
23,10,10,minecraft:smooth_stone
24,10,10,minecraft:smooth_stone
25,10,10,minecraft:smooth_stone
26,10,10,minecraft:smooth_stone
27,10,10,minecraft:smooth_stone
28,10,10,minecraft:smooth_stone
29,10,10,minecraft:smooth_stone
7,10,11,minecraft:smooth_stone
8,10,11,minecraft:smooth_stone
9,10,11,minecraft:smooth_stone
10,10,11,minecraft:smooth_stone
11,10,11,minecraft:smooth_stone
12,10,11,minecraft:smooth_stone
13,10,11,minecraft:smooth_stone
14,10,11,minecraft:smooth_stone
15,10,11,minecraft:smooth_stone
16,10,11,minecraft:smooth_stone
17,10,11,minecraft:smooth_stone
18,10,11,minecraft:cut_copper
19,10,11,minecraft:smooth_stone
20,10,11,minecraft:smooth_stone
21,10,11,minecraft:smooth_stone
22,10,11,minecraft:smooth_stone
23,10,11,minecraft:smooth_stone
24,10,11,minecraft:smooth_stone
25,10,11,minecraft:smooth_stone
26,10,11,minecraft:smooth_stone
27,10,11,minecraft:smooth_stone
28,10,11,minecraft:smooth_stone
29,10,11,minecraft:smooth_stone
7,10,12,minecraft:smooth_stone
8,10,12,minecraft:smooth_stone
9,10,12,minecraft:smooth_stone
10,10,12,minecraft:smooth_stone
11,10,12,minecraft:smooth_stone
12,10,12,minecraft:smooth_stone
13,10,12,minecraft:smooth_stone
14,10,12,minecraft:smooth_stone
15,10,12,minecraft:smooth_stone
16,10,12,minecraft:smooth_stone
17,10,12,minecraft:smooth_stone
18,10,12,minecraft:cut_copper
19,10,12,minecraft:smooth_stone
20,10,12,minecraft:smooth_stone
21,10,12,minecraft:smooth_stone
22,10,12,minecraft:smooth_stone
23,10,12,minecraft:smooth_stone
24,10,12,minecraft:smooth_stone
25,10,12,minecraft:smooth_stone
26,10,12,minecraft:smooth_stone
27,10,12,minecraft:smooth_stone
28,10,12,minecraft:smooth_stone
29,10,12,minecraft:smooth_stone
7,10,13,minecraft:smooth_stone
8,10,13,minecraft:smooth_stone
9,10,13,minecraft:smooth_stone
10,10,13,minecraft:smooth_stone
11,10,13,minecraft:smooth_stone
12,10,13,minecraft:smooth_stone
13,10,13,minecraft:smooth_stone
14,10,13,minecraft:smooth_stone
15,10,13,minecraft:smooth_stone
16,10,13,minecraft:smooth_stone
17,10,13,minecraft:smooth_stone
18,10,13,minecraft:cut_copper
19,10,13,minecraft:smooth_stone
20,10,13,minecraft:smooth_stone
21,10,13,minecraft:smooth_stone
22,10,13,minecraft:smooth_stone
23,10,13,minecraft:smooth_stone
24,10,13,minecraft:smooth_stone
25,10,13,minecraft:smooth_stone
26,10,13,minecraft:smooth_stone
27,10,13,minecraft:smooth_stone
28,10,13,minecraft:smooth_stone
29,10,13,minecraft:smooth_stone
7,10,14,minecraft:smooth_stone
8,10,14,minecraft:smooth_stone
9,10,14,minecraft:smooth_stone
10,10,14,minecraft:smooth_stone
11,10,14,minecraft:smooth_stone
12,10,14,minecraft:smooth_stone
13,10,14,minecraft:smooth_stone
14,10,14,minecraft:smooth_stone
15,10,14,minecraft:smooth_stone
16,10,14,minecraft:smooth_stone
17,10,14,minecraft:smooth_stone
18,10,14,minecraft:smooth_stone
19,10,14,minecraft:smooth_stone
20,10,14,minecraft:smooth_stone
21,10,14,minecraft:smooth_stone
22,10,14,minecraft:smooth_stone
23,10,14,minecraft:smooth_stone
24,10,14,minecraft:smooth_stone
25,10,14,minecraft:smooth_stone
26,10,14,minecraft:smooth_stone
27,10,14,minecraft:smooth_stone
28,10,14,minecraft:smooth_stone
29,10,14,minecraft:smooth_stone
7,10,15,minecraft:smooth_stone
8,10,15,minecraft:smooth_stone
9,10,15,minecraft:smooth_stone
10,10,15,minecraft:smooth_stone
11,10,15,minecraft:smooth_stone
12,10,15,minecraft:smooth_stone
13,10,15,minecraft:smooth_stone
14,10,15,minecraft:smooth_stone
15,10,15,minecraft:smooth_stone
16,10,15,minecraft:smooth_stone
17,10,15,minecraft:smooth_stone
18,10,15,minecraft:smooth_stone
19,10,15,minecraft:smooth_stone
20,10,15,minecraft:smooth_stone
21,10,15,minecraft:smooth_stone
22,10,15,minecraft:smooth_stone
23,10,15,minecraft:smooth_stone
24,10,15,minecraft:smooth_stone
25,10,15,minecraft:smooth_stone
26,10,15,minecraft:smooth_stone
27,10,15,minecraft:smooth_stone
28,10,15,minecraft:smooth_stone
29,10,15,minecraft:smooth_stone
7,10,16,minecraft:smooth_stone
8,10,16,minecraft:smooth_stone
9,10,16,minecraft:smooth_stone
10,10,16,minecraft:smooth_stone
11,10,16,minecraft:smooth_stone
12,10,16,minecraft:smooth_stone
13,10,16,minecraft:smooth_stone
14,10,16,minecraft:smooth_stone
15,10,16,minecraft:smooth_stone
16,10,16,minecraft:smooth_stone
17,10,16,minecraft:smooth_stone
18,10,16,minecraft:smooth_stone
19,10,16,minecraft:smooth_stone
20,10,16,minecraft:smooth_stone
21,10,16,minecraft:smooth_stone
22,10,16,minecraft:smooth_stone
23,10,16,minecraft:smooth_stone
24,10,16,minecraft:smooth_stone
25,10,16,minecraft:smooth_stone
26,10,16,minecraft:smooth_stone
27,10,16,minecraft:smooth_stone
28,10,16,minecraft:smooth_stone
29,10,16,minecraft:smooth_stone
7,10,17,minecraft:smooth_stone
8,10,17,minecraft:smooth_stone
9,10,17,minecraft:smooth_stone
10,10,17,minecraft:smooth_stone
11,10,17,minecraft:smooth_stone
12,10,17,minecraft:smooth_stone
13,10,17,minecraft:smooth_stone
14,10,17,minecraft:smooth_stone
15,10,17,minecraft:smooth_stone
16,10,17,minecraft:smooth_stone
17,10,17,minecraft:smooth_stone
18,10,17,minecraft:smooth_stone
19,10,17,minecraft:smooth_stone
20,10,17,minecraft:smooth_stone
21,10,17,minecraft:smooth_stone
22,10,17,minecraft:smooth_stone
23,10,17,minecraft:smooth_stone
24,10,17,minecraft:smooth_stone
25,10,17,minecraft:smooth_stone
26,10,17,minecraft:smooth_stone
27,10,17,minecraft:smooth_stone
28,10,17,minecraft:smooth_stone
29,10,17,minecraft:smooth_stone
7,10,18,minecraft:cut_copper
8,10,18,minecraft:cut_copper
9,10,18,minecraft:cut_copper
10,10,18,minecraft:cut_copper
11,10,18,minecraft:cut_copper
12,10,18,minecraft:cut_copper
13,10,18,minecraft:cut_copper
14,10,18,minecraft:smooth_stone
15,10,18,minecraft:smooth_stone
16,10,18,minecraft:smooth_stone
17,10,18,minecraft:smooth_stone
18,10,18,minecraft:smooth_stone
19,10,18,minecraft:smooth_stone
20,10,18,minecraft:smooth_stone
21,10,18,minecraft:smooth_stone
22,10,18,minecraft:smooth_stone
23,10,18,minecraft:cut_copper
24,10,18,minecraft:cut_copper
25,10,18,minecraft:cut_copper
26,10,18,minecraft:cut_copper
27,10,18,minecraft:cut_copper
28,10,18,minecraft:cut_copper
29,10,18,minecraft:cut_copper
7,10,19,minecraft:smooth_stone
8,10,19,minecraft:smooth_stone
9,10,19,minecraft:smooth_stone
10,10,19,minecraft:smooth_stone
11,10,19,minecraft:smooth_stone
12,10,19,minecraft:smooth_stone
13,10,19,minecraft:smooth_stone
14,10,19,minecraft:smooth_stone
15,10,19,minecraft:smooth_stone
16,10,19,minecraft:smooth_stone
17,10,19,minecraft:smooth_stone
18,10,19,minecraft:smooth_stone
19,10,19,minecraft:smooth_stone
20,10,19,minecraft:smooth_stone
21,10,19,minecraft:smooth_stone
22,10,19,minecraft:smooth_stone
23,10,19,minecraft:smooth_stone
24,10,19,minecraft:smooth_stone
25,10,19,minecraft:smooth_stone
26,10,19,minecraft:smooth_stone
27,10,19,minecraft:smooth_stone
28,10,19,minecraft:smooth_stone
29,10,19,minecraft:smooth_stone
7,10,20,minecraft:smooth_stone
8,10,20,minecraft:smooth_stone
9,10,20,minecraft:smooth_stone
10,10,20,minecraft:smooth_stone
11,10,20,minecraft:smooth_stone
12,10,20,minecraft:smooth_stone
13,10,20,minecraft:smooth_stone
14,10,20,minecraft:smooth_stone
15,10,20,minecraft:smooth_stone
16,10,20,minecraft:smooth_stone
17,10,20,minecraft:smooth_stone
18,10,20,minecraft:smooth_stone
19,10,20,minecraft:smooth_stone
20,10,20,minecraft:smooth_stone
21,10,20,minecraft:smooth_stone
22,10,20,minecraft:smooth_stone
23,10,20,minecraft:smooth_stone
24,10,20,minecraft:smooth_stone
25,10,20,minecraft:smooth_stone
26,10,20,minecraft:smooth_stone
27,10,20,minecraft:smooth_stone
28,10,20,minecraft:smooth_stone
29,10,20,minecraft:smooth_stone
7,10,21,minecraft:smooth_stone
8,10,21,minecraft:smooth_stone
9,10,21,minecraft:smooth_stone
10,10,21,minecraft:smooth_stone
11,10,21,minecraft:smooth_stone
12,10,21,minecraft:smooth_stone
13,10,21,minecraft:smooth_stone
14,10,21,minecraft:smooth_stone
15,10,21,minecraft:smooth_stone
16,10,21,minecraft:smooth_stone
17,10,21,minecraft:smooth_stone
18,10,21,minecraft:smooth_stone
19,10,21,minecraft:smooth_stone
20,10,21,minecraft:smooth_stone
21,10,21,minecraft:smooth_stone
22,10,21,minecraft:smooth_stone
23,10,21,minecraft:smooth_stone
24,10,21,minecraft:smooth_stone
25,10,21,minecraft:smooth_stone
26,10,21,minecraft:smooth_stone
27,10,21,minecraft:smooth_stone
28,10,21,minecraft:smooth_stone
29,10,21,minecraft:smooth_stone
7,10,22,minecraft:smooth_stone
8,10,22,minecraft:smooth_stone
9,10,22,minecraft:smooth_stone
10,10,22,minecraft:smooth_stone
11,10,22,minecraft:smooth_stone
12,10,22,minecraft:smooth_stone
13,10,22,minecraft:smooth_stone
14,10,22,minecraft:smooth_stone
15,10,22,minecraft:smooth_stone
16,10,22,minecraft:smooth_stone
17,10,22,minecraft:smooth_stone
18,10,22,minecraft:smooth_stone
19,10,22,minecraft:smooth_stone
20,10,22,minecraft:smooth_stone
21,10,22,minecraft:smooth_stone
22,10,22,minecraft:smooth_stone
23,10,22,minecraft:smooth_stone
24,10,22,minecraft:smooth_stone
25,10,22,minecraft:smooth_stone
26,10,22,minecraft:smooth_stone
27,10,22,minecraft:smooth_stone
28,10,22,minecraft:smooth_stone
29,10,22,minecraft:smooth_stone
7,10,23,minecraft:smooth_stone
8,10,23,minecraft:smooth_stone
9,10,23,minecraft:smooth_stone
10,10,23,minecraft:smooth_stone
11,10,23,minecraft:smooth_stone
12,10,23,minecraft:smooth_stone
13,10,23,minecraft:smooth_stone
14,10,23,minecraft:smooth_stone
15,10,23,minecraft:smooth_stone
16,10,23,minecraft:smooth_stone
17,10,23,minecraft:smooth_stone
18,10,23,minecraft:cut_copper
19,10,23,minecraft:smooth_stone
20,10,23,minecraft:smooth_stone
21,10,23,minecraft:smooth_stone
22,10,23,minecraft:smooth_stone
23,10,23,minecraft:smooth_stone
24,10,23,minecraft:smooth_stone
25,10,23,minecraft:smooth_stone
26,10,23,minecraft:smooth_stone
27,10,23,minecraft:smooth_stone
28,10,23,minecraft:smooth_stone
29,10,23,minecraft:smooth_stone
7,10,24,minecraft:smooth_stone
8,10,24,minecraft:smooth_stone
9,10,24,minecraft:smooth_stone
10,10,24,minecraft:smooth_stone
11,10,24,minecraft:smooth_stone
12,10,24,minecraft:smooth_stone
13,10,24,minecraft:smooth_stone
14,10,24,minecraft:smooth_stone
15,10,24,minecraft:smooth_stone
16,10,24,"minecraft:stone_brick_stairs[facing=north,half=bottom,shape=straight,waterlogged=false]"
17,10,24,"minecraft:stone_brick_stairs[facing=north,half=bottom,shape=straight,waterlogged=false]"
18,10,24,"minecraft:cut_copper_stairs[facing=north,half=bottom,shape=straight,waterlogged=false]"
19,10,24,"minecraft:stone_brick_stairs[facing=north,half=bottom,shape=straight,waterlogged=false]"
20,10,24,"minecraft:stone_brick_stairs[facing=north,half=bottom,shape=straight,waterlogged=false]"
21,10,24,minecraft:smooth_stone
22,10,24,minecraft:smooth_stone
23,10,24,minecraft:smooth_stone
24,10,24,minecraft:smooth_stone
25,10,24,minecraft:smooth_stone
26,10,24,minecraft:smooth_stone
27,10,24,minecraft:smooth_stone
28,10,24,minecraft:smooth_stone
29,10,24,minecraft:smooth_stone
7,10,25,minecraft:smooth_stone
8,10,25,minecraft:smooth_stone
9,10,25,minecraft:smooth_stone
10,10,25,minecraft:smooth_stone
11,10,25,minecraft:smooth_stone
12,10,25,minecraft:smooth_stone
13,10,25,minecraft:smooth_stone
14,10,25,minecraft:smooth_stone
15,10,25,minecraft:smooth_stone
16,10,25,minecraft:smooth_stone
17,10,25,minecraft:smooth_stone
18,10,25,minecraft:cut_copper
19,10,25,minecraft:smooth_stone
20,10,25,minecraft:smooth_stone
21,10,25,minecraft:smooth_stone
22,10,25,minecraft:smooth_stone
23,10,25,minecraft:smooth_stone
24,10,25,minecraft:smooth_stone
25,10,25,minecraft:smooth_stone
26,10,25,minecraft:smooth_stone
27,10,25,minecraft:smooth_stone
28,10,25,minecraft:smooth_stone
29,10,25,minecraft:smooth_stone
7,10,26,minecraft:smooth_stone
8,10,26,minecraft:smooth_stone
9,10,26,minecraft:smooth_stone
10,10,26,minecraft:smooth_stone
11,10,26,minecraft:smooth_stone
12,10,26,minecraft:smooth_stone
13,10,26,minecraft:smooth_stone
14,10,26,minecraft:smooth_stone
15,10,26,minecraft:smooth_stone
16,10,26,minecraft:smooth_stone
17,10,26,minecraft:smooth_stone
18,10,26,minecraft:cut_copper
19,10,26,minecraft:smooth_stone
20,10,26,minecraft:smooth_stone
21,10,26,minecraft:smooth_stone
22,10,26,minecraft:smooth_stone
23,10,26,minecraft:smooth_stone
24,10,26,minecraft:smooth_stone
25,10,26,minecraft:smooth_stone
26,10,26,minecraft:smooth_stone
27,10,26,minecraft:smooth_stone
28,10,26,minecraft:smooth_stone
29,10,26,minecraft:smooth_stone
7,10,27,minecraft:smooth_stone
8,10,27,minecraft:smooth_stone
9,10,27,minecraft:smooth_stone
10,10,27,minecraft:smooth_stone
11,10,27,minecraft:smooth_stone
12,10,27,minecraft:smooth_stone
13,10,27,minecraft:smooth_stone
14,10,27,minecraft:smooth_stone
15,10,27,minecraft:smooth_stone
16,10,27,minecraft:smooth_stone
17,10,27,minecraft:smooth_stone
18,10,27,minecraft:cut_copper
19,10,27,minecraft:smooth_stone
20,10,27,minecraft:smooth_stone
21,10,27,minecraft:smooth_stone
22,10,27,minecraft:smooth_stone
23,10,27,minecraft:smooth_stone
24,10,27,minecraft:smooth_stone
25,10,27,minecraft:smooth_stone
26,10,27,minecraft:smooth_stone
27,10,27,minecraft:smooth_stone
28,10,27,minecraft:smooth_stone
29,10,27,minecraft:smooth_stone
7,10,28,minecraft:smooth_stone
8,10,28,minecraft:smooth_stone
9,10,28,minecraft:smooth_stone
10,10,28,minecraft:smooth_stone
11,10,28,minecraft:smooth_stone
12,10,28,minecraft:smooth_stone
13,10,28,minecraft:smooth_stone
14,10,28,minecraft:smooth_stone
15,10,28,minecraft:smooth_stone
16,10,28,minecraft:smooth_stone
17,10,28,minecraft:smooth_stone
18,10,28,minecraft:cut_copper
19,10,28,minecraft:smooth_stone
20,10,28,minecraft:smooth_stone
21,10,28,minecraft:smooth_stone
22,10,28,minecraft:smooth_stone
23,10,28,minecraft:smooth_stone
24,10,28,minecraft:smooth_stone
25,10,28,minecraft:smooth_stone
26,10,28,minecraft:smooth_stone
27,10,28,minecraft:smooth_stone
28,10,28,minecraft:smooth_stone
29,10,28,minecraft:smooth_stone
7,10,29,minecraft:smooth_stone
8,10,29,minecraft:smooth_stone
9,10,29,minecraft:smooth_stone
10,10,29,minecraft:smooth_stone
11,10,29,minecraft:smooth_stone
12,10,29,minecraft:smooth_stone
13,10,29,minecraft:smooth_stone
14,10,29,minecraft:smooth_stone
15,10,29,minecraft:smooth_stone
16,10,29,minecraft:smooth_stone
17,10,29,minecraft:smooth_stone
18,10,29,minecraft:cut_copper
19,10,29,minecraft:smooth_stone
20,10,29,minecraft:smooth_stone
21,10,29,minecraft:smooth_stone
22,10,29,minecraft:smooth_stone
23,10,29,minecraft:smooth_stone
24,10,29,minecraft:smooth_stone
25,10,29,minecraft:smooth_stone
26,10,29,minecraft:smooth_stone
27,10,29,minecraft:smooth_stone
28,10,29,minecraft:smooth_stone
29,10,29,minecraft:smooth_stone
13,11,13,minecraft:deepslate_tiles
14,11,13,minecraft:deepslate_tiles
15,11,13,minecraft:deepslate_tiles
16,11,13,minecraft:deepslate_tiles
17,11,13,minecraft:deepslate_tiles
18,11,13,minecraft:cut_copper
19,11,13,minecraft:deepslate_tiles
20,11,13,minecraft:deepslate_tiles
21,11,13,minecraft:deepslate_tiles
22,11,13,minecraft:deepslate_tiles
23,11,13,minecraft:deepslate_tiles
13,11,14,minecraft:deepslate_tiles
23,11,14,minecraft:deepslate_tiles
13,11,15,minecraft:deepslate_tiles
23,11,15,minecraft:deepslate_tiles
13,11,16,minecraft:deepslate_tiles
23,11,16,minecraft:deepslate_tiles
13,11,17,minecraft:deepslate_tiles
23,11,17,minecraft:deepslate_tiles
13,11,18,minecraft:cut_copper
23,11,18,minecraft:cut_copper
13,11,19,minecraft:deepslate_tiles
23,11,19,minecraft:deepslate_tiles
13,11,20,minecraft:deepslate_tiles
23,11,20,minecraft:deepslate_tiles
13,11,21,minecraft:deepslate_tiles
23,11,21,minecraft:deepslate_tiles
13,11,22,minecraft:deepslate_tiles
23,11,22,minecraft:deepslate_tiles
13,11,23,minecraft:deepslate_tiles
14,11,23,minecraft:deepslate_tiles
15,11,23,minecraft:deepslate_tiles
16,11,23,"minecraft:stone_brick_stairs[facing=north,half=bottom,shape=straight,waterlogged=false]"
17,11,23,"minecraft:stone_brick_stairs[facing=north,half=bottom,shape=straight,waterlogged=false]"
18,11,23,"minecraft:cut_copper_stairs[facing=north,half=bottom,shape=straight,waterlogged=false]"
19,11,23,"minecraft:stone_brick_stairs[facing=north,half=bottom,shape=straight,waterlogged=false]"
20,11,23,"minecraft:stone_brick_stairs[facing=north,half=bottom,shape=straight,waterlogged=false]"
21,11,23,minecraft:deepslate_tiles
22,11,23,minecraft:deepslate_tiles
23,11,23,minecraft:deepslate_tiles
13,12,13,minecraft:stone_bricks
14,12,13,minecraft:stone_bricks
15,12,13,minecraft:stone_bricks
16,12,13,minecraft:stone_bricks
17,12,13,minecraft:stone_bricks
18,12,13,minecraft:cut_copper
19,12,13,minecraft:stone_bricks
20,12,13,minecraft:stone_bricks
21,12,13,minecraft:stone_bricks
22,12,13,minecraft:stone_bricks
23,12,13,minecraft:stone_bricks
13,12,14,minecraft:stone_bricks
23,12,14,minecraft:stone_bricks
13,12,15,minecraft:stone_bricks
23,12,15,minecraft:stone_bricks
13,12,16,minecraft:stone_bricks
23,12,16,minecraft:stone_bricks
13,12,17,minecraft:stone_bricks
23,12,17,minecraft:stone_bricks
13,12,18,minecraft:cut_copper
23,12,18,minecraft:cut_copper
13,12,19,minecraft:stone_bricks
23,12,19,minecraft:stone_bricks
13,12,20,minecraft:stone_bricks
23,12,20,minecraft:stone_bricks
13,12,21,minecraft:stone_bricks
23,12,21,minecraft:stone_bricks
13,12,22,minecraft:stone_bricks
16,12,22,"minecraft:stone_brick_stairs[facing=north,half=bottom,shape=straight,waterlogged=false]"
17,12,22,"minecraft:stone_brick_stairs[facing=north,half=bottom,shape=straight,waterlogged=false]"
18,12,22,"minecraft:cut_copper_stairs[facing=north,half=bottom,shape=straight,waterlogged=false]"
19,12,22,"minecraft:stone_brick_stairs[facing=north,half=bottom,shape=straight,waterlogged=false]"
20,12,22,"minecraft:stone_brick_stairs[facing=north,half=bottom,shape=straight,waterlogged=false]"
23,12,22,minecraft:stone_bricks
13,12,23,minecraft:stone_bricks
14,12,23,minecraft:stone_bricks
15,12,23,minecraft:stone_bricks
16,12,23,minecraft:stone_bricks
17,12,23,minecraft:stone_bricks
18,12,23,minecraft:cut_copper
19,12,23,minecraft:stone_bricks
20,12,23,minecraft:stone_bricks
21,12,23,minecraft:stone_bricks
22,12,23,minecraft:stone_bricks
23,12,23,minecraft:stone_bricks
13,13,13,minecraft:stone_bricks
14,13,13,minecraft:stone_bricks
15,13,13,minecraft:stone_bricks
16,13,13,minecraft:stone_bricks
17,13,13,minecraft:stone_bricks
18,13,13,minecraft:cut_copper
19,13,13,minecraft:stone_bricks
20,13,13,minecraft:stone_bricks
21,13,13,minecraft:stone_bricks
22,13,13,minecraft:stone_bricks
23,13,13,minecraft:stone_bricks
13,13,14,minecraft:stone_bricks
23,13,14,minecraft:stone_bricks
13,13,15,minecraft:stone_bricks
23,13,15,minecraft:stone_bricks
13,13,16,minecraft:stone_bricks
23,13,16,minecraft:stone_bricks
13,13,17,minecraft:stone_bricks
23,13,17,minecraft:stone_bricks
13,13,18,minecraft:cut_copper
23,13,18,minecraft:cut_copper
13,13,19,minecraft:stone_bricks
23,13,19,minecraft:stone_bricks
13,13,20,minecraft:stone_bricks
23,13,20,minecraft:stone_bricks
13,13,21,minecraft:stone_bricks
16,13,21,"minecraft:stone_brick_stairs[facing=north,half=bottom,shape=straight,waterlogged=false]"
17,13,21,"minecraft:stone_brick_stairs[facing=north,half=bottom,shape=straight,waterlogged=false]"
18,13,21,"minecraft:cut_copper_stairs[facing=north,half=bottom,shape=straight,waterlogged=false]"
19,13,21,"minecraft:stone_brick_stairs[facing=north,half=bottom,shape=straight,waterlogged=false]"
20,13,21,"minecraft:stone_brick_stairs[facing=north,half=bottom,shape=straight,waterlogged=false]"
23,13,21,minecraft:stone_bricks
13,13,22,minecraft:stone_bricks
23,13,22,minecraft:stone_bricks
13,13,23,minecraft:stone_bricks
14,13,23,minecraft:stone_bricks
15,13,23,minecraft:stone_bricks
16,13,23,minecraft:stone_bricks
17,13,23,minecraft:stone_bricks
18,13,23,minecraft:cut_copper
19,13,23,minecraft:stone_bricks
20,13,23,minecraft:stone_bricks
21,13,23,minecraft:stone_bricks
22,13,23,minecraft:stone_bricks
23,13,23,minecraft:stone_bricks
13,14,13,minecraft:stone_bricks
14,14,13,minecraft:stone_bricks
15,14,13,minecraft:stone_bricks
16,14,13,minecraft:stone_bricks
17,14,13,minecraft:stone_bricks
18,14,13,minecraft:cut_copper
19,14,13,minecraft:stone_bricks
20,14,13,minecraft:stone_bricks
21,14,13,minecraft:stone_bricks
22,14,13,minecraft:stone_bricks
23,14,13,minecraft:stone_bricks
13,14,14,minecraft:stone_bricks
23,14,14,minecraft:stone_bricks
13,14,15,minecraft:stone_bricks
23,14,15,minecraft:stone_bricks
13,14,16,minecraft:stone_bricks
23,14,16,minecraft:stone_bricks
13,14,17,minecraft:stone_bricks
23,14,17,minecraft:stone_bricks
13,14,18,minecraft:cut_copper
23,14,18,minecraft:cut_copper
13,14,19,minecraft:stone_bricks
23,14,19,minecraft:stone_bricks
13,14,20,minecraft:stone_bricks
16,14,20,"minecraft:stone_brick_stairs[facing=north,half=bottom,shape=straight,waterlogged=false]"
17,14,20,"minecraft:stone_brick_stairs[facing=north,half=bottom,shape=straight,waterlogged=false]"
18,14,20,"minecraft:cut_copper_stairs[facing=north,half=bottom,shape=straight,waterlogged=false]"
19,14,20,"minecraft:stone_brick_stairs[facing=north,half=bottom,shape=straight,waterlogged=false]"
20,14,20,"minecraft:stone_brick_stairs[facing=north,half=bottom,shape=straight,waterlogged=false]"
23,14,20,minecraft:stone_bricks
13,14,21,minecraft:stone_bricks
23,14,21,minecraft:stone_bricks
13,14,22,minecraft:stone_bricks
23,14,22,minecraft:stone_bricks
13,14,23,minecraft:stone_bricks
14,14,23,minecraft:stone_bricks
15,14,23,minecraft:stone_bricks
16,14,23,minecraft:stone_bricks
17,14,23,minecraft:stone_bricks
18,14,23,minecraft:cut_copper
19,14,23,minecraft:stone_bricks
20,14,23,minecraft:stone_bricks
21,14,23,minecraft:stone_bricks
22,14,23,minecraft:stone_bricks
23,14,23,minecraft:stone_bricks
13,15,13,minecraft:stone_bricks
14,15,13,minecraft:stone_bricks
15,15,13,minecraft:stone_bricks
16,15,13,minecraft:stone_bricks
17,15,13,minecraft:stone_bricks
18,15,13,minecraft:cut_copper
19,15,13,minecraft:stone_bricks
20,15,13,minecraft:stone_bricks
21,15,13,minecraft:stone_bricks
22,15,13,minecraft:stone_bricks
23,15,13,minecraft:stone_bricks
13,15,14,minecraft:stone_bricks
23,15,14,minecraft:stone_bricks
13,15,15,minecraft:stone_bricks
23,15,15,minecraft:stone_bricks
13,15,16,minecraft:stone_bricks
23,15,16,minecraft:stone_bricks
13,15,17,minecraft:stone_bricks
23,15,17,minecraft:stone_bricks
13,15,18,minecraft:cut_copper
23,15,18,minecraft:cut_copper
13,15,19,minecraft:stone_bricks
16,15,19,"minecraft:stone_brick_stairs[facing=north,half=bottom,shape=straight,waterlogged=false]"
17,15,19,"minecraft:stone_brick_stairs[facing=north,half=bottom,shape=straight,waterlogged=false]"
18,15,19,"minecraft:cut_copper_stairs[facing=north,half=bottom,shape=straight,waterlogged=false]"
19,15,19,"minecraft:stone_brick_stairs[facing=north,half=bottom,shape=straight,waterlogged=false]"
20,15,19,"minecraft:stone_brick_stairs[facing=north,half=bottom,shape=straight,waterlogged=false]"
23,15,19,minecraft:stone_bricks
13,15,20,minecraft:stone_bricks
23,15,20,minecraft:stone_bricks
13,15,21,minecraft:stone_bricks
23,15,21,minecraft:stone_bricks
13,15,22,minecraft:stone_bricks
23,15,22,minecraft:stone_bricks
13,15,23,minecraft:stone_bricks
14,15,23,minecraft:stone_bricks
15,15,23,minecraft:stone_bricks
16,15,23,minecraft:stone_bricks
17,15,23,minecraft:stone_bricks
18,15,23,minecraft:cut_copper
19,15,23,minecraft:stone_bricks
20,15,23,minecraft:stone_bricks
21,15,23,minecraft:stone_bricks
22,15,23,minecraft:stone_bricks
23,15,23,minecraft:stone_bricks
13,16,13,minecraft:smooth_stone
14,16,13,minecraft:smooth_stone
15,16,13,minecraft:smooth_stone
16,16,13,minecraft:smooth_stone
17,16,13,minecraft:smooth_stone
18,16,13,minecraft:cut_copper
19,16,13,minecraft:smooth_stone
20,16,13,minecraft:smooth_stone
21,16,13,minecraft:smooth_stone
22,16,13,minecraft:smooth_stone
23,16,13,minecraft:smooth_stone
13,16,14,minecraft:smooth_stone
14,16,14,minecraft:smooth_stone
15,16,14,minecraft:smooth_stone
16,16,14,minecraft:smooth_stone
17,16,14,minecraft:smooth_stone
18,16,14,minecraft:cut_copper
19,16,14,minecraft:smooth_stone
20,16,14,minecraft:smooth_stone
21,16,14,minecraft:smooth_stone
22,16,14,minecraft:smooth_stone
23,16,14,minecraft:smooth_stone
13,16,15,minecraft:smooth_stone
14,16,15,minecraft:smooth_stone
15,16,15,minecraft:smooth_stone
16,16,15,minecraft:smooth_stone
17,16,15,minecraft:smooth_stone
18,16,15,minecraft:cut_copper
19,16,15,minecraft:smooth_stone
20,16,15,minecraft:smooth_stone
21,16,15,minecraft:smooth_stone
22,16,15,minecraft:smooth_stone
23,16,15,minecraft:smooth_stone
13,16,16,minecraft:smooth_stone
14,16,16,minecraft:smooth_stone
15,16,16,minecraft:smooth_stone
16,16,16,minecraft:smooth_stone
17,16,16,minecraft:smooth_stone
18,16,16,minecraft:cut_copper
19,16,16,minecraft:smooth_stone
20,16,16,minecraft:smooth_stone
21,16,16,minecraft:smooth_stone
22,16,16,minecraft:smooth_stone
23,16,16,minecraft:smooth_stone
13,16,17,minecraft:smooth_stone
14,16,17,minecraft:smooth_stone
15,16,17,minecraft:smooth_stone
16,16,17,minecraft:smooth_stone
17,16,17,minecraft:smooth_stone
18,16,17,minecraft:smooth_stone
19,16,17,minecraft:smooth_stone
20,16,17,minecraft:smooth_stone
21,16,17,minecraft:smooth_stone
22,16,17,minecraft:smooth_stone
23,16,17,minecraft:smooth_stone
13,16,18,minecraft:cut_copper
14,16,18,minecraft:cut_copper
15,16,18,minecraft:cut_copper
16,16,18,"minecraft:stone_brick_stairs[facing=north,half=bottom,shape=straight,waterlogged=false]"
17,16,18,"minecraft:stone_brick_stairs[facing=north,half=bottom,shape=straight,waterlogged=false]"
18,16,18,"minecraft:cut_copper_stairs[facing=north,half=bottom,shape=straight,waterlogged=false]"
19,16,18,"minecraft:stone_brick_stairs[facing=north,half=bottom,shape=straight,waterlogged=false]"
20,16,18,"minecraft:stone_brick_stairs[facing=north,half=bottom,shape=straight,waterlogged=false]"
21,16,18,minecraft:cut_copper
22,16,18,minecraft:cut_copper
23,16,18,minecraft:cut_copper
13,16,19,minecraft:smooth_stone
14,16,19,minecraft:smooth_stone
15,16,19,minecraft:smooth_stone
16,16,19,minecraft:smooth_stone
17,16,19,minecraft:smooth_stone
18,16,19,minecraft:smooth_stone
19,16,19,minecraft:smooth_stone
20,16,19,minecraft:smooth_stone
21,16,19,minecraft:smooth_stone
22,16,19,minecraft:smooth_stone
23,16,19,minecraft:smooth_stone
13,16,20,minecraft:smooth_stone
14,16,20,minecraft:smooth_stone
15,16,20,minecraft:smooth_stone
16,16,20,minecraft:smooth_stone
17,16,20,minecraft:smooth_stone
18,16,20,minecraft:cut_copper
19,16,20,minecraft:smooth_stone
20,16,20,minecraft:smooth_stone
21,16,20,minecraft:smooth_stone
22,16,20,minecraft:smooth_stone
23,16,20,minecraft:smooth_stone
13,16,21,minecraft:smooth_stone
14,16,21,minecraft:smooth_stone
15,16,21,minecraft:smooth_stone
16,16,21,minecraft:smooth_stone
17,16,21,minecraft:smooth_stone
18,16,21,minecraft:cut_copper
19,16,21,minecraft:smooth_stone
20,16,21,minecraft:smooth_stone
21,16,21,minecraft:smooth_stone
22,16,21,minecraft:smooth_stone
23,16,21,minecraft:smooth_stone
13,16,22,minecraft:smooth_stone
14,16,22,minecraft:smooth_stone
15,16,22,minecraft:smooth_stone
16,16,22,minecraft:smooth_stone
17,16,22,minecraft:smooth_stone
18,16,22,minecraft:cut_copper
19,16,22,minecraft:smooth_stone
20,16,22,minecraft:smooth_stone
21,16,22,minecraft:smooth_stone
22,16,22,minecraft:smooth_stone
23,16,22,minecraft:smooth_stone
13,16,23,minecraft:smooth_stone
14,16,23,minecraft:smooth_stone
15,16,23,minecraft:smooth_stone
16,16,23,minecraft:smooth_stone
17,16,23,minecraft:smooth_stone
18,16,23,minecraft:cut_copper
19,16,23,minecraft:smooth_stone
20,16,23,minecraft:smooth_stone
21,16,23,minecraft:smooth_stone
22,16,23,minecraft:smooth_stone
23,16,23,minecraft:smooth_stone
15,17,15,minecraft:oxidized_cut_copper
16,17,15,minecraft:oxidized_cut_copper
17,17,15,minecraft:oxidized_cut_copper
18,17,15,minecraft:oxidized_cut_copper
19,17,15,minecraft:oxidized_cut_copper
20,17,15,minecraft:oxidized_cut_copper
21,17,15,minecraft:oxidized_cut_copper
15,17,16,minecraft:oxidized_cut_copper
16,17,16,minecraft:copper_grate
17,17,16,minecraft:copper_grate
18,17,16,minecraft:copper_grate
19,17,16,minecraft:copper_grate
20,17,16,minecraft:copper_grate
21,17,16,minecraft:oxidized_cut_copper
15,17,17,minecraft:oxidized_cut_copper
16,17,17,minecraft:copper_grate
17,17,17,minecraft:copper_grate
18,17,17,minecraft:copper_grate
19,17,17,minecraft:copper_grate
20,17,17,minecraft:copper_grate
21,17,17,minecraft:oxidized_cut_copper
15,17,18,minecraft:oxidized_cut_copper
16,17,18,minecraft:copper_grate
17,17,18,minecraft:copper_grate
18,17,18,minecraft:sea_lantern
19,17,18,minecraft:copper_grate
20,17,18,minecraft:copper_grate
21,17,18,minecraft:oxidized_cut_copper
15,17,19,minecraft:oxidized_cut_copper
16,17,19,minecraft:copper_grate
17,17,19,minecraft:copper_grate
18,17,19,minecraft:copper_grate
19,17,19,minecraft:copper_grate
20,17,19,minecraft:copper_grate
21,17,19,minecraft:oxidized_cut_copper
15,17,20,minecraft:oxidized_cut_copper
16,17,20,minecraft:copper_grate
17,17,20,minecraft:copper_grate
18,17,20,minecraft:copper_grate
19,17,20,minecraft:copper_grate
20,17,20,minecraft:copper_grate
21,17,20,minecraft:oxidized_cut_copper
15,17,21,minecraft:oxidized_cut_copper
16,17,21,minecraft:oxidized_cut_copper
17,17,21,minecraft:oxidized_cut_copper
18,17,21,minecraft:oxidized_cut_copper
19,17,21,minecraft:oxidized_cut_copper
20,17,21,minecraft:oxidized_cut_copper
21,17,21,minecraft:oxidized_cut_copper
18,18,15,minecraft:quartz_pillar[axis=y]
15,18,18,minecraft:quartz_pillar[axis=y]
21,18,18,minecraft:quartz_pillar[axis=y]
18,18,21,minecraft:quartz_pillar[axis=y]
18,19,15,minecraft:quartz_pillar[axis=y]
15,19,18,minecraft:quartz_pillar[axis=y]
21,19,18,minecraft:quartz_pillar[axis=y]
18,19,21,minecraft:quartz_pillar[axis=y]
18,20,15,minecraft:quartz_pillar[axis=y]
15,20,18,minecraft:quartz_pillar[axis=y]
21,20,18,minecraft:quartz_pillar[axis=y]
18,20,21,minecraft:quartz_pillar[axis=y]
18,21,15,minecraft:quartz_pillar[axis=y]
15,21,18,minecraft:quartz_pillar[axis=y]
21,21,18,minecraft:quartz_pillar[axis=y]
18,21,21,minecraft:quartz_pillar[axis=y]
17,22,15,minecraft:oxidized_cut_copper
18,22,15,minecraft:oxidized_cut_copper
19,22,15,minecraft:oxidized_cut_copper
16,22,16,minecraft:oxidized_cut_copper
20,22,16,minecraft:oxidized_cut_copper
15,22,17,minecraft:oxidized_cut_copper
21,22,17,minecraft:oxidized_cut_copper
15,22,18,minecraft:oxidized_cut_copper
21,22,18,minecraft:oxidized_cut_copper
15,22,19,minecraft:oxidized_cut_copper
21,22,19,minecraft:oxidized_cut_copper
16,22,20,minecraft:oxidized_cut_copper
20,22,20,minecraft:oxidized_cut_copper
17,22,21,minecraft:oxidized_cut_copper
18,22,21,minecraft:oxidized_cut_copper
19,22,21,minecraft:oxidized_cut_copper
