x,y,z,block
0,0,0,minecraft:polished_deepslate
1,0,0,minecraft:polished_deepslate
2,0,0,minecraft:polished_deepslate
3,0,0,minecraft:polished_deepslate
4,0,0,minecraft:polished_deepslate
5,0,0,minecraft:polished_deepslate
6,0,0,minecraft:polished_deepslate
7,0,0,minecraft:polished_deepslate
8,0,0,minecraft:polished_deepslate
9,0,0,minecraft:polished_deepslate
10,0,0,minecraft:polished_deepslate
11,0,0,minecraft:polished_deepslate
12,0,0,minecraft:polished_deepslate
13,0,0,minecraft:polished_deepslate
14,0,0,minecraft:polished_deepslate
15,0,0,minecraft:polished_deepslate
16,0,0,minecraft:polished_deepslate
17,0,0,minecraft:polished_deepslate
18,0,0,minecraft:polished_deepslate
19,0,0,minecraft:polished_deepslate
20,0,0,minecraft:polished_deepslate
21,0,0,minecraft:polished_deepslate
22,0,0,minecraft:polished_deepslate
23,0,0,minecraft:polished_deepslate
24,0,0,minecraft:polished_deepslate
25,0,0,minecraft:polished_deepslate
26,0,0,minecraft:polished_deepslate
27,0,0,minecraft:polished_deepslate
28,0,0,minecraft:polished_deepslate
29,0,0,minecraft:polished_deepslate
30,0,0,minecraft:polished_deepslate
0,0,1,minecraft:polished_deepslate
1,0,1,minecraft:polished_deepslate
2,0,1,minecraft:polished_deepslate
3,0,1,minecraft:polished_deepslate
4,0,1,minecraft:polished_deepslate
5,0,1,minecraft:polished_deepslate
6,0,1,minecraft:polished_deepslate
7,0,1,minecraft:polished_deepslate
8,0,1,minecraft:polished_deepslate
9,0,1,minecraft:polished_deepslate
10,0,1,minecraft:polished_deepslate
11,0,1,minecraft:polished_deepslate
12,0,1,minecraft:polished_deepslate
13,0,1,minecraft:polished_deepslate
14,0,1,minecraft:polished_deepslate
15,0,1,minecraft:polished_deepslate
16,0,1,minecraft:polished_deepslate
17,0,1,minecraft:polished_deepslate
18,0,1,minecraft:polished_deepslate
19,0,1,minecraft:polished_deepslate
20,0,1,minecraft:polished_deepslate
21,0,1,minecraft:polished_deepslate
22,0,1,minecraft:polished_deepslate
23,0,1,minecraft:polished_deepslate
24,0,1,minecraft:polished_deepslate
25,0,1,minecraft:polished_deepslate
26,0,1,minecraft:polished_deepslate
27,0,1,minecraft:polished_deepslate
28,0,1,minecraft:polished_deepslate
29,0,1,minecraft:polished_deepslate
30,0,1,minecraft:polished_deepslate
0,0,2,minecraft:polished_deepslate
1,0,2,minecraft:polished_deepslate
2,0,2,minecraft:polished_deepslate
3,0,2,minecraft:polished_deepslate
4,0,2,minecraft:polished_deepslate
5,0,2,minecraft:polished_deepslate
6,0,2,minecraft:polished_deepslate
7,0,2,minecraft:polished_deepslate
8,0,2,minecraft:polished_deepslate
9,0,2,minecraft:polished_deepslate
10,0,2,minecraft:polished_deepslate
11,0,2,minecraft:polished_deepslate
12,0,2,minecraft:polished_deepslate
13,0,2,minecraft:polished_deepslate
14,0,2,minecraft:polished_deepslate
15,0,2,minecraft:polished_deepslate
16,0,2,minecraft:polished_deepslate
17,0,2,minecraft:polished_deepslate
18,0,2,minecraft:polished_deepslate
19,0,2,minecraft:polished_deepslate
20,0,2,minecraft:polished_deepslate
21,0,2,minecraft:polished_deepslate
22,0,2,minecraft:polished_deepslate
23,0,2,minecraft:polished_deepslate
24,0,2,minecraft:polished_deepslate
25,0,2,minecraft:polished_deepslate
26,0,2,minecraft:polished_deepslate
27,0,2,minecraft:polished_deepslate
28,0,2,minecraft:polished_deepslate
29,0,2,minecraft:polished_deepslate
30,0,2,minecraft:polished_deepslate
0,0,3,minecraft:polished_deepslate
1,0,3,minecraft:polished_deepslate
2,0,3,minecraft:polished_deepslate
3,0,3,minecraft:polished_deepslate
4,0,3,minecraft:polished_deepslate
5,0,3,minecraft:polished_deepslate
6,0,3,minecraft:polished_deepslate
7,0,3,minecraft:polished_deepslate
8,0,3,minecraft:polished_deepslate
9,0,3,minecraft:polished_deepslate
10,0,3,minecraft:polished_deepslate
11,0,3,minecraft:polished_deepslate
12,0,3,minecraft:polished_deepslate
13,0,3,minecraft:polished_deepslate
14,0,3,minecraft:polished_deepslate
15,0,3,minecraft:polished_deepslate
16,0,3,minecraft:polished_deepslate
17,0,3,minecraft:polished_deepslate
18,0,3,minecraft:polished_deepslate
19,0,3,minecraft:polished_deepslate
20,0,3,minecraft:polished_deepslate
21,0,3,minecraft:polished_deepslate
22,0,3,minecraft:polished_deepslate
23,0,3,minecraft:polished_deepslate
24,0,3,minecraft:polished_deepslate
25,0,3,minecraft:polished_deepslate
26,0,3,minecraft:polished_deepslate
27,0,3,minecraft:polished_deepslate
28,0,3,minecraft:polished_deepslate
29,0,3,minecraft:polished_deepslate
30,0,3,minecraft:polished_deepslate
0,0,4,minecraft:polished_deepslate
1,0,4,minecraft:polished_deepslate
2,0,4,minecraft:polished_deepslate
3,0,4,minecraft:polished_deepslate
4,0,4,minecraft:polished_deepslate
5,0,4,minecraft:polished_deepslate
6,0,4,minecraft:polished_deepslate
7,0,4,minecraft:polished_deepslate
8,0,4,minecraft:polished_deepslate
9,0,4,minecraft:polished_deepslate
10,0,4,minecraft:polished_deepslate
11,0,4,minecraft:polished_deepslate
12,0,4,minecraft:polished_deepslate
13,0,4,minecraft:polished_deepslate
14,0,4,minecraft:polished_deepslate
15,0,4,minecraft:polished_deepslate
16,0,4,minecraft:polished_deepslate
17,0,4,minecraft:polished_deepslate
18,0,4,minecraft:polished_deepslate
19,0,4,minecraft:polished_deepslate
20,0,4,minecraft:polished_deepslate
21,0,4,minecraft:polished_deepslate
22,0,4,minecraft:polished_deepslate
23,0,4,minecraft:polished_deepslate
24,0,4,minecraft:polished_deepslate
25,0,4,minecraft:polished_deepslate
26,0,4,minecraft:polished_deepslate
27,0,4,minecraft:polished_deepslate
28,0,4,minecraft:polished_deepslate
29,0,4,minecraft:polished_deepslate
30,0,4,minecraft:polished_deepslate
0,0,5,minecraft:polished_deepslate
1,0,5,minecraft:polished_deepslate
2,0,5,minecraft:polished_deepslate
3,0,5,minecraft:polished_deepslate
4,0,5,minecraft:polished_deepslate
5,0,5,minecraft:polished_deepslate
6,0,5,minecraft:polished_deepslate
7,0,5,minecraft:polished_deepslate
8,0,5,minecraft:polished_deepslate
9,0,5,minecraft:polished_deepslate
10,0,5,minecraft:polished_deepslate
11,0,5,minecraft:polished_deepslate
12,0,5,minecraft:polished_deepslate
13,0,5,minecraft:polished_deepslate
14,0,5,minecraft:polished_deepslate
15,0,5,minecraft:polished_deepslate
16,0,5,minecraft:polished_deepslate
17,0,5,minecraft:polished_deepslate
18,0,5,minecraft:polished_deepslate
19,0,5,minecraft:polished_deepslate
20,0,5,minecraft:polished_deepslate
21,0,5,minecraft:polished_deepslate
22,0,5,minecraft:polished_deepslate
23,0,5,minecraft:polished_deepslate
24,0,5,minecraft:polished_deepslate
25,0,5,minecraft:polished_deepslate
26,0,5,minecraft:polished_deepslate
27,0,5,minecraft:polished_deepslate
28,0,5,minecraft:polished_deepslate
29,0,5,minecraft:polished_deepslate
30,0,5,minecraft:polished_deepslate
0,0,6,minecraft:polished_deepslate
1,0,6,minecraft:polished_deepslate
2,0,6,minecraft:polished_deepslate
3,0,6,minecraft:polished_deepslate
4,0,6,minecraft:polished_deepslate
5,0,6,minecraft:polished_deepslate
6,0,6,minecraft:polished_deepslate
7,0,6,minecraft:polished_deepslate
8,0,6,minecraft:polished_deepslate
9,0,6,minecraft:polished_deepslate
10,0,6,minecraft:polished_deepslate
11,0,6,minecraft:polished_deepslate
12,0,6,minecraft:polished_deepslate
13,0,6,minecraft:polished_deepslate
14,0,6,minecraft:polished_deepslate
15,0,6,minecraft:polished_deepslate
16,0,6,minecraft:polished_deepslate
17,0,6,minecraft:polished_deepslate
18,0,6,minecraft:polished_deepslate
19,0,6,minecraft:polished_deepslate
20,0,6,minecraft:polished_deepslate
21,0,6,minecraft:polished_deepslate
22,0,6,minecraft:polished_deepslate
23,0,6,minecraft:polished_deepslate
24,0,6,minecraft:polished_deepslate
25,0,6,minecraft:polished_deepslate
26,0,6,minecraft:polished_deepslate
27,0,6,minecraft:polished_deepslate
28,0,6,minecraft:polished_deepslate
29,0,6,minecraft:polished_deepslate
30,0,6,minecraft:polished_deepslate
0,0,7,minecraft:polished_deepslate
1,0,7,minecraft:polished_deepslate
2,0,7,minecraft:polished_deepslate
3,0,7,minecraft:polished_deepslate
4,0,7,minecraft:polished_deepslate
5,0,7,minecraft:polished_deepslate
6,0,7,minecraft:polished_deepslate
7,0,7,minecraft:polished_deepslate
8,0,7,minecraft:polished_deepslate
9,0,7,minecraft:polished_deepslate
10,0,7,minecraft:polished_deepslate
11,0,7,minecraft:polished_deepslate
12,0,7,minecraft:polished_deepslate
13,0,7,minecraft:polished_deepslate
14,0,7,minecraft:polished_deepslate
15,0,7,minecraft:polished_deepslate
16,0,7,minecraft:polished_deepslate
17,0,7,minecraft:polished_deepslate
18,0,7,minecraft:polished_deepslate
19,0,7,minecraft:polished_deepslate
20,0,7,minecraft:polished_deepslate
21,0,7,minecraft:polished_deepslate
22,0,7,minecraft:polished_deepslate
23,0,7,minecraft:polished_deepslate
24,0,7,minecraft:polished_deepslate
25,0,7,minecraft:polished_deepslate
26,0,7,minecraft:polished_deepslate
27,0,7,minecraft:polished_deepslate
28,0,7,minecraft:polished_deepslate
29,0,7,minecraft:polished_deepslate
30,0,7,minecraft:polished_deepslate
0,0,8,minecraft:polished_deepslate
1,0,8,minecraft:polished_deepslate
2,0,8,minecraft:polished_deepslate
3,0,8,minecraft:polished_deepslate
4,0,8,minecraft:polished_deepslate
5,0,8,minecraft:polished_deepslate
6,0,8,minecraft:polished_deepslate
7,0,8,minecraft:polished_deepslate
8,0,8,minecraft:polished_deepslate
9,0,8,minecraft:polished_deepslate
10,0,8,minecraft:polished_deepslate
11,0,8,minecraft:polished_deepslate
12,0,8,minecraft:polished_deepslate
13,0,8,minecraft:polished_deepslate
14,0,8,minecraft:polished_deepslate
15,0,8,minecraft:polished_deepslate
16,0,8,minecraft:polished_deepslate
17,0,8,minecraft:polished_deepslate
18,0,8,minecraft:polished_deepslate
19,0,8,minecraft:polished_deepslate
20,0,8,minecraft:polished_deepslate
21,0,8,minecraft:polished_deepslate
22,0,8,minecraft:polished_deepslate
23,0,8,minecraft:polished_deepslate
24,0,8,minecraft:polished_deepslate
25,0,8,minecraft:polished_deepslate
26,0,8,minecraft:polished_deepslate
27,0,8,minecraft:polished_deepslate
28,0,8,minecraft:polished_deepslate
29,0,8,minecraft:polished_deepslate
30,0,8,minecraft:polished_deepslate
0,0,9,minecraft:polished_deepslate
1,0,9,minecraft:polished_deepslate
2,0,9,minecraft:polished_deepslate
3,0,9,minecraft:polished_deepslate
4,0,9,minecraft:polished_deepslate
5,0,9,minecraft:polished_deepslate
6,0,9,minecraft:polished_deepslate
7,0,9,minecraft:polished_deepslate
8,0,9,minecraft:polished_deepslate
9,0,9,minecraft:polished_deepslate
10,0,9,minecraft:polished_deepslate
11,0,9,minecraft:polished_deepslate
12,0,9,minecraft:polished_deepslate
13,0,9,minecraft:polished_deepslate
14,0,9,minecraft:polished_deepslate
15,0,9,minecraft:polished_deepslate
16,0,9,minecraft:polished_deepslate
17,0,9,minecraft:polished_deepslate
18,0,9,minecraft:polished_deepslate
19,0,9,minecraft:polished_deepslate
20,0,9,minecraft:polished_deepslate
21,0,9,minecraft:polished_deepslate
22,0,9,minecraft:polished_deepslate
23,0,9,minecraft:polished_deepslate
24,0,9,minecraft:polished_deepslate
25,0,9,minecraft:polished_deepslate
26,0,9,minecraft:polished_deepslate
27,0,9,minecraft:polished_deepslate
28,0,9,minecraft:polished_deepslate
29,0,9,minecraft:polished_deepslate
30,0,9,minecraft:polished_deepslate
0,0,10,minecraft:polished_deepslate
1,0,10,minecraft:polished_deepslate
2,0,10,minecraft:polished_deepslate
3,0,10,minecraft:polished_deepslate
4,0,10,minecraft:polished_deepslate
5,0,10,minecraft:polished_deepslate
6,0,10,minecraft:polished_deepslate
7,0,10,minecraft:polished_deepslate
8,0,10,minecraft:polished_deepslate
9,0,10,minecraft:polished_deepslate
10,0,10,minecraft:polished_deepslate
11,0,10,minecraft:polished_deepslate
12,0,10,minecraft:polished_deepslate
13,0,10,minecraft:polished_deepslate
14,0,10,minecraft:polished_deepslate
15,0,10,minecraft:polished_deepslate
16,0,10,minecraft:polished_deepslate
17,0,10,minecraft:polished_deepslate
18,0,10,minecraft:polished_deepslate
19,0,10,minecraft:polished_deepslate
20,0,10,minecraft:polished_deepslate
21,0,10,minecraft:polished_deepslate
22,0,10,minecraft:polished_deepslate
23,0,10,minecraft:polished_deepslate
24,0,10,minecraft:polished_deepslate
25,0,10,minecraft:polished_deepslate
26,0,10,minecraft:polished_deepslate
27,0,10,minecraft:polished_deepslate
28,0,10,minecraft:polished_deepslate
29,0,10,minecraft:polished_deepslate
30,0,10,minecraft:polished_deepslate
0,0,11,minecraft:polished_deepslate
1,0,11,minecraft:polished_deepslate
2,0,11,minecraft:polished_deepslate
3,0,11,minecraft:polished_deepslate
4,0,11,minecraft:polished_deepslate
5,0,11,minecraft:polished_deepslate
6,0,11,minecraft:polished_deepslate
7,0,11,minecraft:polished_deepslate
8,0,11,minecraft:polished_deepslate
9,0,11,minecraft:polished_deepslate
10,0,11,minecraft:polished_deepslate
11,0,11,minecraft:polished_deepslate
12,0,11,minecraft:polished_deepslate
13,0,11,minecraft:polished_deepslate
14,0,11,minecraft:polished_deepslate
15,0,11,minecraft:polished_deepslate
16,0,11,minecraft:polished_deepslate
17,0,11,minecraft:polished_deepslate
18,0,11,minecraft:polished_deepslate
19,0,11,minecraft:polished_deepslate
20,0,11,minecraft:polished_deepslate
21,0,11,minecraft:polished_deepslate
22,0,11,minecraft:polished_deepslate
23,0,11,minecraft:polished_deepslate
24,0,11,minecraft:polished_deepslate
25,0,11,minecraft:polished_deepslate
26,0,11,minecraft:polished_deepslate
27,0,11,minecraft:polished_deepslate
28,0,11,minecraft:polished_deepslate
29,0,11,minecraft:polished_deepslate
30,0,11,minecraft:polished_deepslate
0,0,12,minecraft:polished_deepslate
1,0,12,minecraft:polished_deepslate
2,0,12,minecraft:polished_deepslate
3,0,12,minecraft:polished_deepslate
4,0,12,minecraft:polished_deepslate
5,0,12,minecraft:polished_deepslate
6,0,12,minecraft:polished_deepslate
7,0,12,minecraft:polished_deepslate
8,0,12,minecraft:polished_deepslate
9,0,12,minecraft:polished_deepslate
10,0,12,minecraft:polished_deepslate
11,0,12,minecraft:polished_deepslate
12,0,12,minecraft:polished_deepslate
13,0,12,minecraft:polished_deepslate
14,0,12,minecraft:polished_deepslate
15,0,12,minecraft:polished_deepslate
16,0,12,minecraft:polished_deepslate
17,0,12,minecraft:polished_deepslate
18,0,12,minecraft:polished_deepslate
19,0,12,minecraft:polished_deepslate
20,0,12,minecraft:polished_deepslate
21,0,12,minecraft:polished_deepslate
22,0,12,minecraft:polished_deepslate
23,0,12,minecraft:polished_deepslate
24,0,12,minecraft:polished_deepslate
25,0,12,minecraft:polished_deepslate
26,0,12,minecraft:polished_deepslate
27,0,12,minecraft:polished_deepslate
28,0,12,minecraft:polished_deepslate
29,0,12,minecraft:polished_deepslate
30,0,12,minecraft:polished_deepslate
0,0,13,minecraft:polished_deepslate
1,0,13,minecraft:polished_deepslate
2,0,13,minecraft:polished_deepslate
3,0,13,minecraft:polished_deepslate
4,0,13,minecraft:polished_deepslate
5,0,13,minecraft:polished_deepslate
6,0,13,minecraft:polished_deepslate
7,0,13,minecraft:polished_deepslate
8,0,13,minecraft:polished_deepslate
9,0,13,minecraft:polished_deepslate
10,0,13,minecraft:polished_deepslate
11,0,13,minecraft:polished_deepslate
12,0,13,minecraft:polished_deepslate
13,0,13,minecraft:polished_deepslate
14,0,13,minecraft:polished_deepslate
15,0,13,minecraft:polished_deepslate
16,0,13,minecraft:polished_deepslate
17,0,13,minecraft:polished_deepslate
18,0,13,minecraft:polished_deepslate
19,0,13,minecraft:polished_deepslate
20,0,13,minecraft:polished_deepslate
21,0,13,minecraft:polished_deepslate
22,0,13,minecraft:polished_deepslate
23,0,13,minecraft:polished_deepslate
24,0,13,minecraft:polished_deepslate
25,0,13,minecraft:polished_deepslate
26,0,13,minecraft:polished_deepslate
27,0,13,minecraft:polished_deepslate
28,0,13,minecraft:polished_deepslate
29,0,13,minecraft:polished_deepslate
30,0,13,minecraft:polished_deepslate
0,0,14,minecraft:polished_deepslate
1,0,14,minecraft:polished_deepslate
2,0,14,minecraft:polished_deepslate
3,0,14,minecraft:polished_deepslate
4,0,14,minecraft:polished_deepslate
5,0,14,minecraft:polished_deepslate
6,0,14,minecraft:polished_deepslate
7,0,14,minecraft:polished_deepslate
8,0,14,minecraft:polished_deepslate
9,0,14,minecraft:polished_deepslate
10,0,14,minecraft:polished_deepslate
11,0,14,minecraft:polished_deepslate
12,0,14,minecraft:polished_deepslate
13,0,14,minecraft:polished_deepslate
14,0,14,minecraft:polished_deepslate
15,0,14,minecraft:polished_deepslate
16,0,14,minecraft:polished_deepslate
17,0,14,minecraft:polished_deepslate
18,0,14,minecraft:polished_deepslate
19,0,14,minecraft:polished_deepslate
20,0,14,minecraft:polished_deepslate
21,0,14,minecraft:polished_deepslate
22,0,14,minecraft:polished_deepslate
23,0,14,minecraft:polished_deepslate
24,0,14,minecraft:polished_deepslate
25,0,14,minecraft:polished_deepslate
26,0,14,minecraft:polished_deepslate
27,0,14,minecraft:polished_deepslate
28,0,14,minecraft:polished_deepslate
29,0,14,minecraft:polished_deepslate
30,0,14,minecraft:polished_deepslate
0,0,15,minecraft:polished_deepslate
1,0,15,minecraft:polished_deepslate
2,0,15,minecraft:polished_deepslate
3,0,15,minecraft:polished_deepslate
4,0,15,minecraft:polished_deepslate
5,0,15,minecraft:polished_deepslate
6,0,15,minecraft:polished_deepslate
7,0,15,minecraft:polished_deepslate
8,0,15,minecraft:polished_deepslate
9,0,15,minecraft:polished_deepslate
10,0,15,minecraft:polished_deepslate
11,0,15,minecraft:polished_deepslate
12,0,15,minecraft:polished_deepslate
13,0,15,minecraft:polished_deepslate
14,0,15,minecraft:polished_deepslate
15,0,15,minecraft:polished_deepslate
16,0,15,minecraft:polished_deepslate
17,0,15,minecraft:polished_deepslate
18,0,15,minecraft:polished_deepslate
19,0,15,minecraft:polished_deepslate
20,0,15,minecraft:polished_deepslate
21,0,15,minecraft:polished_deepslate
22,0,15,minecraft:polished_deepslate
23,0,15,minecraft:polished_deepslate
24,0,15,minecraft:polished_deepslate
25,0,15,minecraft:polished_deepslate
26,0,15,minecraft:polished_deepslate
27,0,15,minecraft:polished_deepslate
28,0,15,minecraft:polished_deepslate
29,0,15,minecraft:polished_deepslate
30,0,15,minecraft:polished_deepslate
0,0,16,minecraft:polished_deepslate
1,0,16,minecraft:polished_deepslate
2,0,16,minecraft:polished_deepslate
3,0,16,minecraft:polished_deepslate
4,0,16,minecraft:polished_deepslate
5,0,16,minecraft:polished_deepslate
6,0,16,minecraft:polished_deepslate
7,0,16,minecraft:polished_deepslate
8,0,16,minecraft:polished_deepslate
9,0,16,minecraft:polished_deepslate
10,0,16,minecraft:polished_deepslate
11,0,16,minecraft:polished_deepslate
12,0,16,minecraft:polished_deepslate
13,0,16,minecraft:polished_deepslate
14,0,16,minecraft:polished_deepslate
15,0,16,minecraft:polished_deepslate
16,0,16,minecraft:polished_deepslate
17,0,16,minecraft:polished_deepslate
18,0,16,minecraft:polished_deepslate
19,0,16,minecraft:polished_deepslate
20,0,16,minecraft:polished_deepslate
21,0,16,minecraft:polished_deepslate
22,0,16,minecraft:polished_deepslate
23,0,16,minecraft:polished_deepslate
24,0,16,minecraft:polished_deepslate
25,0,16,minecraft:polished_deepslate
26,0,16,minecraft:polished_deepslate
27,0,16,minecraft:polished_deepslate
28,0,16,minecraft:polished_deepslate
29,0,16,minecraft:polished_deepslate
30,0,16,minecraft:polished_deepslate
0,0,17,minecraft:polished_deepslate
1,0,17,minecraft:polished_deepslate
2,0,17,minecraft:polished_deepslate
3,0,17,minecraft:polished_deepslate
4,0,17,minecraft:polished_deepslate
5,0,17,minecraft:polished_deepslate
6,0,17,minecraft:polished_deepslate
7,0,17,minecraft:polished_deepslate
8,0,17,minecraft:polished_deepslate
9,0,17,minecraft:polished_deepslate
10,0,17,minecraft:polished_deepslate
11,0,17,minecraft:polished_deepslate
12,0,17,minecraft:polished_deepslate
13,0,17,minecraft:polished_deepslate
14,0,17,minecraft:polished_deepslate
15,0,17,minecraft:polished_deepslate
16,0,17,minecraft:polished_deepslate
17,0,17,minecraft:polished_deepslate
18,0,17,minecraft:polished_deepslate
19,0,17,minecraft:polished_deepslate
20,0,17,minecraft:polished_deepslate
21,0,17,minecraft:polished_deepslate
22,0,17,minecraft:polished_deepslate
23,0,17,minecraft:polished_deepslate
24,0,17,minecraft:polished_deepslate
25,0,17,minecraft:polished_deepslate
26,0,17,minecraft:polished_deepslate
27,0,17,minecraft:polished_deepslate
28,0,17,minecraft:polished_deepslate
29,0,17,minecraft:polished_deepslate
30,0,17,minecraft:polished_deepslate
0,0,18,minecraft:polished_deepslate
1,0,18,minecraft:polished_deepslate
2,0,18,minecraft:polished_deepslate
3,0,18,minecraft:polished_deepslate
4,0,18,minecraft:polished_deepslate
5,0,18,minecraft:polished_deepslate
6,0,18,minecraft:polished_deepslate
7,0,18,minecraft:polished_deepslate
8,0,18,minecraft:polished_deepslate
9,0,18,minecraft:polished_deepslate
10,0,18,minecraft:polished_deepslate
11,0,18,minecraft:polished_deepslate
12,0,18,minecraft:polished_deepslate
13,0,18,minecraft:polished_deepslate
14,0,18,minecraft:polished_deepslate
15,0,18,minecraft:polished_deepslate
16,0,18,minecraft:polished_deepslate
17,0,18,minecraft:polished_deepslate
18,0,18,minecraft:polished_deepslate
19,0,18,minecraft:polished_deepslate
20,0,18,minecraft:polished_deepslate
21,0,18,minecraft:polished_deepslate
22,0,18,minecraft:polished_deepslate
23,0,18,minecraft:polished_deepslate
24,0,18,minecraft:polished_deepslate
25,0,18,minecraft:polished_deepslate
26,0,18,minecraft:polished_deepslate
27,0,18,minecraft:polished_deepslate
28,0,18,minecraft:polished_deepslate
29,0,18,minecraft:polished_deepslate
30,0,18,minecraft:polished_deepslate
0,0,19,minecraft:polished_deepslate
1,0,19,minecraft:polished_deepslate
2,0,19,minecraft:polished_deepslate
3,0,19,minecraft:polished_deepslate
4,0,19,minecraft:polished_deepslate
5,0,19,minecraft:polished_deepslate
6,0,19,minecraft:polished_deepslate
7,0,19,minecraft:polished_deepslate
8,0,19,minecraft:polished_deepslate
9,0,19,minecraft:polished_deepslate
10,0,19,minecraft:polished_deepslate
11,0,19,minecraft:polished_deepslate
12,0,19,minecraft:polished_deepslate
13,0,19,minecraft:polished_deepslate
14,0,19,minecraft:polished_deepslate
15,0,19,minecraft:polished_deepslate
16,0,19,minecraft:polished_deepslate
17,0,19,minecraft:polished_deepslate
18,0,19,minecraft:polished_deepslate
19,0,19,minecraft:polished_deepslate
20,0,19,minecraft:polished_deepslate
21,0,19,minecraft:polished_deepslate
22,0,19,minecraft:polished_deepslate
23,0,19,minecraft:polished_deepslate
24,0,19,minecraft:polished_deepslate
25,0,19,minecraft:polished_deepslate
26,0,19,minecraft:polished_deepslate
27,0,19,minecraft:polished_deepslate
28,0,19,minecraft:polished_deepslate
29,0,19,minecraft:polished_deepslate
30,0,19,minecraft:polished_deepslate
0,0,20,minecraft:polished_deepslate
1,0,20,minecraft:polished_deepslate
2,0,20,minecraft:polished_deepslate
3,0,20,minecraft:polished_deepslate
4,0,20,minecraft:polished_deepslate
5,0,20,minecraft:polished_deepslate
6,0,20,minecraft:polished_deepslate
7,0,20,minecraft:polished_deepslate
8,0,20,minecraft:polished_deepslate
9,0,20,minecraft:polished_deepslate
10,0,20,minecraft:polished_deepslate
11,0,20,minecraft:polished_deepslate
12,0,20,minecraft:polished_deepslate
13,0,20,minecraft:polished_deepslate
14,0,20,minecraft:polished_deepslate
15,0,20,minecraft:polished_deepslate
16,0,20,minecraft:polished_deepslate
17,0,20,minecraft:polished_deepslate
18,0,20,minecraft:polished_deepslate
19,0,20,minecraft:polished_deepslate
20,0,20,minecraft:polished_deepslate
21,0,20,minecraft:polished_deepslate
22,0,20,minecraft:polished_deepslate
23,0,20,minecraft:polished_deepslate
24,0,20,minecraft:polished_deepslate
25,0,20,minecraft:polished_deepslate
26,0,20,minecraft:polished_deepslate
27,0,20,minecraft:polished_deepslate
28,0,20,minecraft:polished_deepslate
29,0,20,minecraft:polished_deepslate
30,0,20,minecraft:polished_deepslate
0,0,21,minecraft:polished_deepslate
1,0,21,minecraft:polished_deepslate
2,0,21,minecraft:polished_deepslate
3,0,21,minecraft:polished_deepslate
4,0,21,minecraft:polished_deepslate
5,0,21,minecraft:polished_deepslate
6,0,21,minecraft:polished_deepslate
7,0,21,minecraft:polished_deepslate
8,0,21,minecraft:polished_deepslate
9,0,21,minecraft:polished_deepslate
10,0,21,minecraft:polished_deepslate
11,0,21,minecraft:polished_deepslate
12,0,21,minecraft:polished_deepslate
13,0,21,minecraft:polished_deepslate
14,0,21,minecraft:polished_deepslate
15,0,21,minecraft:polished_deepslate
16,0,21,minecraft:polished_deepslate
17,0,21,minecraft:polished_deepslate
18,0,21,minecraft:polished_deepslate
19,0,21,minecraft:polished_deepslate
20,0,21,minecraft:polished_deepslate
21,0,21,minecraft:polished_deepslate
22,0,21,minecraft:polished_deepslate
23,0,21,minecraft:polished_deepslate
24,0,21,minecraft:polished_deepslate
25,0,21,minecraft:polished_deepslate
26,0,21,minecraft:polished_deepslate
27,0,21,minecraft:polished_deepslate
28,0,21,minecraft:polished_deepslate
29,0,21,minecraft:polished_deepslate
30,0,21,minecraft:polished_deepslate
0,0,22,minecraft:polished_deepslate
1,0,22,minecraft:polished_deepslate
2,0,22,minecraft:polished_deepslate
3,0,22,minecraft:polished_deepslate
4,0,22,minecraft:polished_deepslate
5,0,22,minecraft:polished_deepslate
6,0,22,minecraft:polished_deepslate
7,0,22,minecraft:polished_deepslate
8,0,22,minecraft:polished_deepslate
9,0,22,minecraft:polished_deepslate
10,0,22,minecraft:polished_deepslate
11,0,22,minecraft:polished_deepslate
12,0,22,minecraft:polished_deepslate
13,0,22,minecraft:polished_deepslate
14,0,22,minecraft:polished_deepslate
15,0,22,minecraft:polished_deepslate
16,0,22,minecraft:polished_deepslate
17,0,22,minecraft:polished_deepslate
18,0,22,minecraft:polished_deepslate
19,0,22,minecraft:polished_deepslate
20,0,22,minecraft:polished_deepslate
21,0,22,minecraft:polished_deepslate
22,0,22,minecraft:polished_deepslate
23,0,22,minecraft:polished_deepslate
24,0,22,minecraft:polished_deepslate
25,0,22,minecraft:polished_deepslate
26,0,22,minecraft:polished_deepslate
27,0,22,minecraft:polished_deepslate
28,0,22,minecraft:polished_deepslate
29,0,22,minecraft:polished_deepslate
30,0,22,minecraft:polished_deepslate
0,0,23,minecraft:polished_deepslate
1,0,23,minecraft:polished_deepslate
2,0,23,minecraft:polished_deepslate
3,0,23,minecraft:polished_deepslate
4,0,23,minecraft:polished_deepslate
5,0,23,minecraft:polished_deepslate
6,0,23,minecraft:polished_deepslate
7,0,23,minecraft:polished_deepslate
8,0,23,minecraft:polished_deepslate
9,0,23,minecraft:polished_deepslate
10,0,23,minecraft:polished_deepslate
11,0,23,minecraft:polished_deepslate
12,0,23,minecraft:polished_deepslate
13,0,23,minecraft:polished_deepslate
14,0,23,minecraft:polished_deepslate
15,0,23,minecraft:polished_deepslate
16,0,23,minecraft:polished_deepslate
17,0,23,minecraft:polished_deepslate
18,0,23,minecraft:polished_deepslate
19,0,23,minecraft:polished_deepslate
20,0,23,minecraft:polished_deepslate
21,0,23,minecraft:polished_deepslate
22,0,23,minecraft:polished_deepslate
23,0,23,minecraft:polished_deepslate
24,0,23,minecraft:polished_deepslate
25,0,23,minecraft:polished_deepslate
26,0,23,minecraft:polished_deepslate
27,0,23,minecraft:polished_deepslate
28,0,23,minecraft:polished_deepslate
29,0,23,minecraft:polished_deepslate
30,0,23,minecraft:polished_deepslate
0,0,24,minecraft:polished_deepslate
1,0,24,minecraft:polished_deepslate
2,0,24,minecraft:polished_deepslate
3,0,24,minecraft:polished_deepslate
4,0,24,minecraft:polished_deepslate
5,0,24,minecraft:polished_deepslate
6,0,24,minecraft:polished_deepslate
7,0,24,minecraft:polished_deepslate
8,0,24,minecraft:polished_deepslate
9,0,24,minecraft:polished_deepslate
10,0,24,minecraft:polished_deepslate
11,0,24,minecraft:polished_deepslate
12,0,24,minecraft:polished_deepslate
13,0,24,minecraft:polished_deepslate
14,0,24,minecraft:polished_deepslate
15,0,24,minecraft:polished_deepslate
16,0,24,minecraft:polished_deepslate
17,0,24,minecraft:polished_deepslate
18,0,24,minecraft:polished_deepslate
19,0,24,minecraft:polished_deepslate
20,0,24,minecraft:polished_deepslate
21,0,24,minecraft:polished_deepslate
22,0,24,minecraft:polished_deepslate
23,0,24,minecraft:polished_deepslate
24,0,24,minecraft:polished_deepslate
25,0,24,minecraft:polished_deepslate
26,0,24,minecraft:polished_deepslate
27,0,24,minecraft:polished_deepslate
28,0,24,minecraft:polished_deepslate
29,0,24,minecraft:polished_deepslate
30,0,24,minecraft:polished_deepslate
0,0,25,minecraft:polished_deepslate
1,0,25,minecraft:polished_deepslate
2,0,25,minecraft:polished_deepslate
3,0,25,minecraft:polished_deepslate
4,0,25,minecraft:polished_deepslate
5,0,25,minecraft:polished_deepslate
6,0,25,minecraft:polished_deepslate
7,0,25,minecraft:polished_deepslate
8,0,25,minecraft:polished_deepslate
9,0,25,minecraft:polished_deepslate
10,0,25,minecraft:polished_deepslate
11,0,25,minecraft:polished_deepslate
12,0,25,minecraft:polished_deepslate
13,0,25,minecraft:polished_deepslate
14,0,25,minecraft:polished_deepslate
15,0,25,minecraft:polished_deepslate
16,0,25,minecraft:polished_deepslate
17,0,25,minecraft:polished_deepslate
18,0,25,minecraft:polished_deepslate
19,0,25,minecraft:polished_deepslate
20,0,25,minecraft:polished_deepslate
21,0,25,minecraft:polished_deepslate
22,0,25,minecraft:polished_deepslate
23,0,25,minecraft:polished_deepslate
24,0,25,minecraft:polished_deepslate
25,0,25,minecraft:polished_deepslate
26,0,25,minecraft:polished_deepslate
27,0,25,minecraft:polished_deepslate
28,0,25,minecraft:polished_deepslate
29,0,25,minecraft:polished_deepslate
30,0,25,minecraft:polished_deepslate
0,0,26,minecraft:polished_deepslate
1,0,26,minecraft:polished_deepslate
2,0,26,minecraft:polished_deepslate
3,0,26,minecraft:polished_deepslate
4,0,26,minecraft:polished_deepslate
5,0,26,minecraft:polished_deepslate
6,0,26,minecraft:polished_deepslate
7,0,26,minecraft:polished_deepslate
8,0,26,minecraft:polished_deepslate
9,0,26,minecraft:polished_deepslate
10,0,26,minecraft:polished_deepslate
11,0,26,minecraft:polished_deepslate
12,0,26,minecraft:polished_deepslate
13,0,26,minecraft:polished_deepslate
14,0,26,minecraft:polished_deepslate
15,0,26,minecraft:polished_deepslate
16,0,26,minecraft:polished_deepslate
17,0,26,minecraft:polished_deepslate
18,0,26,minecraft:polished_deepslate
19,0,26,minecraft:polished_deepslate
20,0,26,minecraft:polished_deepslate
21,0,26,minecraft:polished_deepslate
22,0,26,minecraft:polished_deepslate
23,0,26,minecraft:polished_deepslate
24,0,26,minecraft:polished_deepslate
25,0,26,minecraft:polished_deepslate
26,0,26,minecraft:polished_deepslate
27,0,26,minecraft:polished_deepslate
28,0,26,minecraft:polished_deepslate
29,0,26,minecraft:polished_deepslate
30,0,26,minecraft:polished_deepslate
0,0,27,minecraft:polished_deepslate
1,0,27,minecraft:polished_deepslate
2,0,27,minecraft:polished_deepslate
3,0,27,minecraft:polished_deepslate
4,0,27,minecraft:polished_deepslate
5,0,27,minecraft:polished_deepslate
6,0,27,minecraft:polished_deepslate
7,0,27,minecraft:polished_deepslate
8,0,27,minecraft:polished_deepslate
9,0,27,minecraft:polished_deepslate
10,0,27,minecraft:polished_deepslate
11,0,27,minecraft:polished_deepslate
12,0,27,minecraft:polished_deepslate
13,0,27,minecraft:polished_deepslate
14,0,27,minecraft:polished_deepslate
15,0,27,minecraft:polished_deepslate
16,0,27,minecraft:polished_deepslate
17,0,27,minecraft:polished_deepslate
18,0,27,minecraft:polished_deepslate
19,0,27,minecraft:polished_deepslate
20,0,27,minecraft:polished_deepslate
21,0,27,minecraft:polished_deepslate
22,0,27,minecraft:polished_deepslate
23,0,27,minecraft:polished_deepslate
24,0,27,minecraft:polished_deepslate
25,0,27,minecraft:polished_deepslate
26,0,27,minecraft:polished_deepslate
27,0,27,minecraft:polished_deepslate
28,0,27,minecraft:polished_deepslate
29,0,27,minecraft:polished_deepslate
30,0,27,minecraft:polished_deepslate
0,0,28,minecraft:polished_deepslate
1,0,28,minecraft:polished_deepslate
2,0,28,minecraft:polished_deepslate
3,0,28,minecraft:polished_deepslate
4,0,28,minecraft:polished_deepslate
5,0,28,minecraft:polished_deepslate
6,0,28,minecraft:polished_deepslate
7,0,28,minecraft:polished_deepslate
8,0,28,minecraft:polished_deepslate
9,0,28,minecraft:polished_deepslate
10,0,28,minecraft:polished_deepslate
11,0,28,minecraft:polished_deepslate
12,0,28,minecraft:polished_deepslate
13,0,28,minecraft:polished_deepslate
14,0,28,minecraft:polished_deepslate
15,0,28,minecraft:polished_deepslate
16,0,28,minecraft:polished_deepslate
17,0,28,minecraft:polished_deepslate
18,0,28,minecraft:polished_deepslate
19,0,28,minecraft:polished_deepslate
20,0,28,minecraft:polished_deepslate
21,0,28,minecraft:polished_deepslate
22,0,28,minecraft:polished_deepslate
23,0,28,minecraft:polished_deepslate
24,0,28,minecraft:polished_deepslate
25,0,28,minecraft:polished_deepslate
26,0,28,minecraft:polished_deepslate
27,0,28,minecraft:polished_deepslate
28,0,28,minecraft:polished_deepslate
29,0,28,minecraft:polished_deepslate
30,0,28,minecraft:polished_deepslate
0,0,29,minecraft:polished_deepslate
1,0,29,minecraft:polished_deepslate
2,0,29,minecraft:polished_deepslate
3,0,29,minecraft:polished_deepslate
4,0,29,minecraft:polished_deepslate
5,0,29,minecraft:polished_deepslate
6,0,29,minecraft:polished_deepslate
7,0,29,minecraft:polished_deepslate
8,0,29,minecraft:polished_deepslate
9,0,29,minecraft:polished_deepslate
10,0,29,minecraft:polished_deepslate
11,0,29,minecraft:polished_deepslate
12,0,29,minecraft:polished_deepslate
13,0,29,minecraft:polished_deepslate
14,0,29,minecraft:polished_deepslate
15,0,29,minecraft:polished_deepslate
16,0,29,minecraft:polished_deepslate
17,0,29,minecraft:polished_deepslate
18,0,29,minecraft:polished_deepslate
19,0,29,minecraft:polished_deepslate
20,0,29,minecraft:polished_deepslate
21,0,29,minecraft:polished_deepslate
22,0,29,minecraft:polished_deepslate
23,0,29,minecraft:polished_deepslate
24,0,29,minecraft:polished_deepslate
25,0,29,minecraft:polished_deepslate
26,0,29,minecraft:polished_deepslate
27,0,29,minecraft:polished_deepslate
28,0,29,minecraft:polished_deepslate
29,0,29,minecraft:polished_deepslate
30,0,29,minecraft:polished_deepslate
0,0,30,minecraft:polished_deepslate
1,0,30,minecraft:polished_deepslate
2,0,30,minecraft:polished_deepslate
3,0,30,minecraft:polished_deepslate
4,0,30,minecraft:polished_deepslate
5,0,30,minecraft:polished_deepslate
6,0,30,minecraft:polished_deepslate
7,0,30,minecraft:polished_deepslate
8,0,30,minecraft:polished_deepslate
9,0,30,minecraft:polished_deepslate
10,0,30,minecraft:polished_deepslate
11,0,30,minecraft:polished_deepslate
12,0,30,minecraft:polished_deepslate
13,0,30,minecraft:polished_deepslate
14,0,30,minecraft:polished_deepslate
15,0,30,minecraft:polished_deepslate
16,0,30,minecraft:polished_deepslate
17,0,30,minecraft:polished_deepslate
18,0,30,minecraft:polished_deepslate
19,0,30,minecraft:polished_deepslate
20,0,30,minecraft:polished_deepslate
21,0,30,minecraft:polished_deepslate
22,0,30,minecraft:polished_deepslate
23,0,30,minecraft:polished_deepslate
24,0,30,minecraft:polished_deepslate
25,0,30,minecraft:polished_deepslate
26,0,30,minecraft:polished_deepslate
27,0,30,minecraft:polished_deepslate
28,0,30,minecraft:polished_deepslate
29,0,30,minecraft:polished_deepslate
30,0,30,minecraft:polished_deepslate
0,1,0,minecraft:stone_bricks
1,1,0,minecraft:stone_bricks
2,1,0,minecraft:stone_bricks
3,1,0,minecraft:stone_bricks
4,1,0,minecraft:stone_bricks
5,1,0,minecraft:stone_bricks
6,1,0,minecraft:stone_bricks
7,1,0,minecraft:stone_bricks
8,1,0,minecraft:stone_bricks
9,1,0,minecraft:stone_bricks
10,1,0,minecraft:stone_bricks
11,1,0,minecraft:stone_bricks
12,1,0,minecraft:stone_bricks
13,1,0,minecraft:stone_bricks
14,1,0,minecraft:stone_bricks
15,1,0,minecraft:cut_copper
16,1,0,minecraft:stone_bricks
17,1,0,minecraft:stone_bricks
18,1,0,minecraft:stone_bricks
19,1,0,minecraft:stone_bricks
20,1,0,minecraft:stone_bricks
21,1,0,minecraft:stone_bricks
22,1,0,minecraft:stone_bricks
23,1,0,minecraft:stone_bricks
24,1,0,minecraft:stone_bricks
25,1,0,minecraft:stone_bricks
26,1,0,minecraft:stone_bricks
27,1,0,minecraft:stone_bricks
28,1,0,minecraft:stone_bricks
29,1,0,minecraft:stone_bricks
30,1,0,minecraft:stone_bricks
0,1,1,minecraft:stone_bricks
1,1,1,minecraft:stone_bricks
2,1,1,minecraft:stone_bricks
3,1,1,minecraft:stone_bricks
4,1,1,minecraft:stone_bricks
5,1,1,minecraft:stone_bricks
6,1,1,minecraft:stone_bricks
7,1,1,minecraft:stone_bricks
8,1,1,minecraft:stone_bricks
9,1,1,minecraft:stone_bricks
10,1,1,minecraft:stone_bricks
11,1,1,minecraft:stone_bricks
12,1,1,minecraft:stone_bricks
13,1,1,minecraft:stone_bricks
14,1,1,minecraft:stone_bricks
15,1,1,minecraft:stone_bricks
16,1,1,minecraft:stone_bricks
17,1,1,minecraft:stone_bricks
18,1,1,minecraft:stone_bricks
19,1,1,minecraft:stone_bricks
20,1,1,minecraft:stone_bricks
21,1,1,minecraft:stone_bricks
22,1,1,minecraft:stone_bricks
23,1,1,minecraft:stone_bricks
24,1,1,minecraft:stone_bricks
25,1,1,minecraft:stone_bricks
26,1,1,minecraft:stone_bricks
27,1,1,minecraft:stone_bricks
28,1,1,minecraft:stone_bricks
29,1,1,minecraft:stone_bricks
30,1,1,minecraft:stone_bricks
0,1,2,minecraft:stone_bricks
1,1,2,minecraft:stone_bricks
29,1,2,minecraft:stone_bricks
30,1,2,minecraft:stone_bricks
0,1,3,minecraft:stone_bricks
1,1,3,minecraft:stone_bricks
29,1,3,minecraft:stone_bricks
30,1,3,minecraft:stone_bricks
0,1,4,minecraft:stone_bricks
1,1,4,minecraft:stone_bricks
29,1,4,minecraft:stone_bricks
30,1,4,minecraft:stone_bricks
0,1,5,minecraft:stone_bricks
1,1,5,minecraft:stone_bricks
29,1,5,minecraft:stone_bricks
30,1,5,minecraft:stone_bricks
0,1,6,minecraft:stone_bricks
1,1,6,minecraft:stone_bricks
29,1,6,minecraft:stone_bricks
30,1,6,minecraft:stone_bricks
0,1,7,minecraft:stone_bricks
1,1,7,minecraft:stone_bricks
29,1,7,minecraft:stone_bricks
30,1,7,minecraft:stone_bricks
0,1,8,minecraft:stone_bricks
1,1,8,minecraft:stone_bricks
29,1,8,minecraft:stone_bricks
30,1,8,minecraft:stone_bricks
0,1,9,minecraft:stone_bricks
1,1,9,minecraft:stone_bricks
29,1,9,minecraft:stone_bricks
30,1,9,minecraft:stone_bricks
0,1,10,minecraft:stone_bricks
1,1,10,minecraft:stone_bricks
29,1,10,minecraft:stone_bricks
30,1,10,minecraft:stone_bricks
0,1,11,minecraft:stone_bricks
1,1,11,minecraft:stone_bricks
29,1,11,minecraft:stone_bricks
30,1,11,minecraft:stone_bricks
0,1,12,minecraft:stone_bricks
1,1,12,minecraft:stone_bricks
29,1,12,minecraft:stone_bricks
30,1,12,minecraft:stone_bricks
0,1,13,minecraft:stone_bricks
1,1,13,minecraft:stone_bricks
29,1,13,minecraft:stone_bricks
30,1,13,minecraft:stone_bricks
0,1,14,minecraft:stone_bricks
1,1,14,minecraft:stone_bricks
29,1,14,minecraft:stone_bricks
30,1,14,minecraft:stone_bricks
0,1,15,minecraft:cut_copper
1,1,15,minecraft:stone_bricks
29,1,15,minecraft:stone_bricks
30,1,15,minecraft:cut_copper
0,1,16,minecraft:stone_bricks
1,1,16,minecraft:stone_bricks
29,1,16,minecraft:stone_bricks
30,1,16,minecraft:stone_bricks
0,1,17,minecraft:stone_bricks
1,1,17,minecraft:stone_bricks
29,1,17,minecraft:stone_bricks
30,1,17,minecraft:stone_bricks
0,1,18,minecraft:stone_bricks
1,1,18,minecraft:stone_bricks
29,1,18,minecraft:stone_bricks
30,1,18,minecraft:stone_bricks
0,1,19,minecraft:stone_bricks
1,1,19,minecraft:stone_bricks
29,1,19,minecraft:stone_bricks
30,1,19,minecraft:stone_bricks
0,1,20,minecraft:stone_bricks
1,1,20,minecraft:stone_bricks
29,1,20,minecraft:stone_bricks
30,1,20,minecraft:stone_bricks
0,1,21,minecraft:stone_bricks
1,1,21,minecraft:stone_bricks
29,1,21,minecraft:stone_bricks
30,1,21,minecraft:stone_bricks
0,1,22,minecraft:stone_bricks
1,1,22,minecraft:stone_bricks
29,1,22,minecraft:stone_bricks
30,1,22,minecraft:stone_bricks
0,1,23,minecraft:stone_bricks
1,1,23,minecraft:stone_bricks
29,1,23,minecraft:stone_bricks
30,1,23,minecraft:stone_bricks
0,1,24,minecraft:stone_bricks
1,1,24,minecraft:stone_bricks
29,1,24,minecraft:stone_bricks
30,1,24,minecraft:stone_bricks
0,1,25,minecraft:stone_bricks
1,1,25,minecraft:stone_bricks
29,1,25,minecraft:stone_bricks
30,1,25,minecraft:stone_bricks
0,1,26,minecraft:stone_bricks
1,1,26,minecraft:stone_bricks
29,1,26,minecraft:stone_bricks
30,1,26,minecraft:stone_bricks
0,1,27,minecraft:stone_bricks
1,1,27,minecraft:stone_bricks
29,1,27,minecraft:stone_bricks
30,1,27,minecraft:stone_bricks
0,1,28,minecraft:stone_bricks
1,1,28,minecraft:stone_bricks
29,1,28,minecraft:stone_bricks
30,1,28,minecraft:stone_bricks
0,1,29,minecraft:stone_bricks
1,1,29,minecraft:stone_bricks
2,1,29,minecraft:stone_bricks
3,1,29,minecraft:stone_bricks
4,1,29,minecraft:stone_bricks
5,1,29,minecraft:stone_bricks
6,1,29,minecraft:stone_bricks
7,1,29,minecraft:stone_bricks
8,1,29,minecraft:stone_bricks
9,1,29,minecraft:stone_bricks
10,1,29,minecraft:stone_bricks
11,1,29,minecraft:stone_bricks
12,1,29,minecraft:stone_bricks
13,1,29,minecraft:stone_bricks
14,1,29,minecraft:stone_bricks
15,1,29,minecraft:stone_bricks
16,1,29,minecraft:stone_bricks
17,1,29,minecraft:stone_bricks
18,1,29,minecraft:stone_bricks
19,1,29,minecraft:stone_bricks
20,1,29,minecraft:stone_bricks
21,1,29,minecraft:stone_bricks
22,1,29,minecraft:stone_bricks
23,1,29,minecraft:stone_bricks
24,1,29,minecraft:stone_bricks
25,1,29,minecraft:stone_bricks
26,1,29,minecraft:stone_bricks
27,1,29,minecraft:stone_bricks
28,1,29,minecraft:stone_bricks
29,1,29,minecraft:stone_bricks
30,1,29,minecraft:stone_bricks
0,1,30,minecraft:stone_bricks
1,1,30,minecraft:stone_bricks
2,1,30,minecraft:stone_bricks
3,1,30,minecraft:stone_bricks
4,1,30,minecraft:stone_bricks
5,1,30,minecraft:stone_bricks
6,1,30,minecraft:stone_bricks
7,1,30,minecraft:stone_bricks
8,1,30,minecraft:stone_bricks
9,1,30,minecraft:stone_bricks
10,1,30,minecraft:stone_bricks
11,1,30,minecraft:stone_bricks
12,1,30,minecraft:stone_bricks
13,1,30,minecraft:stone_bricks
14,1,30,minecraft:stone_bricks
15,1,30,minecraft:cut_copper
16,1,30,minecraft:stone_bricks
17,1,30,minecraft:stone_bricks
18,1,30,minecraft:stone_bricks
19,1,30,minecraft:stone_bricks
20,1,30,minecraft:stone_bricks
21,1,30,minecraft:stone_bricks
22,1,30,minecraft:stone_bricks
23,1,30,minecraft:stone_bricks
24,1,30,minecraft:stone_bricks
25,1,30,minecraft:stone_bricks
26,1,30,minecraft:stone_bricks
27,1,30,minecraft:stone_bricks
28,1,30,minecraft:stone_bricks
29,1,30,minecraft:stone_bricks
30,1,30,minecraft:stone_bricks
1,2,1,minecraft:stone_bricks
2,2,1,minecraft:stone_bricks
3,2,1,minecraft:stone_bricks
4,2,1,minecraft:stone_bricks
5,2,1,minecraft:stone_bricks
6,2,1,minecraft:stone_bricks
7,2,1,minecraft:stone_bricks
8,2,1,minecraft:stone_bricks
9,2,1,minecraft:stone_bricks
10,2,1,minecraft:stone_bricks
11,2,1,minecraft:stone_bricks
12,2,1,minecraft:stone_bricks
13,2,1,minecraft:stone_bricks
14,2,1,minecraft:stone_bricks
15,2,1,minecraft:cut_copper
16,2,1,minecraft:stone_bricks
17,2,1,minecraft:stone_bricks
18,2,1,minecraft:stone_bricks
19,2,1,minecraft:stone_bricks
20,2,1,minecraft:stone_bricks
21,2,1,minecraft:stone_bricks
22,2,1,minecraft:stone_bricks
23,2,1,minecraft:stone_bricks
24,2,1,minecraft:stone_bricks
25,2,1,minecraft:stone_bricks
26,2,1,minecraft:stone_bricks
27,2,1,minecraft:stone_bricks
28,2,1,minecraft:stone_bricks
29,2,1,minecraft:stone_bricks
1,2,2,minecraft:stone_bricks
2,2,2,minecraft:stone_bricks
3,2,2,minecraft:stone_bricks
4,2,2,minecraft:stone_bricks
5,2,2,minecraft:stone_bricks
6,2,2,minecraft:stone_bricks
7,2,2,minecraft:stone_bricks
8,2,2,minecraft:stone_bricks
9,2,2,minecraft:stone_bricks
10,2,2,minecraft:stone_bricks
11,2,2,minecraft:stone_bricks
12,2,2,minecraft:stone_bricks
13,2,2,minecraft:stone_bricks
14,2,2,minecraft:stone_bricks
15,2,2,minecraft:stone_bricks
16,2,2,minecraft:stone_bricks
17,2,2,minecraft:stone_bricks
18,2,2,minecraft:stone_bricks
19,2,2,minecraft:stone_bricks
20,2,2,minecraft:stone_bricks
21,2,2,minecraft:stone_bricks
22,2,2,minecraft:stone_bricks
23,2,2,minecraft:stone_bricks
24,2,2,minecraft:stone_bricks
25,2,2,minecraft:stone_bricks
26,2,2,minecraft:stone_bricks
27,2,2,minecraft:stone_bricks
28,2,2,minecraft:stone_bricks
29,2,2,minecraft:stone_bricks
1,2,3,minecraft:stone_bricks
2,2,3,minecraft:stone_bricks
28,2,3,minecraft:stone_bricks
29,2,3,minecraft:stone_bricks
1,2,4,minecraft:stone_bricks
2,2,4,minecraft:stone_bricks
28,2,4,minecraft:stone_bricks
29,2,4,minecraft:stone_bricks
1,2,5,minecraft:stone_bricks
2,2,5,minecraft:stone_bricks
28,2,5,minecraft:stone_bricks
29,2,5,minecraft:stone_bricks
1,2,6,minecraft:stone_bricks
2,2,6,minecraft:stone_bricks
28,2,6,minecraft:stone_bricks
29,2,6,minecraft:stone_bricks
1,2,7,minecraft:stone_bricks
2,2,7,minecraft:stone_bricks
28,2,7,minecraft:stone_bricks
29,2,7,minecraft:stone_bricks
1,2,8,minecraft:stone_bricks
2,2,8,minecraft:stone_bricks
28,2,8,minecraft:stone_bricks
29,2,8,minecraft:stone_bricks
1,2,9,minecraft:stone_bricks
2,2,9,minecraft:stone_bricks
28,2,9,minecraft:stone_bricks
29,2,9,minecraft:stone_bricks
1,2,10,minecraft:stone_bricks
2,2,10,minecraft:stone_bricks
28,2,10,minecraft:stone_bricks
29,2,10,minecraft:stone_bricks
1,2,11,minecraft:stone_bricks
2,2,11,minecraft:stone_bricks
28,2,11,minecraft:stone_bricks
29,2,11,minecraft:stone_bricks
1,2,12,minecraft:stone_bricks
2,2,12,minecraft:stone_bricks
28,2,12,minecraft:stone_bricks
29,2,12,minecraft:stone_bricks
1,2,13,minecraft:stone_bricks
2,2,13,minecraft:stone_bricks
28,2,13,minecraft:stone_bricks
29,2,13,minecraft:stone_bricks
1,2,14,minecraft:stone_bricks
2,2,14,minecraft:stone_bricks
28,2,14,minecraft:stone_bricks
29,2,14,minecraft:stone_bricks
1,2,15,minecraft:cut_copper
2,2,15,minecraft:stone_bricks
28,2,15,minecraft:stone_bricks
29,2,15,minecraft:cut_copper
1,2,16,minecraft:stone_bricks
2,2,16,minecraft:stone_bricks
28,2,16,minecraft:stone_bricks
29,2,16,minecraft:stone_bricks
1,2,17,minecraft:stone_bricks
2,2,17,minecraft:stone_bricks
28,2,17,minecraft:stone_bricks
29,2,17,minecraft:stone_bricks
1,2,18,minecraft:stone_bricks
2,2,18,minecraft:stone_bricks
28,2,18,minecraft:stone_bricks
29,2,18,minecraft:stone_bricks
1,2,19,minecraft:stone_bricks
2,2,19,minecraft:stone_bricks
28,2,19,minecraft:stone_bricks
29,2,19,minecraft:stone_bricks
1,2,20,minecraft:stone_bricks
2,2,20,minecraft:stone_bricks
28,2,20,minecraft:stone_bricks
29,2,20,minecraft:stone_bricks
1,2,21,minecraft:stone_bricks
2,2,21,minecraft:stone_bricks
28,2,21,minecraft:stone_bricks
29,2,21,minecraft:stone_bricks
1,2,22,minecraft:stone_bricks
2,2,22,minecraft:stone_bricks
28,2,22,minecraft:stone_bricks
29,2,22,minecraft:stone_bricks
1,2,23,minecraft:stone_bricks
2,2,23,minecraft:stone_bricks
28,2,23,minecraft:stone_bricks
29,2,23,minecraft:stone_bricks
1,2,24,minecraft:stone_bricks
2,2,24,minecraft:stone_bricks
28,2,24,minecraft:stone_bricks
29,2,24,minecraft:stone_bricks
1,2,25,minecraft:stone_bricks
2,2,25,minecraft:stone_bricks
28,2,25,minecraft:stone_bricks
29,2,25,minecraft:stone_bricks
1,2,26,minecraft:stone_bricks
2,2,26,minecraft:stone_bricks
28,2,26,minecraft:stone_bricks
29,2,26,minecraft:stone_bricks
1,2,27,minecraft:stone_bricks
2,2,27,minecraft:stone_bricks
28,2,27,minecraft:stone_bricks
29,2,27,minecraft:stone_bricks
1,2,28,minecraft:stone_bricks
2,2,28,minecraft:stone_bricks
3,2,28,minecraft:stone_bricks
4,2,28,minecraft:stone_bricks
5,2,28,minecraft:stone_bricks
6,2,28,minecraft:stone_bricks
7,2,28,minecraft:stone_bricks
8,2,28,minecraft:stone_bricks
9,2,28,minecraft:stone_bricks
10,2,28,minecraft:stone_bricks
11,2,28,minecraft:stone_bricks
12,2,28,minecraft:stone_bricks
13,2,28,minecraft:stone_bricks
14,2,28,minecraft:stone_bricks
15,2,28,minecraft:stone_bricks
16,2,28,minecraft:stone_bricks
17,2,28,minecraft:stone_bricks
18,2,28,minecraft:stone_bricks
19,2,28,minecraft:stone_bricks
20,2,28,minecraft:stone_bricks
21,2,28,minecraft:stone_bricks
22,2,28,minecraft:stone_bricks
23,2,28,minecraft:stone_bricks
24,2,28,minecraft:stone_bricks
25,2,28,minecraft:stone_bricks
26,2,28,minecraft:stone_bricks
27,2,28,minecraft:stone_bricks
28,2,28,minecraft:stone_bricks
29,2,28,minecraft:stone_bricks
1,2,29,minecraft:stone_bricks
2,2,29,minecraft:stone_bricks
3,2,29,minecraft:stone_bricks
4,2,29,minecraft:stone_bricks
5,2,29,minecraft:stone_bricks
6,2,29,minecraft:stone_bricks
7,2,29,minecraft:stone_bricks
8,2,29,minecraft:stone_bricks
9,2,29,minecraft:stone_bricks
10,2,29,minecraft:stone_bricks
11,2,29,minecraft:stone_bricks
12,2,29,minecraft:stone_bricks
13,2,29,minecraft:stone_bricks
14,2,29,minecraft:stone_bricks
15,2,29,minecraft:cut_copper
16,2,29,minecraft:stone_bricks
17,2,29,minecraft:stone_bricks
18,2,29,minecraft:stone_bricks
19,2,29,minecraft:stone_bricks
20,2,29,minecraft:stone_bricks
21,2,29,minecraft:stone_bricks
22,2,29,minecraft:stone_bricks
23,2,29,minecraft:stone_bricks
24,2,29,minecraft:stone_bricks
25,2,29,minecraft:stone_bricks
26,2,29,minecraft:stone_bricks
27,2,29,minecraft:stone_bricks
28,2,29,minecraft:stone_bricks
29,2,29,minecraft:stone_bricks
1,3,1,minecraft:stone_bricks
2,3,1,minecraft:stone_bricks
3,3,1,minecraft:stone_bricks
4,3,1,minecraft:stone_bricks
5,3,1,minecraft:stone_bricks
6,3,1,minecraft:stone_bricks
7,3,1,minecraft:stone_bricks
8,3,1,minecraft:stone_bricks
9,3,1,minecraft:stone_bricks
10,3,1,minecraft:stone_bricks
11,3,1,minecraft:stone_bricks
12,3,1,minecraft:stone_bricks
13,3,1,minecraft:stone_bricks
14,3,1,minecraft:stone_bricks
15,3,1,minecraft:cut_copper
16,3,1,minecraft:stone_bricks
17,3,1,minecraft:stone_bricks
18,3,1,minecraft:stone_bricks
19,3,1,minecraft:stone_bricks
20,3,1,minecraft:stone_bricks
21,3,1,minecraft:stone_bricks
22,3,1,minecraft:stone_bricks
23,3,1,minecraft:stone_bricks
24,3,1,minecraft:stone_bricks
25,3,1,minecraft:stone_bricks
26,3,1,minecraft:stone_bricks
27,3,1,minecraft:stone_bricks
28,3,1,minecraft:stone_bricks
29,3,1,minecraft:stone_bricks
1,3,2,minecraft:stone_bricks
2,3,2,minecraft:stone_bricks
3,3,2,minecraft:stone_bricks
4,3,2,minecraft:stone_bricks
5,3,2,minecraft:stone_bricks
6,3,2,minecraft:stone_bricks
7,3,2,minecraft:stone_bricks
8,3,2,minecraft:stone_bricks
9,3,2,minecraft:stone_bricks
10,3,2,minecraft:stone_bricks
11,3,2,minecraft:stone_bricks
12,3,2,minecraft:stone_bricks
13,3,2,minecraft:stone_bricks
14,3,2,minecraft:stone_bricks
15,3,2,minecraft:stone_bricks
16,3,2,minecraft:stone_bricks
17,3,2,minecraft:stone_bricks
18,3,2,minecraft:stone_bricks
19,3,2,minecraft:stone_bricks
20,3,2,minecraft:stone_bricks
21,3,2,minecraft:stone_bricks
22,3,2,minecraft:stone_bricks
23,3,2,minecraft:stone_bricks
24,3,2,minecraft:stone_bricks
25,3,2,minecraft:stone_bricks
26,3,2,minecraft:stone_bricks
27,3,2,minecraft:stone_bricks
28,3,2,minecraft:stone_bricks
29,3,2,minecraft:stone_bricks
1,3,3,minecraft:stone_bricks
2,3,3,minecraft:stone_bricks
28,3,3,minecraft:stone_bricks
29,3,3,minecraft:stone_bricks
1,3,4,minecraft:stone_bricks
2,3,4,minecraft:stone_bricks
28,3,4,minecraft:stone_bricks
29,3,4,minecraft:stone_bricks
1,3,5,minecraft:stone_bricks
2,3,5,minecraft:stone_bricks
28,3,5,minecraft:stone_bricks
29,3,5,minecraft:stone_bricks
1,3,6,minecraft:stone_bricks
2,3,6,minecraft:stone_bricks
28,3,6,minecraft:stone_bricks
29,3,6,minecraft:stone_bricks
1,3,7,minecraft:stone_bricks
2,3,7,minecraft:stone_bricks
28,3,7,minecraft:stone_bricks
29,3,7,minecraft:stone_bricks
1,3,8,minecraft:stone_bricks
2,3,8,minecraft:stone_bricks
28,3,8,minecraft:stone_bricks
29,3,8,minecraft:stone_bricks
1,3,9,minecraft:stone_bricks
2,3,9,minecraft:stone_bricks
28,3,9,minecraft:stone_bricks
29,3,9,minecraft:stone_bricks
1,3,10,minecraft:stone_bricks
2,3,10,minecraft:stone_bricks
28,3,10,minecraft:stone_bricks
29,3,10,minecraft:stone_bricks
1,3,11,minecraft:stone_bricks
2,3,11,minecraft:stone_bricks
28,3,11,minecraft:stone_bricks
29,3,11,minecraft:stone_bricks
1,3,12,minecraft:stone_bricks
2,3,12,minecraft:stone_bricks
28,3,12,minecraft:stone_bricks
29,3,12,minecraft:stone_bricks
1,3,13,minecraft:stone_bricks
2,3,13,minecraft:stone_bricks
28,3,13,minecraft:stone_bricks
29,3,13,minecraft:stone_bricks
1,3,14,minecraft:stone_bricks
2,3,14,minecraft:stone_bricks
28,3,14,minecraft:stone_bricks
29,3,14,minecraft:stone_bricks
1,3,15,minecraft:cut_copper
2,3,15,minecraft:stone_bricks
28,3,15,minecraft:stone_bricks
29,3,15,minecraft:cut_copper
1,3,16,minecraft:stone_bricks
2,3,16,minecraft:stone_bricks
28,3,16,minecraft:stone_bricks
29,3,16,minecraft:stone_bricks
1,3,17,minecraft:stone_bricks
2,3,17,minecraft:stone_bricks
28,3,17,minecraft:stone_bricks
29,3,17,minecraft:stone_bricks
1,3,18,minecraft:stone_bricks
2,3,18,minecraft:stone_bricks
28,3,18,minecraft:stone_bricks
29,3,18,minecraft:stone_bricks
1,3,19,minecraft:stone_bricks
2,3,19,minecraft:stone_bricks
28,3,19,minecraft:stone_bricks
29,3,19,minecraft:stone_bricks
1,3,20,minecraft:stone_bricks
2,3,20,minecraft:stone_bricks
28,3,20,minecraft:stone_bricks
29,3,20,minecraft:stone_bricks
1,3,21,minecraft:stone_bricks
2,3,21,minecraft:stone_bricks
28,3,21,minecraft:stone_bricks
29,3,21,minecraft:stone_bricks
1,3,22,minecraft:stone_bricks
2,3,22,minecraft:stone_bricks
28,3,22,minecraft:stone_bricks
29,3,22,minecraft:stone_bricks
1,3,23,minecraft:stone_bricks
2,3,23,minecraft:stone_bricks
28,3,23,minecraft:stone_bricks
29,3,23,minecraft:stone_bricks
1,3,24,minecraft:stone_bricks
2,3,24,minecraft:stone_bricks
28,3,24,minecraft:stone_bricks
29,3,24,minecraft:stone_bricks
1,3,25,minecraft:stone_bricks
2,3,25,minecraft:stone_bricks
28,3,25,minecraft:stone_bricks
29,3,25,minecraft:stone_bricks
1,3,26,minecraft:stone_bricks
2,3,26,minecraft:stone_bricks
28,3,26,minecraft:stone_bricks
29,3,26,minecraft:stone_bricks
1,3,27,minecraft:stone_bricks
2,3,27,minecraft:stone_bricks
28,3,27,minecraft:stone_bricks
29,3,27,minecraft:stone_bricks
1,3,28,minecraft:stone_bricks
2,3,28,minecraft:stone_bricks
3,3,28,minecraft:stone_bricks
4,3,28,minecraft:stone_bricks
5,3,28,minecraft:stone_bricks
6,3,28,minecraft:stone_bricks
7,3,28,minecraft:stone_bricks
8,3,28,minecraft:stone_bricks
9,3,28,minecraft:stone_bricks
10,3,28,minecraft:stone_bricks
11,3,28,minecraft:stone_bricks
12,3,28,minecraft:stone_bricks
13,3,28,minecraft:stone_bricks
14,3,28,minecraft:stone_bricks
15,3,28,minecraft:stone_bricks
16,3,28,minecraft:stone_bricks
17,3,28,minecraft:stone_bricks
18,3,28,minecraft:stone_bricks
19,3,28,minecraft:stone_bricks
20,3,28,minecraft:stone_bricks
21,3,28,minecraft:stone_bricks
22,3,28,minecraft:stone_bricks
23,3,28,minecraft:stone_bricks
24,3,28,minecraft:stone_bricks
25,3,28,minecraft:stone_bricks
26,3,28,minecraft:stone_bricks
27,3,28,minecraft:stone_bricks
28,3,28,minecraft:stone_bricks
29,3,28,minecraft:stone_bricks
1,3,29,minecraft:stone_bricks
2,3,29,minecraft:stone_bricks
3,3,29,minecraft:stone_bricks
4,3,29,minecraft:stone_bricks
5,3,29,minecraft:stone_bricks
6,3,29,minecraft:stone_bricks
7,3,29,minecraft:stone_bricks
8,3,29,minecraft:stone_bricks
9,3,29,minecraft:stone_bricks
10,3,29,minecraft:stone_bricks
11,3,29,minecraft:stone_bricks
12,3,29,minecraft:stone_bricks
13,3,29,minecraft:stone_bricks
14,3,29,minecraft:stone_bricks
15,3,29,minecraft:cut_copper
16,3,29,minecraft:stone_bricks
17,3,29,minecraft:stone_bricks
18,3,29,minecraft:stone_bricks
19,3,29,minecraft:stone_bricks
20,3,29,minecraft:stone_bricks
21,3,29,minecraft:stone_bricks
22,3,29,minecraft:stone_bricks
23,3,29,minecraft:stone_bricks
24,3,29,minecraft:stone_bricks
25,3,29,minecraft:stone_bricks
26,3,29,minecraft:stone_bricks
27,3,29,minecraft:stone_bricks
28,3,29,minecraft:stone_bricks
29,3,29,minecraft:stone_bricks
2,4,2,minecraft:stone_bricks
3,4,2,minecraft:stone_bricks
4,4,2,minecraft:stone_bricks
5,4,2,minecraft:stone_bricks
6,4,2,minecraft:stone_bricks
7,4,2,minecraft:stone_bricks
8,4,2,minecraft:stone_bricks
9,4,2,minecraft:stone_bricks
10,4,2,minecraft:stone_bricks
11,4,2,minecraft:stone_bricks
12,4,2,minecraft:stone_bricks
13,4,2,minecraft:stone_bricks
14,4,2,minecraft:stone_bricks
15,4,2,minecraft:cut_copper
16,4,2,minecraft:stone_bricks
17,4,2,minecraft:stone_bricks
18,4,2,minecraft:stone_bricks
19,4,2,minecraft:stone_bricks
20,4,2,minecraft:stone_bricks
21,4,2,minecraft:stone_bricks
22,4,2,minecraft:stone_bricks
23,4,2,minecraft:stone_bricks
24,4,2,minecraft:stone_bricks
25,4,2,minecraft:stone_bricks
26,4,2,minecraft:stone_bricks
27,4,2,minecraft:stone_bricks
28,4,2,minecraft:stone_bricks
2,4,3,minecraft:stone_bricks
3,4,3,minecraft:stone_bricks
4,4,3,minecraft:stone_bricks
5,4,3,minecraft:stone_bricks
6,4,3,minecraft:stone_bricks
7,4,3,minecraft:stone_bricks
8,4,3,minecraft:stone_bricks
9,4,3,minecraft:stone_bricks
10,4,3,minecraft:stone_bricks
11,4,3,minecraft:stone_bricks
12,4,3,minecraft:stone_bricks
13,4,3,minecraft:stone_bricks
14,4,3,minecraft:stone_bricks
15,4,3,minecraft:stone_bricks
16,4,3,minecraft:stone_bricks
17,4,3,minecraft:stone_bricks
18,4,3,minecraft:stone_bricks
19,4,3,minecraft:stone_bricks
20,4,3,minecraft:stone_bricks
21,4,3,minecraft:stone_bricks
22,4,3,minecraft:stone_bricks
23,4,3,minecraft:stone_bricks
24,4,3,minecraft:stone_bricks
25,4,3,minecraft:stone_bricks
26,4,3,minecraft:stone_bricks
27,4,3,minecraft:stone_bricks
28,4,3,minecraft:stone_bricks
2,4,4,minecraft:stone_bricks
3,4,4,minecraft:stone_bricks
27,4,4,minecraft:stone_bricks
28,4,4,minecraft:stone_bricks
2,4,5,minecraft:stone_bricks
3,4,5,minecraft:stone_bricks
27,4,5,minecraft:stone_bricks
28,4,5,minecraft:stone_bricks
2,4,6,minecraft:stone_bricks
3,4,6,minecraft:stone_bricks
27,4,6,minecraft:stone_bricks
28,4,6,minecraft:stone_bricks
2,4,7,minecraft:stone_bricks
3,4,7,minecraft:stone_bricks
27,4,7,minecraft:stone_bricks
28,4,7,minecraft:stone_bricks
2,4,8,minecraft:stone_bricks
3,4,8,minecraft:stone_bricks
27,4,8,minecraft:stone_bricks
28,4,8,minecraft:stone_bricks
2,4,9,minecraft:stone_bricks
3,4,9,minecraft:stone_bricks
27,4,9,minecraft:stone_bricks
28,4,9,minecraft:stone_bricks
2,4,10,minecraft:stone_bricks
3,4,10,minecraft:stone_bricks
27,4,10,minecraft:stone_bricks
28,4,10,minecraft:stone_bricks
2,4,11,minecraft:stone_bricks
3,4,11,minecraft:stone_bricks
27,4,11,minecraft:stone_bricks
28,4,11,minecraft:stone_bricks
2,4,12,minecraft:stone_bricks
3,4,12,minecraft:stone_bricks
27,4,12,minecraft:stone_bricks
28,4,12,minecraft:stone_bricks
2,4,13,minecraft:stone_bricks
3,4,13,minecraft:stone_bricks
27,4,13,minecraft:stone_bricks
28,4,13,minecraft:stone_bricks
2,4,14,minecraft:stone_bricks
3,4,14,minecraft:stone_bricks
27,4,14,minecraft:stone_bricks
28,4,14,minecraft:stone_bricks
2,4,15,minecraft:cut_copper
3,4,15,minecraft:stone_bricks
27,4,15,minecraft:stone_bricks
28,4,15,minecraft:cut_copper
2,4,16,minecraft:stone_bricks
3,4,16,minecraft:stone_bricks
27,4,16,minecraft:stone_bricks
28,4,16,minecraft:stone_bricks
2,4,17,minecraft:stone_bricks
3,4,17,minecraft:stone_bricks
27,4,17,minecraft:stone_bricks
28,4,17,minecraft:stone_bricks
2,4,18,minecraft:stone_bricks
3,4,18,minecraft:stone_bricks
27,4,18,minecraft:stone_bricks
28,4,18,minecraft:stone_bricks
2,4,19,minecraft:stone_bricks
3,4,19,minecraft:stone_bricks
27,4,19,minecraft:stone_bricks
28,4,19,minecraft:stone_bricks
2,4,20,minecraft:stone_bricks
3,4,20,minecraft:stone_bricks
27,4,20,minecraft:stone_bricks
28,4,20,minecraft:stone_bricks
2,4,21,minecraft:stone_bricks
3,4,21,minecraft:stone_bricks
27,4,21,minecraft:stone_bricks
28,4,21,minecraft:stone_bricks
2,4,22,minecraft:stone_bricks
3,4,22,minecraft:stone_bricks
27,4,22,minecraft:stone_bricks
28,4,22,minecraft:stone_bricks
2,4,23,minecraft:stone_bricks
3,4,23,minecraft:stone_bricks
27,4,23,minecraft:stone_bricks
28,4,23,minecraft:stone_bricks
2,4,24,minecraft:stone_bricks
3,4,24,minecraft:stone_bricks
27,4,24,minecraft:stone_bricks
28,4,24,minecraft:stone_bricks
2,4,25,minecraft:stone_bricks
3,4,25,minecraft:stone_bricks
27,4,25,minecraft:stone_bricks
28,4,25,minecraft:stone_bricks
2,4,26,minecraft:stone_bricks
3,4,26,minecraft:stone_bricks
27,4,26,minecraft:stone_bricks
28,4,26,minecraft:stone_bricks
2,4,27,minecraft:stone_bricks
3,4,27,minecraft:stone_bricks
4,4,27,minecraft:stone_bricks
5,4,27,minecraft:stone_bricks
6,4,27,minecraft:stone_bricks
7,4,27,minecraft:stone_bricks
8,4,27,minecraft:stone_bricks
9,4,27,minecraft:stone_bricks
10,4,27,minecraft:stone_bricks
11,4,27,minecraft:stone_bricks
12,4,27,minecraft:stone_bricks
13,4,27,minecraft:stone_bricks
14,4,27,minecraft:stone_bricks
15,4,27,minecraft:stone_bricks
16,4,27,minecraft:stone_bricks
17,4,27,minecraft:stone_bricks
18,4,27,minecraft:stone_bricks
19,4,27,minecraft:stone_bricks
20,4,27,minecraft:stone_bricks
21,4,27,minecraft:stone_bricks
22,4,27,minecraft:stone_bricks
23,4,27,minecraft:stone_bricks
24,4,27,minecraft:stone_bricks
25,4,27,minecraft:stone_bricks
26,4,27,minecraft:stone_bricks
27,4,27,minecraft:stone_bricks
28,4,27,minecraft:stone_bricks
2,4,28,minecraft:stone_bricks
3,4,28,minecraft:stone_bricks
4,4,28,minecraft:stone_bricks
5,4,28,minecraft:stone_bricks
6,4,28,minecraft:stone_bricks
7,4,28,minecraft:stone_bricks
8,4,28,minecraft:stone_bricks
9,4,28,minecraft:stone_bricks
10,4,28,minecraft:stone_bricks
11,4,28,minecraft:stone_bricks
12,4,28,minecraft:stone_bricks
13,4,28,minecraft:stone_bricks
14,4,28,minecraft:stone_bricks
15,4,28,minecraft:cut_copper
16,4,28,minecraft:stone_bricks
17,4,28,minecraft:stone_bricks
18,4,28,minecraft:stone_bricks
19,4,28,minecraft:stone_bricks
20,4,28,minecraft:stone_bricks
21,4,28,minecraft:stone_bricks
22,4,28,minecraft:stone_bricks
23,4,28,minecraft:stone_bricks
24,4,28,minecraft:stone_bricks
25,4,28,minecraft:stone_bricks
26,4,28,minecraft:stone_bricks
27,4,28,minecraft:stone_bricks
28,4,28,minecraft:stone_bricks
2,5,2,minecraft:stone_bricks
3,5,2,minecraft:stone_bricks
4,5,2,minecraft:stone_bricks
5,5,2,minecraft:stone_bricks
6,5,2,minecraft:stone_bricks
7,5,2,minecraft:stone_bricks
8,5,2,minecraft:stone_bricks
9,5,2,minecraft:stone_bricks
10,5,2,minecraft:stone_bricks
11,5,2,minecraft:stone_bricks
12,5,2,minecraft:stone_bricks
13,5,2,minecraft:stone_bricks
14,5,2,minecraft:stone_bricks
15,5,2,minecraft:cut_copper
16,5,2,minecraft:stone_bricks
17,5,2,minecraft:stone_bricks
18,5,2,minecraft:stone_bricks
19,5,2,minecraft:stone_bricks
20,5,2,minecraft:stone_bricks
21,5,2,minecraft:stone_bricks
22,5,2,minecraft:stone_bricks
23,5,2,minecraft:stone_bricks
24,5,2,minecraft:stone_bricks
25,5,2,minecraft:stone_bricks
26,5,2,minecraft:stone_bricks
27,5,2,minecraft:stone_bricks
28,5,2,minecraft:stone_bricks
2,5,3,minecraft:stone_bricks
3,5,3,minecraft:stone_bricks
4,5,3,minecraft:stone_bricks
5,5,3,minecraft:stone_bricks
6,5,3,minecraft:stone_bricks
7,5,3,minecraft:stone_bricks
8,5,3,minecraft:stone_bricks
9,5,3,minecraft:stone_bricks
10,5,3,minecraft:stone_bricks
11,5,3,minecraft:stone_bricks
12,5,3,minecraft:stone_bricks
13,5,3,minecraft:stone_bricks
14,5,3,minecraft:stone_bricks
15,5,3,minecraft:stone_bricks
16,5,3,minecraft:stone_bricks
17,5,3,minecraft:stone_bricks
18,5,3,minecraft:stone_bricks
19,5,3,minecraft:stone_bricks
20,5,3,minecraft:stone_bricks
21,5,3,minecraft:stone_bricks
22,5,3,minecraft:stone_bricks
23,5,3,minecraft:stone_bricks
24,5,3,minecraft:stone_bricks
25,5,3,minecraft:stone_bricks
26,5,3,minecraft:stone_bricks
27,5,3,minecraft:stone_bricks
28,5,3,minecraft:stone_bricks
2,5,4,minecraft:stone_bricks
3,5,4,minecraft:stone_bricks
27,5,4,minecraft:stone_bricks
28,5,4,minecraft:stone_bricks
2,5,5,minecraft:stone_bricks
3,5,5,minecraft:stone_bricks
27,5,5,minecraft:stone_bricks
28,5,5,minecraft:stone_bricks
2,5,6,minecraft:stone_bricks
3,5,6,minecraft:stone_bricks
27,5,6,minecraft:stone_bricks
28,5,6,minecraft:stone_bricks
2,5,7,minecraft:stone_bricks
3,5,7,minecraft:stone_bricks
27,5,7,minecraft:stone_bricks
28,5,7,minecraft:stone_bricks
2,5,8,minecraft:stone_bricks
3,5,8,minecraft:stone_bricks
27,5,8,minecraft:stone_bricks
28,5,8,minecraft:stone_bricks
2,5,9,minecraft:stone_bricks
3,5,9,minecraft:stone_bricks
27,5,9,minecraft:stone_bricks
28,5,9,minecraft:stone_bricks
2,5,10,minecraft:stone_bricks
3,5,10,minecraft:stone_bricks
27,5,10,minecraft:stone_bricks
28,5,10,minecraft:stone_bricks
2,5,11,minecraft:stone_bricks
3,5,11,minecraft:stone_bricks
27,5,11,minecraft:stone_bricks
28,5,11,minecraft:stone_bricks
2,5,12,minecraft:stone_bricks
3,5,12,minecraft:stone_bricks
27,5,12,minecraft:stone_bricks
28,5,12,minecraft:stone_bricks
2,5,13,minecraft:stone_bricks
3,5,13,minecraft:stone_bricks
27,5,13,minecraft:stone_bricks
28,5,13,minecraft:stone_bricks
2,5,14,minecraft:stone_bricks
3,5,14,minecraft:stone_bricks
27,5,14,minecraft:stone_bricks
28,5,14,minecraft:stone_bricks
2,5,15,minecraft:cut_copper
3,5,15,minecraft:stone_bricks
27,5,15,minecraft:stone_bricks
28,5,15,minecraft:cut_copper
2,5,16,minecraft:stone_bricks
3,5,16,minecraft:stone_bricks
27,5,16,minecraft:stone_bricks
28,5,16,minecraft:stone_bricks
2,5,17,minecraft:stone_bricks
3,5,17,minecraft:stone_bricks
27,5,17,minecraft:stone_bricks
28,5,17,minecraft:stone_bricks
2,5,18,minecraft:stone_bricks
3,5,18,minecraft:stone_bricks
27,5,18,minecraft:stone_bricks
28,5,18,minecraft:stone_bricks
2,5,19,minecraft:stone_bricks
3,5,19,minecraft:stone_bricks
27,5,19,minecraft:stone_bricks
28,5,19,minecraft:stone_bricks
2,5,20,minecraft:stone_bricks
3,5,20,minecraft:stone_bricks
27,5,20,minecraft:stone_bricks
28,5,20,minecraft:stone_bricks
2,5,21,minecraft:stone_bricks
3,5,21,minecraft:stone_bricks
27,5,21,minecraft:stone_bricks
28,5,21,minecraft:stone_bricks
2,5,22,minecraft:stone_bricks
3,5,22,minecraft:stone_bricks
27,5,22,minecraft:stone_bricks
28,5,22,minecraft:stone_bricks
2,5,23,minecraft:stone_bricks
3,5,23,minecraft:stone_bricks
27,5,23,minecraft:stone_bricks
28,5,23,minecraft:stone_bricks
2,5,24,minecraft:stone_bricks
3,5,24,minecraft:stone_bricks
27,5,24,minecraft:stone_bricks
28,5,24,minecraft:stone_bricks
2,5,25,minecraft:stone_bricks
3,5,25,minecraft:stone_bricks
27,5,25,minecraft:stone_bricks
28,5,25,minecraft:stone_bricks
2,5,26,minecraft:stone_bricks
3,5,26,minecraft:stone_bricks
27,5,26,minecraft:stone_bricks
28,5,26,minecraft:stone_bricks
2,5,27,minecraft:stone_bricks
3,5,27,minecraft:stone_bricks
4,5,27,minecraft:stone_bricks
5,5,27,minecraft:stone_bricks
6,5,27,minecraft:stone_bricks
7,5,27,minecraft:stone_bricks
8,5,27,minecraft:stone_bricks
9,5,27,minecraft:stone_bricks
10,5,27,minecraft:stone_bricks
11,5,27,minecraft:stone_bricks
12,5,27,minecraft:stone_bricks
13,5,27,minecraft:stone_bricks
14,5,27,minecraft:stone_bricks
15,5,27,minecraft:stone_bricks
16,5,27,minecraft:stone_bricks
17,5,27,minecraft:stone_bricks
18,5,27,minecraft:stone_bricks
19,5,27,minecraft:stone_bricks
20,5,27,minecraft:stone_bricks
21,5,27,minecraft:stone_bricks
22,5,27,minecraft:stone_bricks
23,5,27,minecraft:stone_bricks
24,5,27,minecraft:stone_bricks
25,5,27,minecraft:stone_bricks
26,5,27,minecraft:stone_bricks
27,5,27,minecraft:stone_bricks
28,5,27,minecraft:stone_bricks
2,5,28,minecraft:stone_bricks
3,5,28,minecraft:stone_bricks
4,5,28,minecraft:stone_bricks
5,5,28,minecraft:stone_bricks
6,5,28,minecraft:stone_bricks
7,5,28,minecraft:stone_bricks
8,5,28,minecraft:stone_bricks
9,5,28,minecraft:stone_bricks
10,5,28,minecraft:stone_bricks
11,5,28,minecraft:stone_bricks
12,5,28,minecraft:stone_bricks
13,5,28,minecraft:stone_bricks
14,5,28,minecraft:stone_bricks
15,5,28,minecraft:cut_copper
16,5,28,minecraft:stone_bricks
17,5,28,minecraft:stone_bricks
18,5,28,minecraft:stone_bricks
19,5,28,minecraft:stone_bricks
20,5,28,minecraft:stone_bricks
21,5,28,minecraft:stone_bricks
22,5,28,minecraft:stone_bricks
23,5,28,minecraft:stone_bricks
24,5,28,minecraft:stone_bricks
25,5,28,minecraft:stone_bricks
26,5,28,minecraft:stone_bricks
27,5,28,minecraft:stone_bricks
28,5,28,minecraft:stone_bricks
3,6,3,minecraft:stone_bricks
4,6,3,minecraft:stone_bricks
5,6,3,minecraft:stone_bricks
6,6,3,minecraft:stone_bricks
7,6,3,minecraft:stone_bricks
8,6,3,minecraft:stone_bricks
9,6,3,minecraft:stone_bricks
10,6,3,minecraft:stone_bricks
11,6,3,minecraft:stone_bricks
12,6,3,minecraft:stone_bricks
13,6,3,minecraft:stone_bricks
14,6,3,minecraft:stone_bricks
15,6,3,minecraft:cut_copper
16,6,3,minecraft:stone_bricks
17,6,3,minecraft:stone_bricks
18,6,3,minecraft:stone_bricks
19,6,3,minecraft:stone_bricks
20,6,3,minecraft:stone_bricks
21,6,3,minecraft:stone_bricks
22,6,3,minecraft:stone_bricks
23,6,3,minecraft:stone_bricks
24,6,3,minecraft:stone_bricks
25,6,3,minecraft:stone_bricks
26,6,3,minecraft:stone_bricks
27,6,3,minecraft:stone_bricks
3,6,4,minecraft:stone_bricks
4,6,4,minecraft:stone_bricks
5,6,4,minecraft:stone_bricks
6,6,4,minecraft:stone_bricks
7,6,4,minecraft:stone_bricks
8,6,4,minecraft:stone_bricks
9,6,4,minecraft:stone_bricks
10,6,4,minecraft:stone_bricks
11,6,4,minecraft:stone_bricks
12,6,4,minecraft:stone_bricks
13,6,4,minecraft:stone_bricks
14,6,4,minecraft:stone_bricks
15,6,4,minecraft:stone_bricks
16,6,4,minecraft:stone_bricks
17,6,4,minecraft:stone_bricks
18,6,4,minecraft:stone_bricks
19,6,4,minecraft:stone_bricks
20,6,4,minecraft:stone_bricks
21,6,4,minecraft:stone_bricks
22,6,4,minecraft:stone_bricks
23,6,4,minecraft:stone_bricks
24,6,4,minecraft:stone_bricks
25,6,4,minecraft:stone_bricks
26,6,4,minecraft:stone_bricks
27,6,4,minecraft:stone_bricks
3,6,5,minecraft:stone_bricks
4,6,5,minecraft:stone_bricks
26,6,5,minecraft:stone_bricks
27,6,5,minecraft:stone_bricks
3,6,6,minecraft:stone_bricks
4,6,6,minecraft:stone_bricks
26,6,6,minecraft:stone_bricks
27,6,6,minecraft:stone_bricks
3,6,7,minecraft:stone_bricks
4,6,7,minecraft:stone_bricks
26,6,7,minecraft:stone_bricks
27,6,7,minecraft:stone_bricks
3,6,8,minecraft:stone_bricks
4,6,8,minecraft:stone_bricks
26,6,8,minecraft:stone_bricks
27,6,8,minecraft:stone_bricks
3,6,9,minecraft:stone_bricks
4,6,9,minecraft:stone_bricks
26,6,9,minecraft:stone_bricks
27,6,9,minecraft:stone_bricks
3,6,10,minecraft:stone_bricks
4,6,10,minecraft:stone_bricks
26,6,10,minecraft:stone_bricks
27,6,10,minecraft:stone_bricks
3,6,11,minecraft:stone_bricks
4,6,11,minecraft:stone_bricks
26,6,11,minecraft:stone_bricks
27,6,11,minecraft:stone_bricks
3,6,12,minecraft:stone_bricks
4,6,12,minecraft:stone_bricks
26,6,12,minecraft:stone_bricks
27,6,12,minecraft:stone_bricks
3,6,13,minecraft:stone_bricks
4,6,13,minecraft:stone_bricks
26,6,13,minecraft:stone_bricks
27,6,13,minecraft:stone_bricks
3,6,14,minecraft:stone_bricks
4,6,14,minecraft:stone_bricks
26,6,14,minecraft:stone_bricks
27,6,14,minecraft:stone_bricks
3,6,15,minecraft:cut_copper
4,6,15,minecraft:stone_bricks
26,6,15,minecraft:stone_bricks
27,6,15,minecraft:cut_copper
3,6,16,minecraft:stone_bricks
4,6,16,minecraft:stone_bricks
26,6,16,minecraft:stone_bricks
27,6,16,minecraft:stone_bricks
3,6,17,minecraft:stone_bricks
4,6,17,minecraft:stone_bricks
26,6,17,minecraft:stone_bricks
27,6,17,minecraft:stone_bricks
3,6,18,minecraft:stone_bricks
4,6,18,minecraft:stone_bricks
26,6,18,minecraft:stone_bricks
27,6,18,minecraft:stone_bricks
3,6,19,minecraft:stone_bricks
4,6,19,minecraft:stone_bricks
26,6,19,minecraft:stone_bricks
27,6,19,minecraft:stone_bricks
3,6,20,minecraft:stone_bricks
4,6,20,minecraft:stone_bricks
26,6,20,minecraft:stone_bricks
27,6,20,minecraft:stone_bricks
3,6,21,minecraft:stone_bricks
4,6,21,minecraft:stone_bricks
26,6,21,minecraft:stone_bricks
27,6,21,minecraft:stone_bricks
3,6,22,minecraft:stone_bricks
4,6,22,minecraft:stone_bricks
26,6,22,minecraft:stone_bricks
27,6,22,minecraft:stone_bricks
3,6,23,minecraft:stone_bricks
4,6,23,minecraft:stone_bricks
26,6,23,minecraft:stone_bricks
27,6,23,minecraft:stone_bricks
3,6,24,minecraft:stone_bricks
4,6,24,minecraft:stone_bricks
26,6,24,minecraft:stone_bricks
27,6,24,minecraft:stone_bricks
3,6,25,minecraft:stone_bricks
4,6,25,minecraft:stone_bricks
26,6,25,minecraft:stone_bricks
27,6,25,minecraft:stone_bricks
3,6,26,minecraft:stone_bricks
4,6,26,minecraft:stone_bricks
5,6,26,minecraft:stone_bricks
6,6,26,minecraft:stone_bricks
7,6,26,minecraft:stone_bricks
8,6,26,minecraft:stone_bricks
9,6,26,minecraft:stone_bricks
10,6,26,minecraft:stone_bricks
11,6,26,minecraft:stone_bricks
12,6,26,minecraft:stone_bricks
13,6,26,minecraft:stone_bricks
14,6,26,minecraft:stone_bricks
15,6,26,minecraft:stone_bricks
16,6,26,minecraft:stone_bricks
17,6,26,minecraft:stone_bricks
18,6,26,minecraft:stone_bricks
19,6,26,minecraft:stone_bricks
20,6,26,minecraft:stone_bricks
21,6,26,minecraft:stone_bricks
22,6,26,minecraft:stone_bricks
23,6,26,minecraft:stone_bricks
24,6,26,minecraft:stone_bricks
25,6,26,minecraft:stone_bricks
26,6,26,minecraft:stone_bricks
27,6,26,minecraft:stone_bricks
3,6,27,minecraft:stone_bricks
4,6,27,minecraft:stone_bricks
5,6,27,minecraft:stone_bricks
6,6,27,minecraft:stone_bricks
7,6,27,minecraft:stone_bricks
8,6,27,minecraft:stone_bricks
9,6,27,minecraft:stone_bricks
10,6,27,minecraft:stone_bricks
11,6,27,minecraft:stone_bricks
12,6,27,minecraft:stone_bricks
13,6,27,minecraft:stone_bricks
14,6,27,minecraft:stone_bricks
15,6,27,minecraft:cut_copper
16,6,27,minecraft:stone_bricks
17,6,27,minecraft:stone_bricks
18,6,27,minecraft:stone_bricks
19,6,27,minecraft:stone_bricks
20,6,27,minecraft:stone_bricks
21,6,27,minecraft:stone_bricks
22,6,27,minecraft:stone_bricks
23,6,27,minecraft:stone_bricks
24,6,27,minecraft:stone_bricks
25,6,27,minecraft:stone_bricks
26,6,27,minecraft:stone_bricks
27,6,27,minecraft:stone_bricks
3,7,3,minecraft:stone_bricks
4,7,3,minecraft:stone_bricks
5,7,3,minecraft:stone_bricks
6,7,3,minecraft:stone_bricks
7,7,3,minecraft:stone_bricks
8,7,3,minecraft:stone_bricks
9,7,3,minecraft:stone_bricks
10,7,3,minecraft:stone_bricks
11,7,3,minecraft:stone_bricks
12,7,3,minecraft:stone_bricks
13,7,3,minecraft:stone_bricks
14,7,3,minecraft:stone_bricks
15,7,3,minecraft:cut_copper
16,7,3,minecraft:stone_bricks
17,7,3,minecraft:stone_bricks
18,7,3,minecraft:stone_bricks
19,7,3,minecraft:stone_bricks
20,7,3,minecraft:stone_bricks
21,7,3,minecraft:stone_bricks
22,7,3,minecraft:stone_bricks
23,7,3,minecraft:stone_bricks
24,7,3,minecraft:stone_bricks
25,7,3,minecraft:stone_bricks
26,7,3,minecraft:stone_bricks
27,7,3,minecraft:stone_bricks
3,7,4,minecraft:stone_bricks
4,7,4,minecraft:stone_bricks
5,7,4,minecraft:stone_bricks
6,7,4,minecraft:stone_bricks
7,7,4,minecraft:stone_bricks
8,7,4,minecraft:stone_bricks
9,7,4,minecraft:stone_bricks
10,7,4,minecraft:stone_bricks
11,7,4,minecraft:stone_bricks
12,7,4,minecraft:stone_bricks
13,7,4,minecraft:stone_bricks
14,7,4,minecraft:stone_bricks
15,7,4,minecraft:stone_bricks
16,7,4,minecraft:stone_bricks
17,7,4,minecraft:stone_bricks
18,7,4,minecraft:stone_bricks
19,7,4,minecraft:stone_bricks
20,7,4,minecraft:stone_bricks
21,7,4,minecraft:stone_bricks
22,7,4,minecraft:stone_bricks
23,7,4,minecraft:stone_bricks
24,7,4,minecraft:stone_bricks
25,7,4,minecraft:stone_bricks
26,7,4,minecraft:stone_bricks
27,7,4,minecraft:stone_bricks
3,7,5,minecraft:stone_bricks
4,7,5,minecraft:stone_bricks
26,7,5,minecraft:stone_bricks
27,7,5,minecraft:stone_bricks
3,7,6,minecraft:stone_bricks
4,7,6,minecraft:stone_bricks
26,7,6,minecraft:stone_bricks
27,7,6,minecraft:stone_bricks
3,7,7,minecraft:stone_bricks
4,7,7,minecraft:stone_bricks
26,7,7,minecraft:stone_bricks
27,7,7,minecraft:stone_bricks
3,7,8,minecraft:stone_bricks
4,7,8,minecraft:stone_bricks
26,7,8,minecraft:stone_bricks
27,7,8,minecraft:stone_bricks
3,7,9,minecraft:stone_bricks
4,7,9,minecraft:stone_bricks
26,7,9,minecraft:stone_bricks
27,7,9,minecraft:stone_bricks
3,7,10,minecraft:stone_bricks
4,7,10,minecraft:stone_bricks
26,7,10,minecraft:stone_bricks
27,7,10,minecraft:stone_bricks
3,7,11,minecraft:stone_bricks
4,7,11,minecraft:stone_bricks
26,7,11,minecraft:stone_bricks
27,7,11,minecraft:stone_bricks
3,7,12,minecraft:stone_bricks
4,7,12,minecraft:stone_bricks
26,7,12,minecraft:stone_bricks
27,7,12,minecraft:stone_bricks
3,7,13,minecraft:stone_bricks
4,7,13,minecraft:stone_bricks
26,7,13,minecraft:stone_bricks
27,7,13,minecraft:stone_bricks
3,7,14,minecraft:stone_bricks
4,7,14,minecraft:stone_bricks
26,7,14,minecraft:stone_bricks
27,7,14,minecraft:stone_bricks
3,7,15,minecraft:cut_copper
4,7,15,minecraft:stone_bricks
26,7,15,minecraft:stone_bricks
27,7,15,minecraft:cut_copper
3,7,16,minecraft:stone_bricks
4,7,16,minecraft:stone_bricks
26,7,16,minecraft:stone_bricks
27,7,16,minecraft:stone_bricks
3,7,17,minecraft:stone_bricks
4,7,17,minecraft:stone_bricks
26,7,17,minecraft:stone_bricks
27,7,17,minecraft:stone_bricks
3,7,18,minecraft:stone_bricks
4,7,18,minecraft:stone_bricks
26,7,18,minecraft:stone_bricks
27,7,18,minecraft:stone_bricks
3,7,19,minecraft:stone_bricks
4,7,19,minecraft:stone_bricks
26,7,19,minecraft:stone_bricks
27,7,19,minecraft:stone_bricks
3,7,20,minecraft:stone_bricks
4,7,20,minecraft:stone_bricks
26,7,20,minecraft:stone_bricks
27,7,20,minecraft:stone_bricks
3,7,21,minecraft:stone_bricks
4,7,21,minecraft:stone_bricks
26,7,21,minecraft:stone_bricks
27,7,21,minecraft:stone_bricks
3,7,22,minecraft:stone_bricks
4,7,22,minecraft:stone_bricks
26,7,22,minecraft:stone_bricks
27,7,22,minecraft:stone_bricks
3,7,23,minecraft:stone_bricks
4,7,23,minecraft:stone_bricks
26,7,23,minecraft:stone_bricks
27,7,23,minecraft:stone_bricks
3,7,24,minecraft:stone_bricks
4,7,24,minecraft:stone_bricks
26,7,24,minecraft:stone_bricks
27,7,24,minecraft:stone_bricks
3,7,25,minecraft:stone_bricks
4,7,25,minecraft:stone_bricks
26,7,25,minecraft:stone_bricks
27,7,25,minecraft:stone_bricks
3,7,26,minecraft:stone_bricks
4,7,26,minecraft:stone_bricks
5,7,26,minecraft:stone_bricks
6,7,26,minecraft:stone_bricks
7,7,26,minecraft:stone_bricks
8,7,26,minecraft:stone_bricks
9,7,26,minecraft:stone_bricks
10,7,26,minecraft:stone_bricks
11,7,26,minecraft:stone_bricks
12,7,26,minecraft:stone_bricks
13,7,26,minecraft:stone_bricks
14,7,26,minecraft:stone_bricks
15,7,26,minecraft:stone_bricks
16,7,26,minecraft:stone_bricks
17,7,26,minecraft:stone_bricks
18,7,26,minecraft:stone_bricks
19,7,26,minecraft:stone_bricks
20,7,26,minecraft:stone_bricks
21,7,26,minecraft:stone_bricks
22,7,26,minecraft:stone_bricks
23,7,26,minecraft:stone_bricks
24,7,26,minecraft:stone_bricks
25,7,26,minecraft:stone_bricks
26,7,26,minecraft:stone_bricks
27,7,26,minecraft:stone_bricks
3,7,27,minecraft:stone_bricks
4,7,27,minecraft:stone_bricks
5,7,27,minecraft:stone_bricks
6,7,27,minecraft:stone_bricks
7,7,27,minecraft:stone_bricks
8,7,27,minecraft:stone_bricks
9,7,27,minecraft:stone_bricks
10,7,27,minecraft:stone_bricks
11,7,27,minecraft:stone_bricks
12,7,27,minecraft:stone_bricks
13,7,27,minecraft:stone_bricks
14,7,27,minecraft:stone_bricks
15,7,27,minecraft:cut_copper
16,7,27,minecraft:stone_bricks
17,7,27,minecraft:stone_bricks
18,7,27,minecraft:stone_bricks
19,7,27,minecraft:stone_bricks
20,7,27,minecraft:stone_bricks
21,7,27,minecraft:stone_bricks
22,7,27,minecraft:stone_bricks
23,7,27,minecraft:stone_bricks
24,7,27,minecraft:stone_bricks
25,7,27,minecraft:stone_bricks
26,7,27,minecraft:stone_bricks
27,7,27,minecraft:stone_bricks
4,8,4,minecraft:stone_bricks
5,8,4,minecraft:stone_bricks
6,8,4,minecraft:stone_bricks
7,8,4,minecraft:stone_bricks
8,8,4,minecraft:stone_bricks
9,8,4,minecraft:stone_bricks
10,8,4,minecraft:stone_bricks
11,8,4,minecraft:stone_bricks
12,8,4,minecraft:stone_bricks
13,8,4,minecraft:stone_bricks
14,8,4,minecraft:stone_bricks
15,8,4,minecraft:cut_copper
16,8,4,minecraft:stone_bricks
17,8,4,minecraft:stone_bricks
18,8,4,minecraft:stone_bricks
19,8,4,minecraft:stone_bricks
20,8,4,minecraft:stone_bricks
21,8,4,minecraft:stone_bricks
22,8,4,minecraft:stone_bricks
23,8,4,minecraft:stone_bricks
24,8,4,minecraft:stone_bricks
25,8,4,minecraft:stone_bricks
26,8,4,minecraft:stone_bricks
4,8,5,minecraft:stone_bricks
5,8,5,minecraft:stone_bricks
6,8,5,minecraft:stone_bricks
7,8,5,minecraft:stone_bricks
8,8,5,minecraft:stone_bricks
9,8,5,minecraft:stone_bricks
10,8,5,minecraft:stone_bricks
11,8,5,minecraft:stone_bricks
12,8,5,minecraft:stone_bricks
13,8,5,minecraft:stone_bricks
14,8,5,minecraft:stone_bricks
15,8,5,minecraft:stone_bricks
16,8,5,minecraft:stone_bricks
17,8,5,minecraft:stone_bricks
18,8,5,minecraft:stone_bricks
19,8,5,minecraft:stone_bricks
20,8,5,minecraft:stone_bricks
21,8,5,minecraft:stone_bricks
22,8,5,minecraft:stone_bricks
23,8,5,minecraft:stone_bricks
24,8,5,minecraft:stone_bricks
25,8,5,minecraft:stone_bricks
26,8,5,minecraft:stone_bricks
4,8,6,minecraft:stone_bricks
5,8,6,minecraft:stone_bricks
25,8,6,minecraft:stone_bricks
26,8,6,minecraft:stone_bricks
4,8,7,minecraft:stone_bricks
5,8,7,minecraft:stone_bricks
25,8,7,minecraft:stone_bricks
26,8,7,minecraft:stone_bricks
4,8,8,minecraft:stone_bricks
5,8,8,minecraft:stone_bricks
25,8,8,minecraft:stone_bricks
26,8,8,minecraft:stone_bricks
4,8,9,minecraft:stone_bricks
5,8,9,minecraft:stone_bricks
25,8,9,minecraft:stone_bricks
26,8,9,minecraft:stone_bricks
4,8,10,minecraft:stone_bricks
5,8,10,minecraft:stone_bricks
25,8,10,minecraft:stone_bricks
26,8,10,minecraft:stone_bricks
4,8,11,minecraft:stone_bricks
5,8,11,minecraft:stone_bricks
25,8,11,minecraft:stone_bricks
26,8,11,minecraft:stone_bricks
4,8,12,minecraft:stone_bricks
5,8,12,minecraft:stone_bricks
25,8,12,minecraft:stone_bricks
26,8,12,minecraft:stone_bricks
4,8,13,minecraft:stone_bricks
5,8,13,minecraft:stone_bricks
25,8,13,minecraft:stone_bricks
26,8,13,minecraft:stone_bricks
4,8,14,minecraft:stone_bricks
5,8,14,minecraft:stone_bricks
25,8,14,minecraft:stone_bricks
26,8,14,minecraft:stone_bricks
4,8,15,minecraft:cut_copper
5,8,15,minecraft:stone_bricks
25,8,15,minecraft:stone_bricks
26,8,15,minecraft:cut_copper
4,8,16,minecraft:stone_bricks
5,8,16,minecraft:stone_bricks
25,8,16,minecraft:stone_bricks
26,8,16,minecraft:stone_bricks
4,8,17,minecraft:stone_bricks
5,8,17,minecraft:stone_bricks
25,8,17,minecraft:stone_bricks
26,8,17,minecraft:stone_bricks
4,8,18,minecraft:stone_bricks
5,8,18,minecraft:stone_bricks
25,8,18,minecraft:stone_bricks
26,8,18,minecraft:stone_bricks
4,8,19,minecraft:stone_bricks
5,8,19,minecraft:stone_bricks
25,8,19,minecraft:stone_bricks
26,8,19,minecraft:stone_bricks
4,8,20,minecraft:stone_bricks
5,8,20,minecraft:stone_bricks
25,8,20,minecraft:stone_bricks
26,8,20,minecraft:stone_bricks
4,8,21,minecraft:stone_bricks
5,8,21,minecraft:stone_bricks
25,8,21,minecraft:stone_bricks
26,8,21,minecraft:stone_bricks
4,8,22,minecraft:stone_bricks
5,8,22,minecraft:stone_bricks
25,8,22,minecraft:stone_bricks
26,8,22,minecraft:stone_bricks
4,8,23,minecraft:stone_bricks
5,8,23,minecraft:stone_bricks
25,8,23,minecraft:stone_bricks
26,8,23,minecraft:stone_bricks
4,8,24,minecraft:stone_bricks
5,8,24,minecraft:stone_bricks
25,8,24,minecraft:stone_bricks
26,8,24,minecraft:stone_bricks
4,8,25,minecraft:stone_bricks
5,8,25,minecraft:stone_bricks
6,8,25,minecraft:stone_bricks
7,8,25,minecraft:stone_bricks
8,8,25,minecraft:stone_bricks
9,8,25,minecraft:stone_bricks
10,8,25,minecraft:stone_bricks
11,8,25,minecraft:stone_bricks
12,8,25,minecraft:stone_bricks
13,8,25,minecraft:stone_bricks
14,8,25,minecraft:stone_bricks
15,8,25,minecraft:stone_bricks
16,8,25,minecraft:stone_bricks
17,8,25,minecraft:stone_bricks
18,8,25,minecraft:stone_bricks
19,8,25,minecraft:stone_bricks
20,8,25,minecraft:stone_bricks
21,8,25,minecraft:stone_bricks
22,8,25,minecraft:stone_bricks
23,8,25,minecraft:stone_bricks
24,8,25,minecraft:stone_bricks
25,8,25,minecraft:stone_bricks
26,8,25,minecraft:stone_bricks
4,8,26,minecraft:stone_bricks
5,8,26,minecraft:stone_bricks
6,8,26,minecraft:stone_bricks
7,8,26,minecraft:stone_bricks
8,8,26,minecraft:stone_bricks
9,8,26,minecraft:stone_bricks
10,8,26,minecraft:stone_bricks
11,8,26,minecraft:stone_bricks
12,8,26,minecraft:stone_bricks
13,8,26,minecraft:stone_bricks
14,8,26,minecraft:stone_bricks
15,8,26,minecraft:cut_copper
16,8,26,minecraft:stone_bricks
17,8,26,minecraft:stone_bricks
18,8,26,minecraft:stone_bricks
19,8,26,minecraft:stone_bricks
20,8,26,minecraft:stone_bricks
21,8,26,minecraft:stone_bricks
22,8,26,minecraft:stone_bricks
23,8,26,minecraft:stone_bricks
24,8,26,minecraft:stone_bricks
25,8,26,minecraft:stone_bricks
26,8,26,minecraft:stone_bricks
4,9,4,minecraft:stone_bricks
5,9,4,minecraft:stone_bricks
6,9,4,minecraft:stone_bricks
7,9,4,minecraft:stone_bricks
8,9,4,minecraft:stone_bricks
9,9,4,minecraft:stone_bricks
10,9,4,minecraft:stone_bricks
11,9,4,minecraft:stone_bricks
12,9,4,minecraft:stone_bricks
13,9,4,minecraft:stone_bricks
14,9,4,minecraft:stone_bricks
15,9,4,minecraft:cut_copper
16,9,4,minecraft:stone_bricks
17,9,4,minecraft:stone_bricks
18,9,4,minecraft:stone_bricks
19,9,4,minecraft:stone_bricks
20,9,4,minecraft:stone_bricks
21,9,4,minecraft:stone_bricks
22,9,4,minecraft:stone_bricks
23,9,4,minecraft:stone_bricks
24,9,4,minecraft:stone_bricks
25,9,4,minecraft:stone_bricks
26,9,4,minecraft:stone_bricks
4,9,5,minecraft:stone_bricks
5,9,5,minecraft:stone_bricks
6,9,5,minecraft:stone_bricks
7,9,5,minecraft:stone_bricks
8,9,5,minecraft:stone_bricks
9,9,5,minecraft:stone_bricks
10,9,5,minecraft:stone_bricks
11,9,5,minecraft:stone_bricks
12,9,5,minecraft:stone_bricks
13,9,5,minecraft:stone_bricks
14,9,5,minecraft:stone_bricks
15,9,5,minecraft:stone_bricks
16,9,5,minecraft:stone_bricks
17,9,5,minecraft:stone_bricks
18,9,5,minecraft:stone_bricks
19,9,5,minecraft:stone_bricks
20,9,5,minecraft:stone_bricks
21,9,5,minecraft:stone_bricks
22,9,5,minecraft:stone_bricks
23,9,5,minecraft:stone_bricks
24,9,5,minecraft:stone_bricks
25,9,5,minecraft:stone_bricks
26,9,5,minecraft:stone_bricks
4,9,6,minecraft:stone_bricks
5,9,6,minecraft:stone_bricks
25,9,6,minecraft:stone_bricks
26,9,6,minecraft:stone_bricks
4,9,7,minecraft:stone_bricks
5,9,7,minecraft:stone_bricks
25,9,7,minecraft:stone_bricks
26,9,7,minecraft:stone_bricks
4,9,8,minecraft:stone_bricks
5,9,8,minecraft:stone_bricks
25,9,8,minecraft:stone_bricks
26,9,8,minecraft:stone_bricks
4,9,9,minecraft:stone_bricks
5,9,9,minecraft:stone_bricks
25,9,9,minecraft:stone_bricks
26,9,9,minecraft:stone_bricks
4,9,10,minecraft:stone_bricks
5,9,10,minecraft:stone_bricks
25,9,10,minecraft:stone_bricks
26,9,10,minecraft:stone_bricks
4,9,11,minecraft:stone_bricks
5,9,11,minecraft:stone_bricks
25,9,11,minecraft:stone_bricks
26,9,11,minecraft:stone_bricks
4,9,12,minecraft:stone_bricks
5,9,12,minecraft:stone_bricks
25,9,12,minecraft:stone_bricks
26,9,12,minecraft:stone_bricks
4,9,13,minecraft:stone_bricks
5,9,13,minecraft:stone_bricks
25,9,13,minecraft:stone_bricks
26,9,13,minecraft:stone_bricks
4,9,14,minecraft:stone_bricks
5,9,14,minecraft:stone_bricks
25,9,14,minecraft:stone_bricks
26,9,14,minecraft:stone_bricks
4,9,15,minecraft:cut_copper
5,9,15,minecraft:stone_bricks
25,9,15,minecraft:stone_bricks
26,9,15,minecraft:cut_copper
4,9,16,minecraft:stone_bricks
5,9,16,minecraft:stone_bricks
25,9,16,minecraft:stone_bricks
26,9,16,minecraft:stone_bricks
4,9,17,minecraft:stone_bricks
5,9,17,minecraft:stone_bricks
25,9,17,minecraft:stone_bricks
26,9,17,minecraft:stone_bricks
4,9,18,minecraft:stone_bricks
5,9,18,minecraft:stone_bricks
25,9,18,minecraft:stone_bricks
26,9,18,minecraft:stone_bricks
4,9,19,minecraft:stone_bricks
5,9,19,minecraft:stone_bricks
25,9,19,minecraft:stone_bricks
26,9,19,minecraft:stone_bricks
4,9,20,minecraft:stone_bricks
5,9,20,minecraft:stone_bricks
25,9,20,minecraft:stone_bricks
26,9,20,minecraft:stone_bricks
4,9,21,minecraft:stone_bricks
5,9,21,minecraft:stone_bricks
25,9,21,minecraft:stone_bricks
26,9,21,minecraft:stone_bricks
4,9,22,minecraft:stone_bricks
5,9,22,minecraft:stone_bricks
25,9,22,minecraft:stone_bricks
26,9,22,minecraft:stone_bricks
4,9,23,minecraft:stone_bricks
5,9,23,minecraft:stone_bricks
25,9,23,minecraft:stone_bricks
26,9,23,minecraft:stone_bricks
4,9,24,minecraft:stone_bricks
5,9,24,minecraft:stone_bricks
25,9,24,minecraft:stone_bricks
26,9,24,minecraft:stone_bricks
4,9,25,minecraft:stone_bricks
5,9,25,minecraft:stone_bricks
6,9,25,minecraft:stone_bricks
7,9,25,minecraft:stone_bricks
8,9,25,minecraft:stone_bricks
9,9,25,minecraft:stone_bricks
10,9,25,minecraft:stone_bricks
11,9,25,minecraft:stone_bricks
12,9,25,minecraft:stone_bricks
13,9,25,minecraft:stone_bricks
14,9,25,minecraft:stone_bricks
15,9,25,minecraft:stone_bricks
16,9,25,minecraft:stone_bricks
17,9,25,minecraft:stone_bricks
18,9,25,minecraft:stone_bricks
19,9,25,minecraft:stone_bricks
20,9,25,minecraft:stone_bricks
21,9,25,minecraft:stone_bricks
22,9,25,minecraft:stone_bricks
23,9,25,minecraft:stone_bricks
24,9,25,minecraft:stone_bricks
25,9,25,minecraft:stone_bricks
26,9,25,minecraft:stone_bricks
4,9,26,minecraft:stone_bricks
5,9,26,minecraft:stone_bricks
6,9,26,minecraft:stone_bricks
7,9,26,minecraft:stone_bricks
8,9,26,minecraft:stone_bricks
9,9,26,minecraft:stone_bricks
10,9,26,minecraft:stone_bricks
11,9,26,minecraft:stone_bricks
12,9,26,minecraft:stone_bricks
13,9,26,minecraft:stone_bricks
14,9,26,minecraft:stone_bricks
15,9,26,minecraft:cut_copper
16,9,26,minecraft:stone_bricks
17,9,26,minecraft:stone_bricks
18,9,26,minecraft:stone_bricks
19,9,26,minecraft:stone_bricks
20,9,26,minecraft:stone_bricks
21,9,26,minecraft:stone_bricks
22,9,26,minecraft:stone_bricks
23,9,26,minecraft:stone_bricks
24,9,26,minecraft:stone_bricks
25,9,26,minecraft:stone_bricks
26,9,26,minecraft:stone_bricks
5,10,5,minecraft:stone_bricks
6,10,5,minecraft:stone_bricks
7,10,5,minecraft:stone_bricks
8,10,5,minecraft:stone_bricks
9,10,5,minecraft:stone_bricks
10,10,5,minecraft:stone_bricks
11,10,5,minecraft:stone_bricks
12,10,5,minecraft:stone_bricks
13,10,5,minecraft:stone_bricks
14,10,5,minecraft:stone_bricks
15,10,5,minecraft:cut_copper
16,10,5,minecraft:stone_bricks
17,10,5,minecraft:stone_bricks
18,10,5,minecraft:stone_bricks
19,10,5,minecraft:stone_bricks
20,10,5,minecraft:stone_bricks
21,10,5,minecraft:stone_bricks
22,10,5,minecraft:stone_bricks
23,10,5,minecraft:stone_bricks
24,10,5,minecraft:stone_bricks
25,10,5,minecraft:stone_bricks
5,10,6,minecraft:stone_bricks
6,10,6,minecraft:stone_bricks
7,10,6,minecraft:stone_bricks
8,10,6,minecraft:stone_bricks
9,10,6,minecraft:stone_bricks
10,10,6,minecraft:stone_bricks
11,10,6,minecraft:stone_bricks
12,10,6,minecraft:stone_bricks
13,10,6,minecraft:stone_bricks
14,10,6,minecraft:stone_bricks
15,10,6,minecraft:stone_bricks
16,10,6,minecraft:stone_bricks
17,10,6,minecraft:stone_bricks
18,10,6,minecraft:stone_bricks
19,10,6,minecraft:stone_bricks
20,10,6,minecraft:stone_bricks
21,10,6,minecraft:stone_bricks
22,10,6,minecraft:stone_bricks
23,10,6,minecraft:stone_bricks
24,10,6,minecraft:stone_bricks
25,10,6,minecraft:stone_bricks
5,10,7,minecraft:stone_bricks
6,10,7,minecraft:stone_bricks
24,10,7,minecraft:stone_bricks
25,10,7,minecraft:stone_bricks
5,10,8,minecraft:stone_bricks
6,10,8,minecraft:stone_bricks
24,10,8,minecraft:stone_bricks
25,10,8,minecraft:stone_bricks
5,10,9,minecraft:stone_bricks
6,10,9,minecraft:stone_bricks
24,10,9,minecraft:stone_bricks
25,10,9,minecraft:stone_bricks
5,10,10,minecraft:stone_bricks
6,10,10,minecraft:stone_bricks
24,10,10,minecraft:stone_bricks
25,10,10,minecraft:stone_bricks
5,10,11,minecraft:stone_bricks
6,10,11,minecraft:stone_bricks
24,10,11,minecraft:stone_bricks
25,10,11,minecraft:stone_bricks
5,10,12,minecraft:stone_bricks
6,10,12,minecraft:stone_bricks
24,10,12,minecraft:stone_bricks
25,10,12,minecraft:stone_bricks
5,10,13,minecraft:stone_bricks
6,10,13,minecraft:stone_bricks
24,10,13,minecraft:stone_bricks
25,10,13,minecraft:stone_bricks
5,10,14,minecraft:stone_bricks
6,10,14,minecraft:stone_bricks
24,10,14,minecraft:stone_bricks
25,10,14,minecraft:stone_bricks
5,10,15,minecraft:cut_copper
6,10,15,minecraft:stone_bricks
24,10,15,minecraft:stone_bricks
25,10,15,minecraft:cut_copper
5,10,16,minecraft:stone_bricks
6,10,16,minecraft:stone_bricks
24,10,16,minecraft:stone_bricks
25,10,16,minecraft:stone_bricks
5,10,17,minecraft:stone_bricks
6,10,17,minecraft:stone_bricks
24,10,17,minecraft:stone_bricks
25,10,17,minecraft:stone_bricks
5,10,18,minecraft:stone_bricks
6,10,18,minecraft:stone_bricks
24,10,18,minecraft:stone_bricks
25,10,18,minecraft:stone_bricks
5,10,19,minecraft:stone_bricks
6,10,19,minecraft:stone_bricks
24,10,19,minecraft:stone_bricks
25,10,19,minecraft:stone_bricks
5,10,20,minecraft:stone_bricks
6,10,20,minecraft:stone_bricks
24,10,20,minecraft:stone_bricks
25,10,20,minecraft:stone_bricks
5,10,21,minecraft:stone_bricks
6,10,21,minecraft:stone_bricks
24,10,21,minecraft:stone_bricks
25,10,21,minecraft:stone_bricks
5,10,22,minecraft:stone_bricks
6,10,22,minecraft:stone_bricks
24,10,22,minecraft:stone_bricks
25,10,22,minecraft:stone_bricks
5,10,23,minecraft:stone_bricks
6,10,23,minecraft:stone_bricks
24,10,23,minecraft:stone_bricks
25,10,23,minecraft:stone_bricks
5,10,24,minecraft:stone_bricks
6,10,24,minecraft:stone_bricks
7,10,24,minecraft:stone_bricks
8,10,24,minecraft:stone_bricks
9,10,24,minecraft:stone_bricks
10,10,24,minecraft:stone_bricks
11,10,24,minecraft:stone_bricks
12,10,24,minecraft:stone_bricks
13,10,24,minecraft:stone_bricks
14,10,24,minecraft:stone_bricks
15,10,24,minecraft:stone_bricks
16,10,24,minecraft:stone_bricks
17,10,24,minecraft:stone_bricks
18,10,24,minecraft:stone_bricks
19,10,24,minecraft:stone_bricks
20,10,24,minecraft:stone_bricks
21,10,24,minecraft:stone_bricks
22,10,24,minecraft:stone_bricks
23,10,24,minecraft:stone_bricks
24,10,24,minecraft:stone_bricks
25,10,24,minecraft:stone_bricks
5,10,25,minecraft:stone_bricks
6,10,25,minecraft:stone_bricks
7,10,25,minecraft:stone_bricks
8,10,25,minecraft:stone_bricks
9,10,25,minecraft:stone_bricks
10,10,25,minecraft:stone_bricks
11,10,25,minecraft:stone_bricks
12,10,25,minecraft:stone_bricks
13,10,25,minecraft:stone_bricks
14,10,25,minecraft:stone_bricks
15,10,25,minecraft:cut_copper
16,10,25,minecraft:stone_bricks
17,10,25,minecraft:stone_bricks
18,10,25,minecraft:stone_bricks
19,10,25,minecraft:stone_bricks
20,10,25,minecraft:stone_bricks
21,10,25,minecraft:stone_bricks
22,10,25,minecraft:stone_bricks
23,10,25,minecraft:stone_bricks
24,10,25,minecraft:stone_bricks
25,10,25,minecraft:stone_bricks
5,11,5,minecraft:stone_bricks
6,11,5,minecraft:stone_bricks
7,11,5,minecraft:stone_bricks
8,11,5,minecraft:stone_bricks
9,11,5,minecraft:stone_bricks
10,11,5,minecraft:stone_bricks
11,11,5,minecraft:stone_bricks
12,11,5,minecraft:stone_bricks
13,11,5,minecraft:stone_bricks
14,11,5,minecraft:stone_bricks
15,11,5,minecraft:cut_copper
16,11,5,minecraft:stone_bricks
17,11,5,minecraft:stone_bricks
18,11,5,minecraft:stone_bricks
19,11,5,minecraft:stone_bricks
20,11,5,minecraft:stone_bricks
21,11,5,minecraft:stone_bricks
22,11,5,minecraft:stone_bricks
23,11,5,minecraft:stone_bricks
24,11,5,minecraft:stone_bricks
25,11,5,minecraft:stone_bricks
5,11,6,minecraft:stone_bricks
6,11,6,minecraft:stone_bricks
7,11,6,minecraft:stone_bricks
8,11,6,minecraft:stone_bricks
9,11,6,minecraft:stone_bricks
10,11,6,minecraft:stone_bricks
11,11,6,minecraft:stone_bricks
12,11,6,minecraft:stone_bricks
13,11,6,minecraft:stone_bricks
14,11,6,minecraft:stone_bricks
15,11,6,minecraft:stone_bricks
16,11,6,minecraft:stone_bricks
17,11,6,minecraft:stone_bricks
18,11,6,minecraft:stone_bricks
19,11,6,minecraft:stone_bricks
20,11,6,minecraft:stone_bricks
21,11,6,minecraft:stone_bricks
22,11,6,minecraft:stone_bricks
23,11,6,minecraft:stone_bricks
24,11,6,minecraft:stone_bricks
25,11,6,minecraft:stone_bricks
5,11,7,minecraft:stone_bricks
6,11,7,minecraft:stone_bricks
24,11,7,minecraft:stone_bricks
25,11,7,minecraft:stone_bricks
5,11,8,minecraft:stone_bricks
6,11,8,minecraft:stone_bricks
24,11,8,minecraft:stone_bricks
25,11,8,minecraft:stone_bricks
5,11,9,minecraft:stone_bricks
6,11,9,minecraft:stone_bricks
24,11,9,minecraft:stone_bricks
25,11,9,minecraft:stone_bricks
5,11,10,minecraft:stone_bricks
6,11,10,minecraft:stone_bricks
24,11,10,minecraft:stone_bricks
25,11,10,minecraft:stone_bricks
5,11,11,minecraft:stone_bricks
6,11,11,minecraft:stone_bricks
24,11,11,minecraft:stone_bricks
25,11,11,minecraft:stone_bricks
5,11,12,minecraft:stone_bricks
6,11,12,minecraft:stone_bricks
24,11,12,minecraft:stone_bricks
25,11,12,minecraft:stone_bricks
5,11,13,minecraft:stone_bricks
6,11,13,minecraft:stone_bricks
24,11,13,minecraft:stone_bricks
25,11,13,minecraft:stone_bricks
5,11,14,minecraft:stone_bricks
6,11,14,minecraft:stone_bricks
24,11,14,minecraft:stone_bricks
25,11,14,minecraft:stone_bricks
5,11,15,minecraft:cut_copper
6,11,15,minecraft:stone_bricks
24,11,15,minecraft:stone_bricks
25,11,15,minecraft:cut_copper
5,11,16,minecraft:stone_bricks
6,11,16,minecraft:stone_bricks
24,11,16,minecraft:stone_bricks
25,11,16,minecraft:stone_bricks
5,11,17,minecraft:stone_bricks
6,11,17,minecraft:stone_bricks
24,11,17,minecraft:stone_bricks
25,11,17,minecraft:stone_bricks
5,11,18,minecraft:stone_bricks
6,11,18,minecraft:stone_bricks
24,11,18,minecraft:stone_bricks
25,11,18,minecraft:stone_bricks
5,11,19,minecraft:stone_bricks
6,11,19,minecraft:stone_bricks
24,11,19,minecraft:stone_bricks
25,11,19,minecraft:stone_bricks
5,11,20,minecraft:stone_bricks
6,11,20,minecraft:stone_bricks
24,11,20,minecraft:stone_bricks
25,11,20,minecraft:stone_bricks
5,11,21,minecraft:stone_bricks
6,11,21,minecraft:stone_bricks
24,11,21,minecraft:stone_bricks
25,11,21,minecraft:stone_bricks
5,11,22,minecraft:stone_bricks
6,11,22,minecraft:stone_bricks
24,11,22,minecraft:stone_bricks
25,11,22,minecraft:stone_bricks
5,11,23,minecraft:stone_bricks
6,11,23,minecraft:stone_bricks
24,11,23,minecraft:stone_bricks
25,11,23,minecraft:stone_bricks
5,11,24,minecraft:stone_bricks
6,11,24,minecraft:stone_bricks
7,11,24,minecraft:stone_bricks
8,11,24,minecraft:stone_bricks
9,11,24,minecraft:stone_bricks
10,11,24,minecraft:stone_bricks
11,11,24,minecraft:stone_bricks
12,11,24,minecraft:stone_bricks
13,11,24,minecraft:stone_bricks
14,11,24,minecraft:stone_bricks
15,11,24,minecraft:stone_bricks
16,11,24,minecraft:stone_bricks
17,11,24,minecraft:stone_bricks
18,11,24,minecraft:stone_bricks
19,11,24,minecraft:stone_bricks
20,11,24,minecraft:stone_bricks
21,11,24,minecraft:stone_bricks
22,11,24,minecraft:stone_bricks
23,11,24,minecraft:stone_bricks
24,11,24,minecraft:stone_bricks
25,11,24,minecraft:stone_bricks
5,11,25,minecraft:stone_bricks
6,11,25,minecraft:stone_bricks
7,11,25,minecraft:stone_bricks
8,11,25,minecraft:stone_bricks
9,11,25,minecraft:stone_bricks
10,11,25,minecraft:stone_bricks
11,11,25,minecraft:stone_bricks
12,11,25,minecraft:stone_bricks
13,11,25,minecraft:stone_bricks
14,11,25,minecraft:stone_bricks
15,11,25,minecraft:cut_copper
16,11,25,minecraft:stone_bricks
17,11,25,minecraft:stone_bricks
18,11,25,minecraft:stone_bricks
19,11,25,minecraft:stone_bricks
20,11,25,minecraft:stone_bricks
21,11,25,minecraft:stone_bricks
22,11,25,minecraft:stone_bricks
23,11,25,minecraft:stone_bricks
24,11,25,minecraft:stone_bricks
25,11,25,minecraft:stone_bricks
6,12,6,minecraft:stone_bricks
7,12,6,minecraft:stone_bricks
8,12,6,minecraft:stone_bricks
9,12,6,minecraft:stone_bricks
10,12,6,minecraft:stone_bricks
11,12,6,minecraft:stone_bricks
12,12,6,minecraft:stone_bricks
13,12,6,minecraft:stone_bricks
14,12,6,minecraft:stone_bricks
15,12,6,minecraft:cut_copper
16,12,6,minecraft:stone_bricks
17,12,6,minecraft:stone_bricks
18,12,6,minecraft:stone_bricks
19,12,6,minecraft:stone_bricks
20,12,6,minecraft:stone_bricks
21,12,6,minecraft:stone_bricks
22,12,6,minecraft:stone_bricks
23,12,6,minecraft:stone_bricks
24,12,6,minecraft:stone_bricks
6,12,7,minecraft:stone_bricks
7,12,7,minecraft:stone_bricks
8,12,7,minecraft:stone_bricks
9,12,7,minecraft:stone_bricks
10,12,7,minecraft:stone_bricks
11,12,7,minecraft:stone_bricks
12,12,7,minecraft:stone_bricks
13,12,7,minecraft:stone_bricks
14,12,7,minecraft:stone_bricks
15,12,7,minecraft:stone_bricks
16,12,7,minecraft:stone_bricks
17,12,7,minecraft:stone_bricks
18,12,7,minecraft:stone_bricks
19,12,7,minecraft:stone_bricks
20,12,7,minecraft:stone_bricks
21,12,7,minecraft:stone_bricks
22,12,7,minecraft:stone_bricks
23,12,7,minecraft:stone_bricks
24,12,7,minecraft:stone_bricks
6,12,8,minecraft:stone_bricks
7,12,8,minecraft:stone_bricks
23,12,8,minecraft:stone_bricks
24,12,8,minecraft:stone_bricks
6,12,9,minecraft:stone_bricks
7,12,9,minecraft:stone_bricks
23,12,9,minecraft:stone_bricks
24,12,9,minecraft:stone_bricks
6,12,10,minecraft:stone_bricks
7,12,10,minecraft:stone_bricks
23,12,10,minecraft:stone_bricks
24,12,10,minecraft:stone_bricks
6,12,11,minecraft:stone_bricks
7,12,11,minecraft:stone_bricks
23,12,11,minecraft:stone_bricks
24,12,11,minecraft:stone_bricks
6,12,12,minecraft:stone_bricks
7,12,12,minecraft:stone_bricks
23,12,12,minecraft:stone_bricks
24,12,12,minecraft:stone_bricks
6,12,13,minecraft:stone_bricks
7,12,13,minecraft:stone_bricks
23,12,13,minecraft:stone_bricks
24,12,13,minecraft:stone_bricks
6,12,14,minecraft:stone_bricks
7,12,14,minecraft:stone_bricks
23,12,14,minecraft:stone_bricks
24,12,14,minecraft:stone_bricks
6,12,15,minecraft:cut_copper
7,12,15,minecraft:stone_bricks
23,12,15,minecraft:stone_bricks
24,12,15,minecraft:cut_copper
6,12,16,minecraft:stone_bricks
7,12,16,minecraft:stone_bricks
23,12,16,minecraft:stone_bricks
24,12,16,minecraft:stone_bricks
6,12,17,minecraft:stone_bricks
7,12,17,minecraft:stone_bricks
23,12,17,minecraft:stone_bricks
24,12,17,minecraft:stone_bricks
6,12,18,minecraft:stone_bricks
7,12,18,minecraft:stone_bricks
23,12,18,minecraft:stone_bricks
24,12,18,minecraft:stone_bricks
6,12,19,minecraft:stone_bricks
7,12,19,minecraft:stone_bricks
23,12,19,minecraft:stone_bricks
24,12,19,minecraft:stone_bricks
6,12,20,minecraft:stone_bricks
7,12,20,minecraft:stone_bricks
23,12,20,minecraft:stone_bricks
24,12,20,minecraft:stone_bricks
6,12,21,minecraft:stone_bricks
7,12,21,minecraft:stone_bricks
23,12,21,minecraft:stone_bricks
24,12,21,minecraft:stone_bricks
6,12,22,minecraft:stone_bricks
7,12,22,minecraft:stone_bricks
23,12,22,minecraft:stone_bricks
24,12,22,minecraft:stone_bricks
6,12,23,minecraft:stone_bricks
7,12,23,minecraft:stone_bricks
8,12,23,minecraft:stone_bricks
9,12,23,minecraft:stone_bricks
10,12,23,minecraft:stone_bricks
11,12,23,minecraft:stone_bricks
12,12,23,minecraft:stone_bricks
13,12,23,minecraft:stone_bricks
14,12,23,minecraft:stone_bricks
15,12,23,minecraft:stone_bricks
16,12,23,minecraft:stone_bricks
17,12,23,minecraft:stone_bricks
18,12,23,minecraft:stone_bricks
19,12,23,minecraft:stone_bricks
20,12,23,minecraft:stone_bricks
21,12,23,minecraft:stone_bricks
22,12,23,minecraft:stone_bricks
23,12,23,minecraft:stone_bricks
24,12,23,minecraft:stone_bricks
6,12,24,minecraft:stone_bricks
7,12,24,minecraft:stone_bricks
8,12,24,minecraft:stone_bricks
9,12,24,minecraft:stone_bricks
10,12,24,minecraft:stone_bricks
11,12,24,minecraft:stone_bricks
12,12,24,minecraft:stone_bricks
13,12,24,minecraft:stone_bricks
14,12,24,minecraft:stone_bricks
15,12,24,minecraft:cut_copper
16,12,24,minecraft:stone_bricks
17,12,24,minecraft:stone_bricks
18,12,24,minecraft:stone_bricks
19,12,24,minecraft:stone_bricks
20,12,24,minecraft:stone_bricks
21,12,24,minecraft:stone_bricks
22,12,24,minecraft:stone_bricks
23,12,24,minecraft:stone_bricks
24,12,24,minecraft:stone_bricks
6,13,6,minecraft:stone_bricks
7,13,6,minecraft:stone_bricks
8,13,6,minecraft:stone_bricks
9,13,6,minecraft:stone_bricks
10,13,6,minecraft:stone_bricks
11,13,6,minecraft:stone_bricks
12,13,6,minecraft:stone_bricks
13,13,6,minecraft:stone_bricks
14,13,6,minecraft:stone_bricks
15,13,6,minecraft:cut_copper
16,13,6,minecraft:stone_bricks
17,13,6,minecraft:stone_bricks
18,13,6,minecraft:stone_bricks
19,13,6,minecraft:stone_bricks
20,13,6,minecraft:stone_bricks
21,13,6,minecraft:stone_bricks
22,13,6,minecraft:stone_bricks
23,13,6,minecraft:stone_bricks
24,13,6,minecraft:stone_bricks
6,13,7,minecraft:stone_bricks
7,13,7,minecraft:stone_bricks
8,13,7,minecraft:stone_bricks
9,13,7,minecraft:stone_bricks
10,13,7,minecraft:stone_bricks
11,13,7,minecraft:stone_bricks
12,13,7,minecraft:stone_bricks
13,13,7,minecraft:stone_bricks
14,13,7,minecraft:stone_bricks
15,13,7,minecraft:stone_bricks
16,13,7,minecraft:stone_bricks
17,13,7,minecraft:stone_bricks
18,13,7,minecraft:stone_bricks
19,13,7,minecraft:stone_bricks
20,13,7,minecraft:stone_bricks
21,13,7,minecraft:stone_bricks
22,13,7,minecraft:stone_bricks
23,13,7,minecraft:stone_bricks
24,13,7,minecraft:stone_bricks
6,13,8,minecraft:stone_bricks
7,13,8,minecraft:stone_bricks
23,13,8,minecraft:stone_bricks
24,13,8,minecraft:stone_bricks
6,13,9,minecraft:stone_bricks
7,13,9,minecraft:stone_bricks
23,13,9,minecraft:stone_bricks
24,13,9,minecraft:stone_bricks
6,13,10,minecraft:stone_bricks
7,13,10,minecraft:stone_bricks
23,13,10,minecraft:stone_bricks
24,13,10,minecraft:stone_bricks
6,13,11,minecraft:stone_bricks
7,13,11,minecraft:stone_bricks
23,13,11,minecraft:stone_bricks
24,13,11,minecraft:stone_bricks
6,13,12,minecraft:stone_bricks
7,13,12,minecraft:stone_bricks
23,13,12,minecraft:stone_bricks
24,13,12,minecraft:stone_bricks
6,13,13,minecraft:stone_bricks
7,13,13,minecraft:stone_bricks
23,13,13,minecraft:stone_bricks
24,13,13,minecraft:stone_bricks
6,13,14,minecraft:stone_bricks
7,13,14,minecraft:stone_bricks
23,13,14,minecraft:stone_bricks
24,13,14,minecraft:stone_bricks
6,13,15,minecraft:cut_copper
7,13,15,minecraft:stone_bricks
23,13,15,minecraft:stone_bricks
24,13,15,minecraft:cut_copper
6,13,16,minecraft:stone_bricks
7,13,16,minecraft:stone_bricks
23,13,16,minecraft:stone_bricks
24,13,16,minecraft:stone_bricks
6,13,17,minecraft:stone_bricks
7,13,17,minecraft:stone_bricks
23,13,17,minecraft:stone_bricks
24,13,17,minecraft:stone_bricks
6,13,18,minecraft:stone_bricks
7,13,18,minecraft:stone_bricks
23,13,18,minecraft:stone_bricks
24,13,18,minecraft:stone_bricks
6,13,19,minecraft:stone_bricks
7,13,19,minecraft:stone_bricks
23,13,19,minecraft:stone_bricks
24,13,19,minecraft:stone_bricks
6,13,20,minecraft:stone_bricks
7,13,20,minecraft:stone_bricks
23,13,20,minecraft:stone_bricks
24,13,20,minecraft:stone_bricks
6,13,21,minecraft:stone_bricks
7,13,21,minecraft:stone_bricks
23,13,21,minecraft:stone_bricks
24,13,21,minecraft:stone_bricks
6,13,22,minecraft:stone_bricks
7,13,22,minecraft:stone_bricks
23,13,22,minecraft:stone_bricks
24,13,22,minecraft:stone_bricks
6,13,23,minecraft:stone_bricks
7,13,23,minecraft:stone_bricks
8,13,23,minecraft:stone_bricks
9,13,23,minecraft:stone_bricks
10,13,23,minecraft:stone_bricks
11,13,23,minecraft:stone_bricks
12,13,23,minecraft:stone_bricks
13,13,23,minecraft:stone_bricks
14,13,23,minecraft:stone_bricks
15,13,23,minecraft:stone_bricks
16,13,23,minecraft:stone_bricks
17,13,23,minecraft:stone_bricks
18,13,23,minecraft:stone_bricks
19,13,23,minecraft:stone_bricks
20,13,23,minecraft:stone_bricks
21,13,23,minecraft:stone_bricks
22,13,23,minecraft:stone_bricks
23,13,23,minecraft:stone_bricks
24,13,23,minecraft:stone_bricks
6,13,24,minecraft:stone_bricks
7,13,24,minecraft:stone_bricks
8,13,24,minecraft:stone_bricks
9,13,24,minecraft:stone_bricks
10,13,24,minecraft:stone_bricks
11,13,24,minecraft:stone_bricks
12,13,24,minecraft:stone_bricks
13,13,24,minecraft:stone_bricks
14,13,24,minecraft:stone_bricks
15,13,24,minecraft:cut_copper
16,13,24,minecraft:stone_bricks
17,13,24,minecraft:stone_bricks
18,13,24,minecraft:stone_bricks
19,13,24,minecraft:stone_bricks
20,13,24,minecraft:stone_bricks
21,13,24,minecraft:stone_bricks
22,13,24,minecraft:stone_bricks
23,13,24,minecraft:stone_bricks
24,13,24,minecraft:stone_bricks
7,14,7,minecraft:stone_bricks
8,14,7,minecraft:stone_bricks
9,14,7,minecraft:stone_bricks
10,14,7,minecraft:stone_bricks
11,14,7,minecraft:stone_bricks
12,14,7,minecraft:stone_bricks
13,14,7,minecraft:stone_bricks
14,14,7,minecraft:stone_bricks
15,14,7,minecraft:cut_copper
16,14,7,minecraft:stone_bricks
17,14,7,minecraft:stone_bricks
18,14,7,minecraft:stone_bricks
19,14,7,minecraft:stone_bricks
20,14,7,minecraft:stone_bricks
21,14,7,minecraft:stone_bricks
22,14,7,minecraft:stone_bricks
23,14,7,minecraft:stone_bricks
7,14,8,minecraft:stone_bricks
8,14,8,minecraft:stone_bricks
9,14,8,minecraft:stone_bricks
10,14,8,minecraft:stone_bricks
11,14,8,minecraft:stone_bricks
12,14,8,minecraft:stone_bricks
13,14,8,minecraft:stone_bricks
14,14,8,minecraft:stone_bricks
15,14,8,minecraft:stone_bricks
16,14,8,minecraft:stone_bricks
17,14,8,minecraft:stone_bricks
18,14,8,minecraft:stone_bricks
19,14,8,minecraft:stone_bricks
20,14,8,minecraft:stone_bricks
21,14,8,minecraft:stone_bricks
22,14,8,minecraft:stone_bricks
23,14,8,minecraft:stone_bricks
7,14,9,minecraft:stone_bricks
8,14,9,minecraft:stone_bricks
22,14,9,minecraft:stone_bricks
23,14,9,minecraft:stone_bricks
7,14,10,minecraft:stone_bricks
8,14,10,minecraft:stone_bricks
22,14,10,minecraft:stone_bricks
23,14,10,minecraft:stone_bricks
7,14,11,minecraft:stone_bricks
8,14,11,minecraft:stone_bricks
22,14,11,minecraft:stone_bricks
23,14,11,minecraft:stone_bricks
7,14,12,minecraft:stone_bricks
8,14,12,minecraft:stone_bricks
22,14,12,minecraft:stone_bricks
23,14,12,minecraft:stone_bricks
7,14,13,minecraft:stone_bricks
8,14,13,minecraft:stone_bricks
22,14,13,minecraft:stone_bricks
23,14,13,minecraft:stone_bricks
7,14,14,minecraft:stone_bricks
8,14,14,minecraft:stone_bricks
22,14,14,minecraft:stone_bricks
23,14,14,minecraft:stone_bricks
7,14,15,minecraft:cut_copper
8,14,15,minecraft:stone_bricks
22,14,15,minecraft:stone_bricks
23,14,15,minecraft:cut_copper
7,14,16,minecraft:stone_bricks
8,14,16,minecraft:stone_bricks
22,14,16,minecraft:stone_bricks
23,14,16,minecraft:stone_bricks
7,14,17,minecraft:stone_bricks
8,14,17,minecraft:stone_bricks
22,14,17,minecraft:stone_bricks
23,14,17,minecraft:stone_bricks
7,14,18,minecraft:stone_bricks
8,14,18,minecraft:stone_bricks
22,14,18,minecraft:stone_bricks
23,14,18,minecraft:stone_bricks
7,14,19,minecraft:stone_bricks
8,14,19,minecraft:stone_bricks
22,14,19,minecraft:stone_bricks
23,14,19,minecraft:stone_bricks
7,14,20,minecraft:stone_bricks
8,14,20,minecraft:stone_bricks
22,14,20,minecraft:stone_bricks
23,14,20,minecraft:stone_bricks
7,14,21,minecraft:stone_bricks
8,14,21,minecraft:stone_bricks
22,14,21,minecraft:stone_bricks
23,14,21,minecraft:stone_bricks
7,14,22,minecraft:stone_bricks
8,14,22,minecraft:stone_bricks
9,14,22,minecraft:stone_bricks
10,14,22,minecraft:stone_bricks
11,14,22,minecraft:stone_bricks
12,14,22,minecraft:stone_bricks
13,14,22,minecraft:stone_bricks
14,14,22,minecraft:stone_bricks
15,14,22,minecraft:stone_bricks
16,14,22,minecraft:stone_bricks
17,14,22,minecraft:stone_bricks
18,14,22,minecraft:stone_bricks
19,14,22,minecraft:stone_bricks
20,14,22,minecraft:stone_bricks
21,14,22,minecraft:stone_bricks
22,14,22,minecraft:stone_bricks
23,14,22,minecraft:stone_bricks
7,14,23,minecraft:stone_bricks
8,14,23,minecraft:stone_bricks
9,14,23,minecraft:stone_bricks
10,14,23,minecraft:stone_bricks
11,14,23,minecraft:stone_bricks
12,14,23,minecraft:stone_bricks
13,14,23,minecraft:stone_bricks
14,14,23,minecraft:stone_bricks
15,14,23,minecraft:cut_copper
16,14,23,minecraft:stone_bricks
17,14,23,minecraft:stone_bricks
18,14,23,minecraft:stone_bricks
19,14,23,minecraft:stone_bricks
20,14,23,minecraft:stone_bricks
21,14,23,minecraft:stone_bricks
22,14,23,minecraft:stone_bricks
23,14,23,minecraft:stone_bricks
7,15,7,minecraft:stone_bricks
8,15,7,minecraft:stone_bricks
9,15,7,minecraft:stone_bricks
10,15,7,minecraft:stone_bricks
11,15,7,minecraft:stone_bricks
12,15,7,minecraft:stone_bricks
13,15,7,minecraft:stone_bricks
14,15,7,minecraft:stone_bricks
15,15,7,minecraft:cut_copper
16,15,7,minecraft:stone_bricks
17,15,7,minecraft:stone_bricks
18,15,7,minecraft:stone_bricks
19,15,7,minecraft:stone_bricks
20,15,7,minecraft:stone_bricks
21,15,7,minecraft:stone_bricks
22,15,7,minecraft:stone_bricks
23,15,7,minecraft:stone_bricks
7,15,8,minecraft:stone_bricks
8,15,8,minecraft:stone_bricks
9,15,8,minecraft:stone_bricks
10,15,8,minecraft:stone_bricks
11,15,8,minecraft:stone_bricks
12,15,8,minecraft:stone_bricks
13,15,8,minecraft:stone_bricks
14,15,8,minecraft:stone_bricks
15,15,8,minecraft:stone_bricks
16,15,8,minecraft:stone_bricks
17,15,8,minecraft:stone_bricks
18,15,8,minecraft:stone_bricks
19,15,8,minecraft:stone_bricks
20,15,8,minecraft:stone_bricks
21,15,8,minecraft:stone_bricks
22,15,8,minecraft:stone_bricks
23,15,8,minecraft:stone_bricks
7,15,9,minecraft:stone_bricks
8,15,9,minecraft:stone_bricks
22,15,9,minecraft:stone_bricks
23,15,9,minecraft:stone_bricks
7,15,10,minecraft:stone_bricks
8,15,10,minecraft:stone_bricks
22,15,10,minecraft:stone_bricks
23,15,10,minecraft:stone_bricks
7,15,11,minecraft:stone_bricks
8,15,11,minecraft:stone_bricks
22,15,11,minecraft:stone_bricks
23,15,11,minecraft:stone_bricks
7,15,12,minecraft:stone_bricks
8,15,12,minecraft:stone_bricks
22,15,12,minecraft:stone_bricks
23,15,12,minecraft:stone_bricks
7,15,13,minecraft:stone_bricks
8,15,13,minecraft:stone_bricks
22,15,13,minecraft:stone_bricks
23,15,13,minecraft:stone_bricks
7,15,14,minecraft:stone_bricks
8,15,14,minecraft:stone_bricks
22,15,14,minecraft:stone_bricks
23,15,14,minecraft:stone_bricks
7,15,15,minecraft:cut_copper
8,15,15,minecraft:stone_bricks
22,15,15,minecraft:stone_bricks
23,15,15,minecraft:cut_copper
7,15,16,minecraft:stone_bricks
8,15,16,minecraft:stone_bricks
22,15,16,minecraft:stone_bricks
23,15,16,minecraft:stone_bricks
7,15,17,minecraft:stone_bricks
8,15,17,minecraft:stone_bricks
22,15,17,minecraft:stone_bricks
23,15,17,minecraft:stone_bricks
7,15,18,minecraft:stone_bricks
8,15,18,minecraft:stone_bricks
22,15,18,minecraft:stone_bricks
23,15,18,minecraft:stone_bricks
7,15,19,minecraft:stone_bricks
8,15,19,minecraft:stone_bricks
22,15,19,minecraft:stone_bricks
23,15,19,minecraft:stone_bricks
7,15,20,minecraft:stone_bricks
8,15,20,minecraft:stone_bricks
22,15,20,minecraft:stone_bricks
23,15,20,minecraft:stone_bricks
7,15,21,minecraft:stone_bricks
8,15,21,minecraft:stone_bricks
22,15,21,minecraft:stone_bricks
23,15,21,minecraft:stone_bricks
7,15,22,minecraft:stone_bricks
8,15,22,minecraft:stone_bricks
9,15,22,minecraft:stone_bricks
10,15,22,minecraft:stone_bricks
11,15,22,minecraft:stone_bricks
12,15,22,minecraft:stone_bricks
13,15,22,minecraft:stone_bricks
14,15,22,minecraft:stone_bricks
15,15,22,minecraft:stone_bricks
16,15,22,minecraft:stone_bricks
17,15,22,minecraft:stone_bricks
18,15,22,minecraft:stone_bricks
19,15,22,minecraft:stone_bricks
20,15,22,minecraft:stone_bricks
21,15,22,minecraft:stone_bricks
22,15,22,minecraft:stone_bricks
23,15,22,minecraft:stone_bricks
7,15,23,minecraft:stone_bricks
8,15,23,minecraft:stone_bricks
9,15,23,minecraft:stone_bricks
10,15,23,minecraft:stone_bricks
11,15,23,minecraft:stone_bricks
12,15,23,minecraft:stone_bricks
13,15,23,minecraft:stone_bricks
14,15,23,minecraft:stone_bricks
15,15,23,minecraft:cut_copper
16,15,23,minecraft:stone_bricks
17,15,23,minecraft:stone_bricks
18,15,23,minecraft:stone_bricks
19,15,23,minecraft:stone_bricks
20,15,23,minecraft:stone_bricks
21,15,23,minecraft:stone_bricks
22,15,23,minecraft:stone_bricks
23,15,23,minecraft:stone_bricks
8,16,8,minecraft:stone_bricks
9,16,8,minecraft:stone_bricks
10,16,8,minecraft:stone_bricks
11,16,8,minecraft:stone_bricks
12,16,8,minecraft:stone_bricks
13,16,8,minecraft:stone_bricks
14,16,8,minecraft:stone_bricks
15,16,8,minecraft:cut_copper
16,16,8,minecraft:stone_bricks
17,16,8,minecraft:stone_bricks
18,16,8,minecraft:stone_bricks
19,16,8,minecraft:stone_bricks
20,16,8,minecraft:stone_bricks
21,16,8,minecraft:stone_bricks
22,16,8,minecraft:stone_bricks
8,16,9,minecraft:stone_bricks
9,16,9,minecraft:stone_bricks
10,16,9,minecraft:stone_bricks
11,16,9,minecraft:stone_bricks
12,16,9,minecraft:stone_bricks
13,16,9,minecraft:stone_bricks
14,16,9,minecraft:stone_bricks
15,16,9,minecraft:stone_bricks
16,16,9,minecraft:stone_bricks
17,16,9,minecraft:stone_bricks
18,16,9,minecraft:stone_bricks
19,16,9,minecraft:stone_bricks
20,16,9,minecraft:stone_bricks
21,16,9,minecraft:stone_bricks
22,16,9,minecraft:stone_bricks
8,16,10,minecraft:stone_bricks
9,16,10,minecraft:stone_bricks
21,16,10,minecraft:stone_bricks
22,16,10,minecraft:stone_bricks
8,16,11,minecraft:stone_bricks
9,16,11,minecraft:stone_bricks
21,16,11,minecraft:stone_bricks
22,16,11,minecraft:stone_bricks
8,16,12,minecraft:stone_bricks
9,16,12,minecraft:stone_bricks
21,16,12,minecraft:stone_bricks
22,16,12,minecraft:stone_bricks
8,16,13,minecraft:stone_bricks
9,16,13,minecraft:stone_bricks
21,16,13,minecraft:stone_bricks
22,16,13,minecraft:stone_bricks
8,16,14,minecraft:stone_bricks
9,16,14,minecraft:stone_bricks
21,16,14,minecraft:stone_bricks
22,16,14,minecraft:stone_bricks
8,16,15,minecraft:cut_copper
9,16,15,minecraft:stone_bricks
21,16,15,minecraft:stone_bricks
22,16,15,minecraft:cut_copper
8,16,16,minecraft:stone_bricks
9,16,16,minecraft:stone_bricks
21,16,16,minecraft:stone_bricks
22,16,16,minecraft:stone_bricks
8,16,17,minecraft:stone_bricks
9,16,17,minecraft:stone_bricks
21,16,17,minecraft:stone_bricks
22,16,17,minecraft:stone_bricks
8,16,18,minecraft:stone_bricks
9,16,18,minecraft:stone_bricks
21,16,18,minecraft:stone_bricks
22,16,18,minecraft:stone_bricks
8,16,19,minecraft:stone_bricks
9,16,19,minecraft:stone_bricks
21,16,19,minecraft:stone_bricks
22,16,19,minecraft:stone_bricks
8,16,20,minecraft:stone_bricks
9,16,20,minecraft:stone_bricks
21,16,20,minecraft:stone_bricks
22,16,20,minecraft:stone_bricks
8,16,21,minecraft:stone_bricks
9,16,21,minecraft:stone_bricks
10,16,21,minecraft:stone_bricks
11,16,21,minecraft:stone_bricks
12,16,21,minecraft:stone_bricks
13,16,21,minecraft:stone_bricks
14,16,21,minecraft:stone_bricks
15,16,21,minecraft:stone_bricks
16,16,21,minecraft:stone_bricks
17,16,21,minecraft:stone_bricks
18,16,21,minecraft:stone_bricks
19,16,21,minecraft:stone_bricks
20,16,21,minecraft:stone_bricks
21,16,21,minecraft:stone_bricks
22,16,21,minecraft:stone_bricks
8,16,22,minecraft:stone_bricks
9,16,22,minecraft:stone_bricks
10,16,22,minecraft:stone_bricks
11,16,22,minecraft:stone_bricks
12,16,22,minecraft:stone_bricks
13,16,22,minecraft:stone_bricks
14,16,22,minecraft:stone_bricks
15,16,22,minecraft:cut_copper
16,16,22,minecraft:stone_bricks
17,16,22,minecraft:stone_bricks
18,16,22,minecraft:stone_bricks
19,16,22,minecraft:stone_bricks
20,16,22,minecraft:stone_bricks
21,16,22,minecraft:stone_bricks
22,16,22,minecraft:stone_bricks
8,17,8,minecraft:stone_bricks
9,17,8,minecraft:stone_bricks
10,17,8,minecraft:stone_bricks
11,17,8,minecraft:stone_bricks
12,17,8,minecraft:stone_bricks
13,17,8,minecraft:stone_bricks
14,17,8,minecraft:stone_bricks
15,17,8,minecraft:cut_copper
16,17,8,minecraft:stone_bricks
17,17,8,minecraft:stone_bricks
18,17,8,minecraft:stone_bricks
19,17,8,minecraft:stone_bricks
20,17,8,minecraft:stone_bricks
21,17,8,minecraft:stone_bricks
22,17,8,minecraft:stone_bricks
8,17,9,minecraft:stone_bricks
9,17,9,minecraft:stone_bricks
10,17,9,minecraft:stone_bricks
11,17,9,minecraft:stone_bricks
12,17,9,minecraft:stone_bricks
13,17,9,minecraft:stone_bricks
14,17,9,minecraft:stone_bricks
15,17,9,minecraft:stone_bricks
16,17,9,minecraft:stone_bricks
17,17,9,minecraft:stone_bricks
18,17,9,minecraft:stone_bricks
19,17,9,minecraft:stone_bricks
20,17,9,minecraft:stone_bricks
21,17,9,minecraft:stone_bricks
22,17,9,minecraft:stone_bricks
8,17,10,minecraft:stone_bricks
9,17,10,minecraft:stone_bricks
21,17,10,minecraft:stone_bricks
22,17,10,minecraft:stone_bricks
8,17,11,minecraft:stone_bricks
9,17,11,minecraft:stone_bricks
21,17,11,minecraft:stone_bricks
22,17,11,minecraft:stone_bricks
8,17,12,minecraft:stone_bricks
9,17,12,minecraft:stone_bricks
21,17,12,minecraft:stone_bricks
22,17,12,minecraft:stone_bricks
8,17,13,minecraft:stone_bricks
9,17,13,minecraft:stone_bricks
21,17,13,minecraft:stone_bricks
22,17,13,minecraft:stone_bricks
8,17,14,minecraft:stone_bricks
9,17,14,minecraft:stone_bricks
21,17,14,minecraft:stone_bricks
22,17,14,minecraft:stone_bricks
8,17,15,minecraft:cut_copper
9,17,15,minecraft:stone_bricks
21,17,15,minecraft:stone_bricks
22,17,15,minecraft:cut_copper
8,17,16,minecraft:stone_bricks
9,17,16,minecraft:stone_bricks
21,17,16,minecraft:stone_bricks
22,17,16,minecraft:stone_bricks
8,17,17,minecraft:stone_bricks
9,17,17,minecraft:stone_bricks
21,17,17,minecraft:stone_bricks
22,17,17,minecraft:stone_bricks
8,17,18,minecraft:stone_bricks
9,17,18,minecraft:stone_bricks
21,17,18,minecraft:stone_bricks
22,17,18,minecraft:stone_bricks
8,17,19,minecraft:stone_bricks
9,17,19,minecraft:stone_bricks
21,17,19,minecraft:stone_bricks
22,17,19,minecraft:stone_bricks
8,17,20,minecraft:stone_bricks
9,17,20,minecraft:stone_bricks
21,17,20,minecraft:stone_bricks
22,17,20,minecraft:stone_bricks
8,17,21,minecraft:stone_bricks
9,17,21,minecraft:stone_bricks
10,17,21,minecraft:stone_bricks
11,17,21,minecraft:stone_bricks
12,17,21,minecraft:stone_bricks
13,17,21,minecraft:stone_bricks
14,17,21,minecraft:stone_bricks
15,17,21,minecraft:stone_bricks
16,17,21,minecraft:stone_bricks
17,17,21,minecraft:stone_bricks
18,17,21,minecraft:stone_bricks
19,17,21,minecraft:stone_bricks
20,17,21,minecraft:stone_bricks
21,17,21,minecraft:stone_bricks
22,17,21,minecraft:stone_bricks
8,17,22,minecraft:stone_bricks
9,17,22,minecraft:stone_bricks
10,17,22,minecraft:stone_bricks
11,17,22,minecraft:stone_bricks
12,17,22,minecraft:stone_bricks
13,17,22,minecraft:stone_bricks
14,17,22,minecraft:stone_bricks
15,17,22,minecraft:cut_copper
16,17,22,minecraft:stone_bricks
17,17,22,minecraft:stone_bricks
18,17,22,minecraft:stone_bricks
19,17,22,minecraft:stone_bricks
20,17,22,minecraft:stone_bricks
21,17,22,minecraft:stone_bricks
22,17,22,minecraft:stone_bricks
9,18,9,minecraft:stone_bricks
10,18,9,minecraft:stone_bricks
11,18,9,minecraft:stone_bricks
12,18,9,minecraft:stone_bricks
13,18,9,minecraft:stone_bricks
14,18,9,minecraft:stone_bricks
15,18,9,minecraft:cut_copper
16,18,9,minecraft:stone_bricks
17,18,9,minecraft:stone_bricks
18,18,9,minecraft:stone_bricks
19,18,9,minecraft:stone_bricks
20,18,9,minecraft:stone_bricks
21,18,9,minecraft:stone_bricks
9,18,10,minecraft:stone_bricks
10,18,10,minecraft:stone_bricks
11,18,10,minecraft:stone_bricks
12,18,10,minecraft:stone_bricks
13,18,10,minecraft:stone_bricks
14,18,10,minecraft:stone_bricks
15,18,10,minecraft:stone_bricks
16,18,10,minecraft:stone_bricks
17,18,10,minecraft:stone_bricks
18,18,10,minecraft:stone_bricks
19,18,10,minecraft:stone_bricks
20,18,10,minecraft:stone_bricks
21,18,10,minecraft:stone_bricks
9,18,11,minecraft:stone_bricks
10,18,11,minecraft:stone_bricks
20,18,11,minecraft:stone_bricks
21,18,11,minecraft:stone_bricks
9,18,12,minecraft:stone_bricks
10,18,12,minecraft:stone_bricks
20,18,12,minecraft:stone_bricks
21,18,12,minecraft:stone_bricks
9,18,13,minecraft:stone_bricks
10,18,13,minecraft:stone_bricks
20,18,13,minecraft:stone_bricks
21,18,13,minecraft:stone_bricks
9,18,14,minecraft:stone_bricks
10,18,14,minecraft:stone_bricks
20,18,14,minecraft:stone_bricks
21,18,14,minecraft:stone_bricks
9,18,15,minecraft:cut_copper
10,18,15,minecraft:stone_bricks
20,18,15,minecraft:stone_bricks
21,18,15,minecraft:cut_copper
9,18,16,minecraft:stone_bricks
10,18,16,minecraft:stone_bricks
20,18,16,minecraft:stone_bricks
21,18,16,minecraft:stone_bricks
9,18,17,minecraft:stone_bricks
10,18,17,minecraft:stone_bricks
20,18,17,minecraft:stone_bricks
21,18,17,minecraft:stone_bricks
9,18,18,minecraft:stone_bricks
10,18,18,minecraft:stone_bricks
20,18,18,minecraft:stone_bricks
21,18,18,minecraft:stone_bricks
9,18,19,minecraft:stone_bricks
10,18,19,minecraft:stone_bricks
20,18,19,minecraft:stone_bricks
21,18,19,minecraft:stone_bricks
9,18,20,minecraft:stone_bricks
10,18,20,minecraft:stone_bricks
11,18,20,minecraft:stone_bricks
12,18,20,minecraft:stone_bricks
13,18,20,minecraft:stone_bricks
14,18,20,minecraft:stone_bricks
15,18,20,minecraft:stone_bricks
16,18,20,minecraft:stone_bricks
17,18,20,minecraft:stone_bricks
18,18,20,minecraft:stone_bricks
19,18,20,minecraft:stone_bricks
20,18,20,minecraft:stone_bricks
21,18,20,minecraft:stone_bricks
9,18,21,minecraft:stone_bricks
10,18,21,minecraft:stone_bricks
11,18,21,minecraft:stone_bricks
12,18,21,minecraft:stone_bricks
13,18,21,minecraft:stone_bricks
14,18,21,minecraft:stone_bricks
15,18,21,minecraft:cut_copper
16,18,21,minecraft:stone_bricks
17,18,21,minecraft:stone_bricks
18,18,21,minecraft:stone_bricks
19,18,21,minecraft:stone_bricks
20,18,21,minecraft:stone_bricks
21,18,21,minecraft:stone_bricks
9,19,9,minecraft:stone_bricks
10,19,9,minecraft:stone_bricks
11,19,9,minecraft:stone_bricks
12,19,9,minecraft:stone_bricks
13,19,9,minecraft:stone_bricks
14,19,9,minecraft:stone_bricks
15,19,9,minecraft:cut_copper
16,19,9,minecraft:stone_bricks
17,19,9,minecraft:stone_bricks
18,19,9,minecraft:stone_bricks
19,19,9,minecraft:stone_bricks
20,19,9,minecraft:stone_bricks
21,19,9,minecraft:stone_bricks
9,19,10,minecraft:stone_bricks
10,19,10,minecraft:stone_bricks
11,19,10,minecraft:stone_bricks
12,19,10,minecraft:stone_bricks
13,19,10,minecraft:stone_bricks
14,19,10,minecraft:stone_bricks
15,19,10,minecraft:stone_bricks
16,19,10,minecraft:stone_bricks
17,19,10,minecraft:stone_bricks
18,19,10,minecraft:stone_bricks
19,19,10,minecraft:stone_bricks
20,19,10,minecraft:stone_bricks
21,19,10,minecraft:stone_bricks
9,19,11,minecraft:stone_bricks
10,19,11,minecraft:stone_bricks
20,19,11,minecraft:stone_bricks
21,19,11,minecraft:stone_bricks
9,19,12,minecraft:stone_bricks
10,19,12,minecraft:stone_bricks
20,19,12,minecraft:stone_bricks
21,19,12,minecraft:stone_bricks
9,19,13,minecraft:stone_bricks
10,19,13,minecraft:stone_bricks
20,19,13,minecraft:stone_bricks
21,19,13,minecraft:stone_bricks
9,19,14,minecraft:stone_bricks
10,19,14,minecraft:stone_bricks
20,19,14,minecraft:stone_bricks
21,19,14,minecraft:stone_bricks
9,19,15,minecraft:cut_copper
10,19,15,minecraft:stone_bricks
20,19,15,minecraft:stone_bricks
21,19,15,minecraft:cut_copper
9,19,16,minecraft:stone_bricks
10,19,16,minecraft:stone_bricks
20,19,16,minecraft:stone_bricks
21,19,16,minecraft:stone_bricks
9,19,17,minecraft:stone_bricks
10,19,17,minecraft:stone_bricks
20,19,17,minecraft:stone_bricks
21,19,17,minecraft:stone_bricks
9,19,18,minecraft:stone_bricks
10,19,18,minecraft:stone_bricks
20,19,18,minecraft:stone_bricks
21,19,18,minecraft:stone_bricks
9,19,19,minecraft:stone_bricks
10,19,19,minecraft:stone_bricks
20,19,19,minecraft:stone_bricks
21,19,19,minecraft:stone_bricks
9,19,20,minecraft:stone_bricks
10,19,20,minecraft:stone_bricks
11,19,20,minecraft:stone_bricks
12,19,20,minecraft:stone_bricks
13,19,20,minecraft:stone_bricks
14,19,20,minecraft:stone_bricks
15,19,20,minecraft:stone_bricks
16,19,20,minecraft:stone_bricks
17,19,20,minecraft:stone_bricks
18,19,20,minecraft:stone_bricks
19,19,20,minecraft:stone_bricks
20,19,20,minecraft:stone_bricks
21,19,20,minecraft:stone_bricks
9,19,21,minecraft:stone_bricks
10,19,21,minecraft:stone_bricks
11,19,21,minecraft:stone_bricks
12,19,21,minecraft:stone_bricks
13,19,21,minecraft:stone_bricks
14,19,21,minecraft:stone_bricks
15,19,21,minecraft:cut_copper
16,19,21,minecraft:stone_bricks
17,19,21,minecraft:stone_bricks
18,19,21,minecraft:stone_bricks
19,19,21,minecraft:stone_bricks
20,19,21,minecraft:stone_bricks
21,19,21,minecraft:stone_bricks
10,20,10,minecraft:stone_bricks
11,20,10,minecraft:stone_bricks
12,20,10,minecraft:stone_bricks
13,20,10,minecraft:stone_bricks
14,20,10,minecraft:stone_bricks
15,20,10,minecraft:cut_copper
16,20,10,minecraft:stone_bricks
17,20,10,minecraft:stone_bricks
18,20,10,minecraft:stone_bricks
19,20,10,minecraft:stone_bricks
20,20,10,minecraft:stone_bricks
10,20,11,minecraft:stone_bricks
11,20,11,minecraft:stone_bricks
12,20,11,minecraft:stone_bricks
13,20,11,minecraft:stone_bricks
14,20,11,minecraft:stone_bricks
15,20,11,minecraft:stone_bricks
16,20,11,minecraft:stone_bricks
17,20,11,minecraft:stone_bricks
18,20,11,minecraft:stone_bricks
19,20,11,minecraft:stone_bricks
20,20,11,minecraft:stone_bricks
10,20,12,minecraft:stone_bricks
11,20,12,minecraft:stone_bricks
19,20,12,minecraft:stone_bricks
20,20,12,minecraft:stone_bricks
10,20,13,minecraft:stone_bricks
11,20,13,minecraft:stone_bricks
19,20,13,minecraft:stone_bricks
20,20,13,minecraft:stone_bricks
10,20,14,minecraft:stone_bricks
11,20,14,minecraft:stone_bricks
19,20,14,minecraft:stone_bricks
20,20,14,minecraft:stone_bricks
10,20,15,minecraft:cut_copper
11,20,15,minecraft:stone_bricks
19,20,15,minecraft:stone_bricks
20,20,15,minecraft:cut_copper
10,20,16,minecraft:stone_bricks
11,20,16,minecraft:stone_bricks
19,20,16,minecraft:stone_bricks
20,20,16,minecraft:stone_bricks
10,20,17,minecraft:stone_bricks
11,20,17,minecraft:stone_bricks
19,20,17,minecraft:stone_bricks
20,20,17,minecraft:stone_bricks
10,20,18,minecraft:stone_bricks
11,20,18,minecraft:stone_bricks
19,20,18,minecraft:stone_bricks
20,20,18,minecraft:stone_bricks
10,20,19,minecraft:stone_bricks
11,20,19,minecraft:stone_bricks
12,20,19,minecraft:stone_bricks
13,20,19,minecraft:stone_bricks
14,20,19,minecraft:stone_bricks
15,20,19,minecraft:stone_bricks
16,20,19,minecraft:stone_bricks
17,20,19,minecraft:stone_bricks
18,20,19,minecraft:stone_bricks
19,20,19,minecraft:stone_bricks
20,20,19,minecraft:stone_bricks
10,20,20,minecraft:stone_bricks
11,20,20,minecraft:stone_bricks
12,20,20,minecraft:stone_bricks
13,20,20,minecraft:stone_bricks
14,20,20,minecraft:stone_bricks
15,20,20,minecraft:cut_copper
16,20,20,minecraft:stone_bricks
17,20,20,minecraft:stone_bricks
18,20,20,minecraft:stone_bricks
19,20,20,minecraft:stone_bricks
20,20,20,minecraft:stone_bricks
10,21,10,minecraft:stone_bricks
11,21,10,minecraft:stone_bricks
12,21,10,minecraft:stone_bricks
13,21,10,minecraft:stone_bricks
14,21,10,minecraft:stone_bricks
15,21,10,minecraft:cut_copper
16,21,10,minecraft:stone_bricks
17,21,10,minecraft:stone_bricks
18,21,10,minecraft:stone_bricks
19,21,10,minecraft:stone_bricks
20,21,10,minecraft:stone_bricks
10,21,11,minecraft:stone_bricks
11,21,11,minecraft:stone_bricks
12,21,11,minecraft:stone_bricks
13,21,11,minecraft:stone_bricks
14,21,11,minecraft:stone_bricks
15,21,11,minecraft:stone_bricks
16,21,11,minecraft:stone_bricks
17,21,11,minecraft:stone_bricks
18,21,11,minecraft:stone_bricks
19,21,11,minecraft:stone_bricks
20,21,11,minecraft:stone_bricks
10,21,12,minecraft:stone_bricks
11,21,12,minecraft:stone_bricks
19,21,12,minecraft:stone_bricks
20,21,12,minecraft:stone_bricks
10,21,13,minecraft:stone_bricks
11,21,13,minecraft:stone_bricks
19,21,13,minecraft:stone_bricks
20,21,13,minecraft:stone_bricks
10,21,14,minecraft:stone_bricks
11,21,14,minecraft:stone_bricks
19,21,14,minecraft:stone_bricks
20,21,14,minecraft:stone_bricks
10,21,15,minecraft:cut_copper
11,21,15,minecraft:stone_bricks
19,21,15,minecraft:stone_bricks
20,21,15,minecraft:cut_copper
10,21,16,minecraft:stone_bricks
11,21,16,minecraft:stone_bricks
19,21,16,minecraft:stone_bricks
20,21,16,minecraft:stone_bricks
10,21,17,minecraft:stone_bricks
11,21,17,minecraft:stone_bricks
19,21,17,minecraft:stone_bricks
20,21,17,minecraft:stone_bricks
10,21,18,minecraft:stone_bricks
11,21,18,minecraft:stone_bricks
19,21,18,minecraft:stone_bricks
20,21,18,minecraft:stone_bricks
10,21,19,minecraft:stone_bricks
11,21,19,minecraft:stone_bricks
12,21,19,minecraft:stone_bricks
13,21,19,minecraft:stone_bricks
14,21,19,minecraft:stone_bricks
15,21,19,minecraft:stone_bricks
16,21,19,minecraft:stone_bricks
17,21,19,minecraft:stone_bricks
18,21,19,minecraft:stone_bricks
19,21,19,minecraft:stone_bricks
20,21,19,minecraft:stone_bricks
10,21,20,minecraft:stone_bricks
11,21,20,minecraft:stone_bricks
12,21,20,minecraft:stone_bricks
13,21,20,minecraft:stone_bricks
14,21,20,minecraft:stone_bricks
15,21,20,minecraft:cut_copper
16,21,20,minecraft:stone_bricks
17,21,20,minecraft:stone_bricks
18,21,20,minecraft:stone_bricks
19,21,20,minecraft:stone_bricks
20,21,20,minecraft:stone_bricks
11,22,11,minecraft:stone_bricks
12,22,11,minecraft:stone_bricks
13,22,11,minecraft:stone_bricks
14,22,11,minecraft:stone_bricks
15,22,11,minecraft:cut_copper
16,22,11,minecraft:stone_bricks
17,22,11,minecraft:stone_bricks
18,22,11,minecraft:stone_bricks
19,22,11,minecraft:stone_bricks
11,22,12,minecraft:stone_bricks
12,22,12,minecraft:stone_bricks
13,22,12,minecraft:stone_bricks
14,22,12,minecraft:stone_bricks
15,22,12,minecraft:stone_bricks
16,22,12,minecraft:stone_bricks
17,22,12,minecraft:stone_bricks
18,22,12,minecraft:stone_bricks
19,22,12,minecraft:stone_bricks
11,22,13,minecraft:stone_bricks
12,22,13,minecraft:stone_bricks
18,22,13,minecraft:stone_bricks
19,22,13,minecraft:stone_bricks
11,22,14,minecraft:stone_bricks
12,22,14,minecraft:stone_bricks
18,22,14,minecraft:stone_bricks
19,22,14,minecraft:stone_bricks
11,22,15,minecraft:cut_copper
12,22,15,minecraft:stone_bricks
18,22,15,minecraft:stone_bricks
19,22,15,minecraft:cut_copper
11,22,16,minecraft:stone_bricks
12,22,16,minecraft:stone_bricks
18,22,16,minecraft:stone_bricks
19,22,16,minecraft:stone_bricks
11,22,17,minecraft:stone_bricks
12,22,17,minecraft:stone_bricks
18,22,17,minecraft:stone_bricks
19,22,17,minecraft:stone_bricks
11,22,18,minecraft:stone_bricks
12,22,18,minecraft:stone_bricks
13,22,18,minecraft:stone_bricks
14,22,18,minecraft:stone_bricks
15,22,18,minecraft:stone_bricks
16,22,18,minecraft:stone_bricks
17,22,18,minecraft:stone_bricks
18,22,18,minecraft:stone_bricks
19,22,18,minecraft:stone_bricks
11,22,19,minecraft:stone_bricks
12,22,19,minecraft:stone_bricks
13,22,19,minecraft:stone_bricks
14,22,19,minecraft:stone_bricks
15,22,19,minecraft:cut_copper
16,22,19,minecraft:stone_bricks
17,22,19,minecraft:stone_bricks
18,22,19,minecraft:stone_bricks
19,22,19,minecraft:stone_bricks
12,23,12,minecraft:stone_bricks
13,23,12,minecraft:stone_bricks
14,23,12,minecraft:stone_bricks
15,23,12,minecraft:cut_copper
16,23,12,minecraft:stone_bricks
17,23,12,minecraft:stone_bricks
18,23,12,minecraft:stone_bricks
12,23,13,minecraft:stone_bricks
13,23,13,minecraft:stone_bricks
14,23,13,minecraft:stone_bricks
15,23,13,minecraft:stone_bricks
16,23,13,minecraft:stone_bricks
17,23,13,minecraft:stone_bricks
18,23,13,minecraft:stone_bricks
12,23,14,minecraft:stone_bricks
13,23,14,minecraft:stone_bricks
17,23,14,minecraft:stone_bricks
18,23,14,minecraft:stone_bricks
12,23,15,minecraft:cut_copper
13,23,15,minecraft:stone_bricks
17,23,15,minecraft:stone_bricks
18,23,15,minecraft:cut_copper
12,23,16,minecraft:stone_bricks
13,23,16,minecraft:stone_bricks
17,23,16,minecraft:stone_bricks
18,23,16,minecraft:stone_bricks
12,23,17,minecraft:stone_bricks
13,23,17,minecraft:stone_bricks
14,23,17,minecraft:stone_bricks
15,23,17,minecraft:stone_bricks
16,23,17,minecraft:stone_bricks
17,23,17,minecraft:stone_bricks
18,23,17,minecraft:stone_bricks
12,23,18,minecraft:stone_bricks
13,23,18,minecraft:stone_bricks
14,23,18,minecraft:stone_bricks
15,23,18,minecraft:cut_copper
16,23,18,minecraft:stone_bricks
17,23,18,minecraft:stone_bricks
18,23,18,minecraft:stone_bricks
12,24,12,minecraft:oxidized_cut_copper
13,24,12,minecraft:oxidized_cut_copper
14,24,12,minecraft:oxidized_cut_copper
15,24,12,minecraft:oxidized_cut_copper
16,24,12,minecraft:oxidized_cut_copper
17,24,12,minecraft:oxidized_cut_copper
18,24,12,minecraft:oxidized_cut_copper
12,24,13,minecraft:oxidized_cut_copper
13,24,13,minecraft:copper_grate
14,24,13,minecraft:copper_grate
15,24,13,minecraft:copper_grate
16,24,13,minecraft:copper_grate
17,24,13,minecraft:copper_grate
18,24,13,minecraft:oxidized_cut_copper
12,24,14,minecraft:oxidized_cut_copper
13,24,14,minecraft:copper_grate
14,24,14,minecraft:copper_grate
15,24,14,minecraft:copper_grate
16,24,14,minecraft:copper_grate
17,24,14,minecraft:copper_grate
18,24,14,minecraft:oxidized_cut_copper
12,24,15,minecraft:oxidized_cut_copper
13,24,15,minecraft:copper_grate
14,24,15,minecraft:copper_grate
15,24,15,minecraft:sea_lantern
16,24,15,minecraft:copper_grate
17,24,15,minecraft:copper_grate
18,24,15,minecraft:oxidized_cut_copper
12,24,16,minecraft:oxidized_cut_copper
13,24,16,minecraft:copper_grate
14,24,16,minecraft:copper_grate
15,24,16,minecraft:copper_grate
16,24,16,minecraft:copper_grate
17,24,16,minecraft:copper_grate
18,24,16,minecraft:oxidized_cut_copper
12,24,17,minecraft:oxidized_cut_copper
13,24,17,minecraft:copper_grate
14,24,17,minecraft:copper_grate
15,24,17,minecraft:copper_grate
16,24,17,minecraft:copper_grate
17,24,17,minecraft:copper_grate
18,24,17,minecraft:oxidized_cut_copper
12,24,18,minecraft:oxidized_cut_copper
13,24,18,minecraft:oxidized_cut_copper
14,24,18,minecraft:oxidized_cut_copper
15,24,18,minecraft:oxidized_cut_copper
16,24,18,minecraft:oxidized_cut_copper
17,24,18,minecraft:oxidized_cut_copper
18,24,18,minecraft:oxidized_cut_copper
13,25,13,minecraft:quartz_pillar[axis=y]
17,25,13,minecraft:quartz_pillar[axis=y]
13,25,17,minecraft:quartz_pillar[axis=y]
17,25,17,minecraft:quartz_pillar[axis=y]
13,26,13,minecraft:quartz_pillar[axis=y]
17,26,13,minecraft:quartz_pillar[axis=y]
13,26,17,minecraft:quartz_pillar[axis=y]
17,26,17,minecraft:quartz_pillar[axis=y]
13,27,13,minecraft:quartz_pillar[axis=y]
17,27,13,minecraft:quartz_pillar[axis=y]
13,27,17,minecraft:quartz_pillar[axis=y]
17,27,17,minecraft:quartz_pillar[axis=y]
13,28,13,minecraft:quartz_pillar[axis=y]
17,28,13,minecraft:quartz_pillar[axis=y]
13,28,17,minecraft:quartz_pillar[axis=y]
17,28,17,minecraft:quartz_pillar[axis=y]
13,29,13,minecraft:quartz_pillar[axis=y]
17,29,13,minecraft:quartz_pillar[axis=y]
13,29,17,minecraft:quartz_pillar[axis=y]
17,29,17,minecraft:quartz_pillar[axis=y]
14,30,12,minecraft:oxidized_cut_copper
15,30,12,minecraft:oxidized_cut_copper
16,30,12,minecraft:oxidized_cut_copper
13,30,13,minecraft:oxidized_cut_copper
17,30,13,minecraft:oxidized_cut_copper
12,30,14,minecraft:oxidized_cut_copper
18,30,14,minecraft:oxidized_cut_copper
12,30,15,minecraft:oxidized_cut_copper
18,30,15,minecraft:oxidized_cut_copper
12,30,16,minecraft:oxidized_cut_copper
18,30,16,minecraft:oxidized_cut_copper
13,30,17,minecraft:oxidized_cut_copper
17,30,17,minecraft:oxidized_cut_copper
14,30,18,minecraft:oxidized_cut_copper
15,30,18,minecraft:oxidized_cut_copper
16,30,18,minecraft:oxidized_cut_copper
